ISO-10303-21;
HEADER;
/* Generated by software containing ST-Developer
 * from STEP Tools, Inc. (www.steptools.com) 
 */
/* OPTION: using custom renumber hook */

FILE_DESCRIPTION(
/* description */ ('STEP AP242',
'CAx-IF Rec.Pracs.---Representation and Presentation of Product Manufa
cturing Information (PMI)---4.0---2014-10-13',
'CAx-IF Rec.Pracs.---3D Tessellated Geometry---0.4---2014-09-14','2;1'),

/* implementation_level */ '2;1');

FILE_NAME(
/* name */ '6885b947602d2243efeffc98',
/* time_stamp */ '2025-07-27T05:29:44Z',
/* author */ (''),
/* organization */ (''),
/* preprocessor_version */ 'ST-DEVELOPER v20',
/* originating_system */ 'ONSHAPE BY PTC INC, 1.201',
/* authorisation */ '  ');

FILE_SCHEMA (('AP242_MANAGED_MODEL_BASED_3D_ENGINEERING_MIM_LF { 1 0 10303 442 1 1 4 }'));
ENDSEC;

DATA;
#10=ELLIPSE('',#10952,0.00212132034355965,0.0015);
#11=ELLIPSE('',#10953,0.00212132034355965,0.0015);
#12=ELLIPSE('',#10967,0.00863815572471541,0.0015);
#13=ELLIPSE('',#10969,0.00863815572471545,0.0015);
#14=ELLIPSE('',#11031,0.00863815572471541,0.0015);
#15=ELLIPSE('',#11033,0.00212132034355965,0.0015);
#16=ELLIPSE('',#11036,0.00863815572471545,0.0015);
#17=ELLIPSE('',#11038,0.00212132034355965,0.0015);
#18=SHAPE_REPRESENTATION_RELATIONSHIP('','',#10587,#22);
#19=SHAPE_REPRESENTATION_RELATIONSHIP('','',#10588,#23);
#20=SHAPE_REPRESENTATION_RELATIONSHIP('','',#10589,#24);
#21=SHAPE_REPRESENTATION_RELATIONSHIP('','',#10590,#25);
#22=ADVANCED_BREP_SHAPE_REPRESENTATION('',(#10579),#17244);
#23=ADVANCED_BREP_SHAPE_REPRESENTATION('',(#10580),#17245);
#24=ADVANCED_BREP_SHAPE_REPRESENTATION('',(#10581),#17246);
#25=ADVANCED_BREP_SHAPE_REPRESENTATION('',(#10582),#17247);
#26=B_SPLINE_CURVE_WITH_KNOTS('',3,(#15037,#15038,#15039,#15040),
 .UNSPECIFIED.,.F.,.F.,(4,4),(0.,0.000656013616168695),.UNSPECIFIED.);
#27=B_SPLINE_CURVE_WITH_KNOTS('',3,(#15054,#15055,#15056,#15057),
 .UNSPECIFIED.,.F.,.F.,(4,4),(0.,0.000655773423938497),.UNSPECIFIED.);
#28=B_SPLINE_CURVE_WITH_KNOTS('',3,(#15065,#15066,#15067,#15068),
 .UNSPECIFIED.,.F.,.F.,(4,4),(0.,0.00065601361616872),.UNSPECIFIED.);
#29=B_SPLINE_CURVE_WITH_KNOTS('',3,(#15073,#15074,#15075,#15076),
 .UNSPECIFIED.,.F.,.F.,(4,4),(0.,0.000655898557822339),.UNSPECIFIED.);
#30=B_SPLINE_CURVE_WITH_KNOTS('',3,(#15090,#15091,#15092,#15093),
 .UNSPECIFIED.,.F.,.F.,(4,4),(0.,0.000655898557822336),.UNSPECIFIED.);
#31=B_SPLINE_CURVE_WITH_KNOTS('',3,(#15096,#15097,#15098,#15099),
 .UNSPECIFIED.,.F.,.F.,(4,4),(0.,0.000656013616168722),.UNSPECIFIED.);
#32=B_SPLINE_CURVE_WITH_KNOTS('',3,(#16002,#16003,#16004,#16005),
 .UNSPECIFIED.,.F.,.F.,(4,4),(0.,0.00065620774442131),.UNSPECIFIED.);
#33=B_SPLINE_CURVE_WITH_KNOTS('',3,(#16009,#16010,#16011,#16012),
 .UNSPECIFIED.,.F.,.F.,(4,4),(0.,0.00065620774442127),.UNSPECIFIED.);
#34=B_SPLINE_CURVE_WITH_KNOTS('',3,(#17155,#17156,#17157,#17158),
 .UNSPECIFIED.,.F.,.F.,(4,4),(0.,0.000656013616168693),.UNSPECIFIED.);
#35=B_SPLINE_CURVE_WITH_KNOTS('',3,(#17172,#17173,#17174,#17175),
 .UNSPECIFIED.,.F.,.F.,(4,4),(0.,0.000655773423938657),.UNSPECIFIED.);
#36=TOROIDAL_SURFACE('',#10751,0.002,0.001);
#37=TOROIDAL_SURFACE('',#10761,0.002,0.001);
#38=TOROIDAL_SURFACE('',#10763,0.002,0.001);
#39=TOROIDAL_SURFACE('',#10771,0.002,0.001);
#40=TOROIDAL_SURFACE('',#10777,0.002,0.001);
#41=TOROIDAL_SURFACE('',#10788,0.002,0.001);
#42=TOROIDAL_SURFACE('',#10790,0.002,0.001);
#43=TOROIDAL_SURFACE('',#10796,0.002,0.001);
#44=TOROIDAL_SURFACE('',#10815,0.003,0.0015);
#45=TOROIDAL_SURFACE('',#10821,0.003,0.0015);
#46=TOROIDAL_SURFACE('',#10939,0.0035,0.0015);
#47=TOROIDAL_SURFACE('',#10941,0.0035,0.0015);
#48=TOROIDAL_SURFACE('',#10943,0.0035,0.0015);
#49=TOROIDAL_SURFACE('',#10945,0.0035,0.0015);
#50=TOROIDAL_SURFACE('',#10947,0.0035,0.0015);
#51=TOROIDAL_SURFACE('',#10949,0.0035,0.0015);
#52=TOROIDAL_SURFACE('',#11096,0.0035,0.0015);
#53=TOROIDAL_SURFACE('',#11097,0.0035,0.0015);
#54=TOROIDAL_SURFACE('',#11098,0.0035,0.0015);
#55=TOROIDAL_SURFACE('',#11099,0.0035,0.0015);
#56=TOROIDAL_SURFACE('',#11100,0.0035,0.0015);
#57=TOROIDAL_SURFACE('',#11101,0.0035,0.0015);
#58=TOROIDAL_SURFACE('',#11102,0.0035,0.0015);
#59=TOROIDAL_SURFACE('',#11103,0.0035,0.0015);
#60=TOROIDAL_SURFACE('',#11109,0.003,0.0015);
#61=TOROIDAL_SURFACE('',#11115,0.003,0.0015);
#62=TOROIDAL_SURFACE('',#11395,0.002,0.001);
#63=TOROIDAL_SURFACE('',#11405,0.002,0.001);
#64=SPHERICAL_SURFACE('',#10738,0.001);
#65=SPHERICAL_SURFACE('',#10749,0.001);
#66=SPHERICAL_SURFACE('',#10829,0.0015);
#67=SPHERICAL_SURFACE('',#10835,0.0015);
#68=SPHERICAL_SURFACE('',#10954,0.0015);
#69=SPHERICAL_SURFACE('',#10956,0.0015);
#70=SPHERICAL_SURFACE('',#11120,0.0015);
#71=SPHERICAL_SURFACE('',#11126,0.0015);
#72=SPHERICAL_SURFACE('',#11399,0.0015);
#73=SPHERICAL_SURFACE('',#11401,0.0015);
#74=CYLINDRICAL_SURFACE('',#10607,0.0219);
#75=CYLINDRICAL_SURFACE('',#10700,0.00104999999999998);
#76=CYLINDRICAL_SURFACE('',#10715,0.00104999999999997);
#77=CYLINDRICAL_SURFACE('',#10716,0.00105);
#78=CYLINDRICAL_SURFACE('',#10718,0.00104999999999998);
#79=CYLINDRICAL_SURFACE('',#10721,0.00104999999999998);
#80=CYLINDRICAL_SURFACE('',#10736,0.001);
#81=CYLINDRICAL_SURFACE('',#10741,0.001);
#82=CYLINDRICAL_SURFACE('',#10743,0.001);
#83=CYLINDRICAL_SURFACE('',#10745,0.001);
#84=CYLINDRICAL_SURFACE('',#10747,0.001);
#85=CYLINDRICAL_SURFACE('',#10753,0.001);
#86=CYLINDRICAL_SURFACE('',#10755,0.001);
#87=CYLINDRICAL_SURFACE('',#10757,0.001);
#88=CYLINDRICAL_SURFACE('',#10759,0.001);
#89=CYLINDRICAL_SURFACE('',#10765,0.001);
#90=CYLINDRICAL_SURFACE('',#10767,0.001);
#91=CYLINDRICAL_SURFACE('',#10769,0.001);
#92=CYLINDRICAL_SURFACE('',#10773,0.001);
#93=CYLINDRICAL_SURFACE('',#10775,0.001);
#94=CYLINDRICAL_SURFACE('',#10780,0.001);
#95=CYLINDRICAL_SURFACE('',#10782,0.001);
#96=CYLINDRICAL_SURFACE('',#10784,0.001);
#97=CYLINDRICAL_SURFACE('',#10786,0.001);
#98=CYLINDRICAL_SURFACE('',#10792,0.001);
#99=CYLINDRICAL_SURFACE('',#10794,0.001);
#100=CYLINDRICAL_SURFACE('',#10798,0.001);
#101=CYLINDRICAL_SURFACE('',#10811,0.0015);
#102=CYLINDRICAL_SURFACE('',#10813,0.0015);
#103=CYLINDRICAL_SURFACE('',#10817,0.0015);
#104=CYLINDRICAL_SURFACE('',#10819,0.0015);
#105=CYLINDRICAL_SURFACE('',#10823,0.0015);
#106=CYLINDRICAL_SURFACE('',#10824,0.0015);
#107=CYLINDRICAL_SURFACE('',#10827,0.0015);
#108=CYLINDRICAL_SURFACE('',#10831,0.0015);
#109=CYLINDRICAL_SURFACE('',#10833,0.0015);
#110=CYLINDRICAL_SURFACE('',#10837,0.0015);
#111=CYLINDRICAL_SURFACE('',#10844,0.02325);
#112=CYLINDRICAL_SURFACE('',#10864,0.00135);
#113=CYLINDRICAL_SURFACE('',#10867,0.00135);
#114=CYLINDRICAL_SURFACE('',#10870,0.00135);
#115=CYLINDRICAL_SURFACE('',#10884,0.00135);
#116=CYLINDRICAL_SURFACE('',#10886,0.00135);
#117=CYLINDRICAL_SURFACE('',#10888,0.00135);
#118=CYLINDRICAL_SURFACE('',#10890,0.00135);
#119=CYLINDRICAL_SURFACE('',#10892,0.00135);
#120=CYLINDRICAL_SURFACE('',#10894,0.00135);
#121=CYLINDRICAL_SURFACE('',#10912,0.002);
#122=CYLINDRICAL_SURFACE('',#10914,0.002);
#123=CYLINDRICAL_SURFACE('',#10916,0.002);
#124=CYLINDRICAL_SURFACE('',#10918,0.002);
#125=CYLINDRICAL_SURFACE('',#10920,0.002);
#126=CYLINDRICAL_SURFACE('',#10922,0.002);
#127=CYLINDRICAL_SURFACE('',#10924,0.00735);
#128=CYLINDRICAL_SURFACE('',#10926,0.00735);
#129=CYLINDRICAL_SURFACE('',#10928,0.0015);
#130=CYLINDRICAL_SURFACE('',#10932,0.0015);
#131=CYLINDRICAL_SURFACE('',#10936,0.0015);
#132=CYLINDRICAL_SURFACE('',#10951,0.0015);
#133=CYLINDRICAL_SURFACE('',#10959,0.0015);
#134=CYLINDRICAL_SURFACE('',#10962,0.0015);
#135=CYLINDRICAL_SURFACE('',#10965,0.0015);
#136=CYLINDRICAL_SURFACE('',#10968,0.0015);
#137=CYLINDRICAL_SURFACE('',#10971,0.0015);
#138=CYLINDRICAL_SURFACE('',#10973,0.0015);
#139=CYLINDRICAL_SURFACE('',#11029,0.0015);
#140=CYLINDRICAL_SURFACE('',#11034,0.0015);
#141=CYLINDRICAL_SURFACE('',#11039,0.0015);
#142=CYLINDRICAL_SURFACE('',#11042,0.0015);
#143=CYLINDRICAL_SURFACE('',#11050,0.00735);
#144=CYLINDRICAL_SURFACE('',#11053,0.00735);
#145=CYLINDRICAL_SURFACE('',#11056,0.002);
#146=CYLINDRICAL_SURFACE('',#11061,0.002);
#147=CYLINDRICAL_SURFACE('',#11066,0.002);
#148=CYLINDRICAL_SURFACE('',#11071,0.002);
#149=CYLINDRICAL_SURFACE('',#11076,0.002);
#150=CYLINDRICAL_SURFACE('',#11081,0.002);
#151=CYLINDRICAL_SURFACE('',#11086,0.002);
#152=CYLINDRICAL_SURFACE('',#11091,0.002);
#153=CYLINDRICAL_SURFACE('',#11104,0.0015);
#154=CYLINDRICAL_SURFACE('',#11105,0.0015);
#155=CYLINDRICAL_SURFACE('',#11107,0.0015);
#156=CYLINDRICAL_SURFACE('',#11111,0.0015);
#157=CYLINDRICAL_SURFACE('',#11113,0.0015);
#158=CYLINDRICAL_SURFACE('',#11117,0.0015);
#159=CYLINDRICAL_SURFACE('',#11118,0.0015);
#160=CYLINDRICAL_SURFACE('',#11122,0.0015);
#161=CYLINDRICAL_SURFACE('',#11124,0.0015);
#162=CYLINDRICAL_SURFACE('',#11129,0.00135);
#163=CYLINDRICAL_SURFACE('',#11132,0.00135);
#164=CYLINDRICAL_SURFACE('',#11135,0.00135);
#165=CYLINDRICAL_SURFACE('',#11138,0.00135);
#166=CYLINDRICAL_SURFACE('',#11141,0.00135);
#167=CYLINDRICAL_SURFACE('',#11144,0.00135);
#168=CYLINDRICAL_SURFACE('',#11147,0.00135);
#169=CYLINDRICAL_SURFACE('',#11150,0.00135);
#170=CYLINDRICAL_SURFACE('',#11174,0.0015);
#171=CYLINDRICAL_SURFACE('',#11177,0.001);
#172=CYLINDRICAL_SURFACE('',#11258,0.00105);
#173=CYLINDRICAL_SURFACE('',#11273,0.00105);
#174=CYLINDRICAL_SURFACE('',#11332,0.00105);
#175=CYLINDRICAL_SURFACE('',#11339,0.00104999999999998);
#176=CYLINDRICAL_SURFACE('',#11342,0.00104999999999997);
#177=CYLINDRICAL_SURFACE('',#11349,0.00104999999999997);
#178=CYLINDRICAL_SURFACE('',#11360,0.00105000000000003);
#179=CYLINDRICAL_SURFACE('',#11367,0.00105);
#180=CYLINDRICAL_SURFACE('',#11374,0.00105000000000001);
#181=CYLINDRICAL_SURFACE('',#11381,0.0015);
#182=CYLINDRICAL_SURFACE('',#11384,0.0015);
#183=CYLINDRICAL_SURFACE('',#11389,0.001);
#184=CYLINDRICAL_SURFACE('',#11392,0.001);
#185=CYLINDRICAL_SURFACE('',#11407,0.0015);
#186=CYLINDRICAL_SURFACE('',#11409,0.001);
#187=CYLINDRICAL_SURFACE('',#11417,0.0015);
#188=CYLINDRICAL_SURFACE('',#11419,0.001);
#189=CIRCLE('',#10593,0.00104999999999998);
#190=CIRCLE('',#10594,0.00104999999999997);
#191=CIRCLE('',#10595,0.00105);
#192=CIRCLE('',#10596,0.00104999999999998);
#193=CIRCLE('',#10597,0.00104999999999998);
#194=CIRCLE('',#10598,0.02325);
#195=CIRCLE('',#10599,0.0015);
#196=CIRCLE('',#10600,0.0015);
#197=CIRCLE('',#10601,0.0015);
#198=CIRCLE('',#10602,0.0015);
#199=CIRCLE('',#10603,0.02325);
#200=CIRCLE('',#10604,0.02325);
#201=CIRCLE('',#10605,0.0219);
#202=CIRCLE('',#10606,0.02325);
#203=CIRCLE('',#10608,0.0219);
#204=CIRCLE('',#10609,0.0219);
#205=CIRCLE('',#10611,0.002);
#206=CIRCLE('',#10612,0.002);
#207=CIRCLE('',#10613,0.002);
#208=CIRCLE('',#10614,0.002);
#209=CIRCLE('',#10615,0.002);
#210=CIRCLE('',#10616,0.002);
#211=CIRCLE('',#10617,0.002);
#212=CIRCLE('',#10623,0.00104999999999998);
#213=CIRCLE('',#10624,0.001);
#214=CIRCLE('',#10625,0.001);
#215=CIRCLE('',#10626,0.001);
#216=CIRCLE('',#10627,0.001);
#217=CIRCLE('',#10629,0.001);
#218=CIRCLE('',#10630,0.001);
#219=CIRCLE('',#10631,0.001);
#220=CIRCLE('',#10632,0.001);
#221=CIRCLE('',#10633,0.001);
#222=CIRCLE('',#10634,0.001);
#223=CIRCLE('',#10635,0.00104999999999997);
#224=CIRCLE('',#10636,0.00105);
#225=CIRCLE('',#10637,0.00104999999999998);
#226=CIRCLE('',#10638,0.00104999999999998);
#227=CIRCLE('',#10642,0.003);
#228=CIRCLE('',#10643,0.003);
#229=CIRCLE('',#10731,0.002);
#230=CIRCLE('',#10737,0.001);
#231=CIRCLE('',#10739,0.001);
#232=CIRCLE('',#10740,0.001);
#233=CIRCLE('',#10742,0.001);
#234=CIRCLE('',#10744,0.001);
#235=CIRCLE('',#10746,0.001);
#236=CIRCLE('',#10748,0.001);
#237=CIRCLE('',#10750,0.001);
#238=CIRCLE('',#10752,0.001);
#239=CIRCLE('',#10754,0.001);
#240=CIRCLE('',#10756,0.001);
#241=CIRCLE('',#10758,0.001);
#242=CIRCLE('',#10760,0.001);
#243=CIRCLE('',#10762,0.001);
#244=CIRCLE('',#10764,0.001);
#245=CIRCLE('',#10766,0.001);
#246=CIRCLE('',#10768,0.001);
#247=CIRCLE('',#10770,0.001);
#248=CIRCLE('',#10772,0.001);
#249=CIRCLE('',#10774,0.001);
#250=CIRCLE('',#10776,0.001);
#251=CIRCLE('',#10778,0.001);
#252=CIRCLE('',#10779,0.001);
#253=CIRCLE('',#10781,0.001);
#254=CIRCLE('',#10783,0.001);
#255=CIRCLE('',#10785,0.001);
#256=CIRCLE('',#10787,0.001);
#257=CIRCLE('',#10789,0.001);
#258=CIRCLE('',#10791,0.001);
#259=CIRCLE('',#10793,0.001);
#260=CIRCLE('',#10795,0.001);
#261=CIRCLE('',#10797,0.001);
#262=CIRCLE('',#10800,0.0015);
#263=CIRCLE('',#10801,0.0015);
#264=CIRCLE('',#10803,0.02325);
#265=CIRCLE('',#10810,0.02325);
#266=CIRCLE('',#10812,0.0015);
#267=CIRCLE('',#10814,0.0015);
#268=CIRCLE('',#10816,0.0015);
#269=CIRCLE('',#10818,0.0015);
#270=CIRCLE('',#10820,0.0015);
#271=CIRCLE('',#10822,0.0015);
#272=CIRCLE('',#10825,0.0015);
#273=CIRCLE('',#10826,0.0015);
#274=CIRCLE('',#10828,0.0015);
#275=CIRCLE('',#10830,0.0015);
#276=CIRCLE('',#10832,0.0015);
#277=CIRCLE('',#10834,0.0015);
#278=CIRCLE('',#10836,0.0015);
#279=CIRCLE('',#10838,0.0015);
#280=CIRCLE('',#10845,0.02325);
#281=CIRCLE('',#10846,0.02325);
#282=CIRCLE('',#10847,0.02325);
#283=CIRCLE('',#10848,0.02325);
#284=CIRCLE('',#10853,0.00135);
#285=CIRCLE('',#10854,0.00135);
#286=CIRCLE('',#10860,0.00135);
#287=CIRCLE('',#10863,0.00135);
#288=CIRCLE('',#10866,0.00135);
#289=CIRCLE('',#10869,0.00135);
#290=CIRCLE('',#10873,0.00135);
#291=CIRCLE('',#10875,0.00135);
#292=CIRCLE('',#10877,0.00135);
#293=CIRCLE('',#10879,0.00135);
#294=CIRCLE('',#10881,0.00135);
#295=CIRCLE('',#10883,0.00135);
#296=CIRCLE('',#10885,0.00135);
#297=CIRCLE('',#10887,0.00135);
#298=CIRCLE('',#10889,0.00135);
#299=CIRCLE('',#10891,0.00135);
#300=CIRCLE('',#10893,0.00135);
#301=CIRCLE('',#10895,0.00135);
#302=CIRCLE('',#10897,0.002);
#303=CIRCLE('',#10899,0.002);
#304=CIRCLE('',#10901,0.002);
#305=CIRCLE('',#10903,0.002);
#306=CIRCLE('',#10905,0.002);
#307=CIRCLE('',#10907,0.002);
#308=CIRCLE('',#10909,0.00735);
#309=CIRCLE('',#10911,0.00735);
#310=CIRCLE('',#10913,0.002);
#311=CIRCLE('',#10915,0.002);
#312=CIRCLE('',#10917,0.002);
#313=CIRCLE('',#10919,0.002);
#314=CIRCLE('',#10921,0.002);
#315=CIRCLE('',#10923,0.002);
#316=CIRCLE('',#10925,0.00735);
#317=CIRCLE('',#10927,0.00735);
#318=CIRCLE('',#10929,0.0015);
#319=CIRCLE('',#10930,0.0015);
#320=CIRCLE('',#10933,0.0015);
#321=CIRCLE('',#10934,0.0015);
#322=CIRCLE('',#10937,0.0015);
#323=CIRCLE('',#10938,0.0015);
#324=CIRCLE('',#10940,0.0035);
#325=CIRCLE('',#10942,0.0035);
#326=CIRCLE('',#10944,0.0035);
#327=CIRCLE('',#10946,0.0035);
#328=CIRCLE('',#10948,0.0035);
#329=CIRCLE('',#10950,0.0035);
#330=CIRCLE('',#10955,0.0015);
#331=CIRCLE('',#10957,0.0015);
#332=CIRCLE('',#10960,0.0015);
#333=CIRCLE('',#10963,0.0015);
#334=CIRCLE('',#10966,0.0015);
#335=CIRCLE('',#10970,0.0015);
#336=CIRCLE('',#10972,0.0015);
#337=CIRCLE('',#10974,0.0015);
#338=CIRCLE('',#11002,0.00735);
#339=CIRCLE('',#11003,0.00735);
#340=CIRCLE('',#11005,0.0015);
#341=CIRCLE('',#11006,0.0015);
#342=CIRCLE('',#11009,0.003);
#343=CIRCLE('',#11010,0.003);
#344=CIRCLE('',#11013,0.0015);
#345=CIRCLE('',#11015,0.0015);
#346=CIRCLE('',#11016,0.0015);
#347=CIRCLE('',#11017,0.0015);
#348=CIRCLE('',#11020,0.0035);
#349=CIRCLE('',#11021,0.0035);
#350=CIRCLE('',#11022,0.0035);
#351=CIRCLE('',#11023,0.0035);
#352=CIRCLE('',#11024,0.0035);
#353=CIRCLE('',#11025,0.0035);
#354=CIRCLE('',#11026,0.0035);
#355=CIRCLE('',#11027,0.0035);
#356=CIRCLE('',#11030,0.0015);
#357=CIRCLE('',#11032,0.0015);
#358=CIRCLE('',#11035,0.0015);
#359=CIRCLE('',#11037,0.0015);
#360=CIRCLE('',#11040,0.0015);
#361=CIRCLE('',#11041,0.0015);
#362=CIRCLE('',#11043,0.0015);
#363=CIRCLE('',#11044,0.0015);
#364=CIRCLE('',#11051,0.00735);
#365=CIRCLE('',#11054,0.00735);
#366=CIRCLE('',#11057,0.002);
#367=CIRCLE('',#11058,0.002);
#368=CIRCLE('',#11060,0.00135);
#369=CIRCLE('',#11062,0.002);
#370=CIRCLE('',#11063,0.002);
#371=CIRCLE('',#11065,0.00135);
#372=CIRCLE('',#11067,0.002);
#373=CIRCLE('',#11068,0.002);
#374=CIRCLE('',#11070,0.00135);
#375=CIRCLE('',#11072,0.002);
#376=CIRCLE('',#11073,0.002);
#377=CIRCLE('',#11075,0.00135);
#378=CIRCLE('',#11077,0.002);
#379=CIRCLE('',#11078,0.002);
#380=CIRCLE('',#11080,0.00135);
#381=CIRCLE('',#11082,0.002);
#382=CIRCLE('',#11083,0.002);
#383=CIRCLE('',#11085,0.00135);
#384=CIRCLE('',#11087,0.002);
#385=CIRCLE('',#11088,0.002);
#386=CIRCLE('',#11090,0.00135);
#387=CIRCLE('',#11092,0.002);
#388=CIRCLE('',#11093,0.002);
#389=CIRCLE('',#11095,0.00135);
#390=CIRCLE('',#11106,0.0015);
#391=CIRCLE('',#11108,0.0015);
#392=CIRCLE('',#11110,0.0015);
#393=CIRCLE('',#11112,0.0015);
#394=CIRCLE('',#11114,0.0015);
#395=CIRCLE('',#11116,0.0015);
#396=CIRCLE('',#11119,0.0015);
#397=CIRCLE('',#11121,0.0015);
#398=CIRCLE('',#11123,0.0015);
#399=CIRCLE('',#11125,0.0015);
#400=CIRCLE('',#11128,0.00135);
#401=CIRCLE('',#11131,0.00135);
#402=CIRCLE('',#11134,0.00135);
#403=CIRCLE('',#11137,0.00135);
#404=CIRCLE('',#11140,0.00135);
#405=CIRCLE('',#11143,0.00135);
#406=CIRCLE('',#11146,0.00135);
#407=CIRCLE('',#11149,0.00135);
#408=CIRCLE('',#11175,0.0015);
#409=CIRCLE('',#11176,0.0015);
#410=CIRCLE('',#11178,0.001);
#411=CIRCLE('',#11179,0.001);
#412=CIRCLE('',#11259,0.00105);
#413=CIRCLE('',#11260,0.00105);
#414=CIRCLE('',#11274,0.00105);
#415=CIRCLE('',#11275,0.00105);
#416=CIRCLE('',#11333,0.00105);
#417=CIRCLE('',#11334,0.00105);
#418=CIRCLE('',#11340,0.00104999999999998);
#419=CIRCLE('',#11341,0.00104999999999998);
#420=CIRCLE('',#11343,0.00104999999999997);
#421=CIRCLE('',#11344,0.00104999999999997);
#422=CIRCLE('',#11350,0.00104999999999997);
#423=CIRCLE('',#11351,0.00104999999999997);
#424=CIRCLE('',#11361,0.00105000000000003);
#425=CIRCLE('',#11362,0.00105000000000003);
#426=CIRCLE('',#11368,0.00105);
#427=CIRCLE('',#11369,0.00105);
#428=CIRCLE('',#11375,0.00105000000000001);
#429=CIRCLE('',#11376,0.00105000000000001);
#430=CIRCLE('',#11382,0.0015);
#431=CIRCLE('',#11383,0.0015);
#432=CIRCLE('',#11385,0.0015);
#433=CIRCLE('',#11386,0.0015);
#434=CIRCLE('',#11390,0.001);
#435=CIRCLE('',#11391,0.001);
#436=CIRCLE('',#11393,0.001);
#437=CIRCLE('',#11394,0.001);
#438=CIRCLE('',#11396,0.001);
#439=CIRCLE('',#11397,0.002);
#440=CIRCLE('',#11400,0.0015);
#441=CIRCLE('',#11402,0.0015);
#442=CIRCLE('',#11404,0.002);
#443=CIRCLE('',#11406,0.001);
#444=CIRCLE('',#11408,0.0015);
#445=CIRCLE('',#11410,0.001);
#446=CIRCLE('',#11418,0.0015);
#447=CIRCLE('',#11420,0.001);
#448=ORIENTED_EDGE('',*,*,#3300,.F.);
#449=ORIENTED_EDGE('',*,*,#3301,.F.);
#450=ORIENTED_EDGE('',*,*,#3302,.F.);
#451=ORIENTED_EDGE('',*,*,#3303,.F.);
#452=ORIENTED_EDGE('',*,*,#3304,.T.);
#453=ORIENTED_EDGE('',*,*,#3305,.F.);
#454=ORIENTED_EDGE('',*,*,#3306,.F.);
#455=ORIENTED_EDGE('',*,*,#3307,.F.);
#456=ORIENTED_EDGE('',*,*,#3308,.F.);
#457=ORIENTED_EDGE('',*,*,#3309,.F.);
#458=ORIENTED_EDGE('',*,*,#3310,.F.);
#459=ORIENTED_EDGE('',*,*,#3311,.F.);
#460=ORIENTED_EDGE('',*,*,#3312,.F.);
#461=ORIENTED_EDGE('',*,*,#3313,.F.);
#462=ORIENTED_EDGE('',*,*,#3314,.F.);
#463=ORIENTED_EDGE('',*,*,#3315,.F.);
#464=ORIENTED_EDGE('',*,*,#3316,.F.);
#465=ORIENTED_EDGE('',*,*,#3317,.F.);
#466=ORIENTED_EDGE('',*,*,#3318,.F.);
#467=ORIENTED_EDGE('',*,*,#3319,.F.);
#468=ORIENTED_EDGE('',*,*,#3320,.F.);
#469=ORIENTED_EDGE('',*,*,#3321,.F.);
#470=ORIENTED_EDGE('',*,*,#3322,.F.);
#471=ORIENTED_EDGE('',*,*,#3323,.F.);
#472=ORIENTED_EDGE('',*,*,#3324,.F.);
#473=ORIENTED_EDGE('',*,*,#3325,.F.);
#474=ORIENTED_EDGE('',*,*,#3326,.F.);
#475=ORIENTED_EDGE('',*,*,#3327,.F.);
#476=ORIENTED_EDGE('',*,*,#3328,.F.);
#477=ORIENTED_EDGE('',*,*,#3329,.F.);
#478=ORIENTED_EDGE('',*,*,#3330,.F.);
#479=ORIENTED_EDGE('',*,*,#3331,.F.);
#480=ORIENTED_EDGE('',*,*,#3332,.F.);
#481=ORIENTED_EDGE('',*,*,#3333,.F.);
#482=ORIENTED_EDGE('',*,*,#3334,.F.);
#483=ORIENTED_EDGE('',*,*,#3335,.F.);
#484=ORIENTED_EDGE('',*,*,#3336,.F.);
#485=ORIENTED_EDGE('',*,*,#3337,.F.);
#486=ORIENTED_EDGE('',*,*,#3338,.F.);
#487=ORIENTED_EDGE('',*,*,#3339,.F.);
#488=ORIENTED_EDGE('',*,*,#3340,.F.);
#489=ORIENTED_EDGE('',*,*,#3341,.F.);
#490=ORIENTED_EDGE('',*,*,#3342,.F.);
#491=ORIENTED_EDGE('',*,*,#3343,.F.);
#492=ORIENTED_EDGE('',*,*,#3344,.F.);
#493=ORIENTED_EDGE('',*,*,#3345,.F.);
#494=ORIENTED_EDGE('',*,*,#3346,.F.);
#495=ORIENTED_EDGE('',*,*,#3347,.F.);
#496=ORIENTED_EDGE('',*,*,#3348,.F.);
#497=ORIENTED_EDGE('',*,*,#3349,.F.);
#498=ORIENTED_EDGE('',*,*,#3350,.F.);
#499=ORIENTED_EDGE('',*,*,#3351,.F.);
#500=ORIENTED_EDGE('',*,*,#3352,.F.);
#501=ORIENTED_EDGE('',*,*,#3353,.T.);
#502=ORIENTED_EDGE('',*,*,#3354,.T.);
#503=ORIENTED_EDGE('',*,*,#3355,.F.);
#504=ORIENTED_EDGE('',*,*,#3356,.F.);
#505=ORIENTED_EDGE('',*,*,#3357,.F.);
#506=ORIENTED_EDGE('',*,*,#3358,.F.);
#507=ORIENTED_EDGE('',*,*,#3359,.T.);
#508=ORIENTED_EDGE('',*,*,#3360,.F.);
#509=ORIENTED_EDGE('',*,*,#3361,.F.);
#510=ORIENTED_EDGE('',*,*,#3362,.F.);
#511=ORIENTED_EDGE('',*,*,#3363,.F.);
#512=ORIENTED_EDGE('',*,*,#3364,.F.);
#513=ORIENTED_EDGE('',*,*,#3365,.F.);
#514=ORIENTED_EDGE('',*,*,#3366,.F.);
#515=ORIENTED_EDGE('',*,*,#3367,.F.);
#516=ORIENTED_EDGE('',*,*,#3368,.T.);
#517=ORIENTED_EDGE('',*,*,#3369,.F.);
#518=ORIENTED_EDGE('',*,*,#3370,.F.);
#519=ORIENTED_EDGE('',*,*,#3371,.F.);
#520=ORIENTED_EDGE('',*,*,#3372,.F.);
#521=ORIENTED_EDGE('',*,*,#3373,.F.);
#522=ORIENTED_EDGE('',*,*,#3374,.T.);
#523=ORIENTED_EDGE('',*,*,#3375,.T.);
#524=ORIENTED_EDGE('',*,*,#3376,.F.);
#525=ORIENTED_EDGE('',*,*,#3377,.T.);
#526=ORIENTED_EDGE('',*,*,#3378,.T.);
#527=ORIENTED_EDGE('',*,*,#3379,.T.);
#528=ORIENTED_EDGE('',*,*,#3380,.T.);
#529=ORIENTED_EDGE('',*,*,#3381,.T.);
#530=ORIENTED_EDGE('',*,*,#3382,.T.);
#531=ORIENTED_EDGE('',*,*,#3383,.T.);
#532=ORIENTED_EDGE('',*,*,#3384,.F.);
#533=ORIENTED_EDGE('',*,*,#3385,.T.);
#534=ORIENTED_EDGE('',*,*,#3386,.F.);
#535=ORIENTED_EDGE('',*,*,#3387,.F.);
#536=ORIENTED_EDGE('',*,*,#3388,.F.);
#537=ORIENTED_EDGE('',*,*,#3389,.T.);
#538=ORIENTED_EDGE('',*,*,#3390,.F.);
#539=ORIENTED_EDGE('',*,*,#3391,.F.);
#540=ORIENTED_EDGE('',*,*,#3392,.F.);
#541=ORIENTED_EDGE('',*,*,#3393,.T.);
#542=ORIENTED_EDGE('',*,*,#3394,.T.);
#543=ORIENTED_EDGE('',*,*,#3395,.T.);
#544=ORIENTED_EDGE('',*,*,#3396,.F.);
#545=ORIENTED_EDGE('',*,*,#3397,.T.);
#546=ORIENTED_EDGE('',*,*,#3398,.T.);
#547=ORIENTED_EDGE('',*,*,#3399,.F.);
#548=ORIENTED_EDGE('',*,*,#3400,.T.);
#549=ORIENTED_EDGE('',*,*,#3401,.T.);
#550=ORIENTED_EDGE('',*,*,#3402,.F.);
#551=ORIENTED_EDGE('',*,*,#3403,.F.);
#552=ORIENTED_EDGE('',*,*,#3404,.T.);
#553=ORIENTED_EDGE('',*,*,#3405,.T.);
#554=ORIENTED_EDGE('',*,*,#3406,.T.);
#555=ORIENTED_EDGE('',*,*,#3407,.F.);
#556=ORIENTED_EDGE('',*,*,#3408,.T.);
#557=ORIENTED_EDGE('',*,*,#3409,.T.);
#558=ORIENTED_EDGE('',*,*,#3406,.F.);
#559=ORIENTED_EDGE('',*,*,#3410,.T.);
#560=ORIENTED_EDGE('',*,*,#3411,.F.);
#561=ORIENTED_EDGE('',*,*,#3412,.F.);
#562=ORIENTED_EDGE('',*,*,#3409,.F.);
#563=ORIENTED_EDGE('',*,*,#3413,.F.);
#564=ORIENTED_EDGE('',*,*,#3414,.T.);
#565=ORIENTED_EDGE('',*,*,#3415,.F.);
#566=ORIENTED_EDGE('',*,*,#3416,.T.);
#567=ORIENTED_EDGE('',*,*,#3417,.F.);
#568=ORIENTED_EDGE('',*,*,#3418,.T.);
#569=ORIENTED_EDGE('',*,*,#3419,.T.);
#570=ORIENTED_EDGE('',*,*,#3420,.T.);
#571=ORIENTED_EDGE('',*,*,#3421,.F.);
#572=ORIENTED_EDGE('',*,*,#3422,.T.);
#573=ORIENTED_EDGE('',*,*,#3423,.F.);
#574=ORIENTED_EDGE('',*,*,#3424,.T.);
#575=ORIENTED_EDGE('',*,*,#3425,.T.);
#576=ORIENTED_EDGE('',*,*,#3426,.F.);
#577=ORIENTED_EDGE('',*,*,#3427,.T.);
#578=ORIENTED_EDGE('',*,*,#3428,.F.);
#579=ORIENTED_EDGE('',*,*,#3429,.T.);
#580=ORIENTED_EDGE('',*,*,#3430,.F.);
#581=ORIENTED_EDGE('',*,*,#3431,.T.);
#582=ORIENTED_EDGE('',*,*,#3432,.T.);
#583=ORIENTED_EDGE('',*,*,#3378,.F.);
#584=ORIENTED_EDGE('',*,*,#3433,.T.);
#585=ORIENTED_EDGE('',*,*,#3434,.T.);
#586=ORIENTED_EDGE('',*,*,#3435,.T.);
#587=ORIENTED_EDGE('',*,*,#3436,.T.);
#588=ORIENTED_EDGE('',*,*,#3437,.F.);
#589=ORIENTED_EDGE('',*,*,#3438,.T.);
#590=ORIENTED_EDGE('',*,*,#3439,.F.);
#591=ORIENTED_EDGE('',*,*,#3440,.F.);
#592=ORIENTED_EDGE('',*,*,#3441,.T.);
#593=ORIENTED_EDGE('',*,*,#3442,.F.);
#594=ORIENTED_EDGE('',*,*,#3443,.F.);
#595=ORIENTED_EDGE('',*,*,#3444,.T.);
#596=ORIENTED_EDGE('',*,*,#3437,.T.);
#597=ORIENTED_EDGE('',*,*,#3445,.T.);
#598=ORIENTED_EDGE('',*,*,#3396,.T.);
#599=ORIENTED_EDGE('',*,*,#3446,.T.);
#600=ORIENTED_EDGE('',*,*,#3447,.T.);
#601=ORIENTED_EDGE('',*,*,#3448,.T.);
#602=ORIENTED_EDGE('',*,*,#3449,.T.);
#603=ORIENTED_EDGE('',*,*,#3450,.T.);
#604=ORIENTED_EDGE('',*,*,#3451,.F.);
#605=ORIENTED_EDGE('',*,*,#3452,.T.);
#606=ORIENTED_EDGE('',*,*,#3453,.T.);
#607=ORIENTED_EDGE('',*,*,#3454,.T.);
#608=ORIENTED_EDGE('',*,*,#3455,.T.);
#609=ORIENTED_EDGE('',*,*,#3456,.F.);
#610=ORIENTED_EDGE('',*,*,#3457,.T.);
#611=ORIENTED_EDGE('',*,*,#3458,.T.);
#612=ORIENTED_EDGE('',*,*,#3459,.T.);
#613=ORIENTED_EDGE('',*,*,#3460,.T.);
#614=ORIENTED_EDGE('',*,*,#3461,.T.);
#615=ORIENTED_EDGE('',*,*,#3462,.T.);
#616=ORIENTED_EDGE('',*,*,#3463,.T.);
#617=ORIENTED_EDGE('',*,*,#3464,.F.);
#618=ORIENTED_EDGE('',*,*,#3465,.F.);
#619=ORIENTED_EDGE('',*,*,#3466,.T.);
#620=ORIENTED_EDGE('',*,*,#3467,.F.);
#621=ORIENTED_EDGE('',*,*,#3468,.T.);
#622=ORIENTED_EDGE('',*,*,#3469,.F.);
#623=ORIENTED_EDGE('',*,*,#3470,.T.);
#624=ORIENTED_EDGE('',*,*,#3471,.F.);
#625=ORIENTED_EDGE('',*,*,#3472,.T.);
#626=ORIENTED_EDGE('',*,*,#3473,.F.);
#627=ORIENTED_EDGE('',*,*,#3474,.T.);
#628=ORIENTED_EDGE('',*,*,#3475,.T.);
#629=ORIENTED_EDGE('',*,*,#3476,.T.);
#630=ORIENTED_EDGE('',*,*,#3477,.T.);
#631=ORIENTED_EDGE('',*,*,#3478,.F.);
#632=ORIENTED_EDGE('',*,*,#3479,.T.);
#633=ORIENTED_EDGE('',*,*,#3480,.T.);
#634=ORIENTED_EDGE('',*,*,#3481,.T.);
#635=ORIENTED_EDGE('',*,*,#3482,.F.);
#636=ORIENTED_EDGE('',*,*,#3483,.T.);
#637=ORIENTED_EDGE('',*,*,#3484,.T.);
#638=ORIENTED_EDGE('',*,*,#3485,.T.);
#639=ORIENTED_EDGE('',*,*,#3486,.T.);
#640=ORIENTED_EDGE('',*,*,#3487,.T.);
#641=ORIENTED_EDGE('',*,*,#3488,.T.);
#642=ORIENTED_EDGE('',*,*,#3489,.T.);
#643=ORIENTED_EDGE('',*,*,#3490,.T.);
#644=ORIENTED_EDGE('',*,*,#3491,.T.);
#645=ORIENTED_EDGE('',*,*,#3492,.T.);
#646=ORIENTED_EDGE('',*,*,#3493,.T.);
#647=ORIENTED_EDGE('',*,*,#3494,.T.);
#648=ORIENTED_EDGE('',*,*,#3495,.T.);
#649=ORIENTED_EDGE('',*,*,#3496,.T.);
#650=ORIENTED_EDGE('',*,*,#3497,.T.);
#651=ORIENTED_EDGE('',*,*,#3498,.T.);
#652=ORIENTED_EDGE('',*,*,#3499,.T.);
#653=ORIENTED_EDGE('',*,*,#3500,.T.);
#654=ORIENTED_EDGE('',*,*,#3501,.T.);
#655=ORIENTED_EDGE('',*,*,#3502,.T.);
#656=ORIENTED_EDGE('',*,*,#3503,.T.);
#657=ORIENTED_EDGE('',*,*,#3504,.T.);
#658=ORIENTED_EDGE('',*,*,#3505,.T.);
#659=ORIENTED_EDGE('',*,*,#3506,.T.);
#660=ORIENTED_EDGE('',*,*,#3507,.T.);
#661=ORIENTED_EDGE('',*,*,#3508,.T.);
#662=ORIENTED_EDGE('',*,*,#3509,.T.);
#663=ORIENTED_EDGE('',*,*,#3510,.T.);
#664=ORIENTED_EDGE('',*,*,#3511,.T.);
#665=ORIENTED_EDGE('',*,*,#3512,.T.);
#666=ORIENTED_EDGE('',*,*,#3513,.T.);
#667=ORIENTED_EDGE('',*,*,#3514,.T.);
#668=ORIENTED_EDGE('',*,*,#3515,.T.);
#669=ORIENTED_EDGE('',*,*,#3516,.T.);
#670=ORIENTED_EDGE('',*,*,#3517,.T.);
#671=ORIENTED_EDGE('',*,*,#3518,.T.);
#672=ORIENTED_EDGE('',*,*,#3519,.T.);
#673=ORIENTED_EDGE('',*,*,#3520,.T.);
#674=ORIENTED_EDGE('',*,*,#3521,.T.);
#675=ORIENTED_EDGE('',*,*,#3522,.T.);
#676=ORIENTED_EDGE('',*,*,#3523,.T.);
#677=ORIENTED_EDGE('',*,*,#3524,.T.);
#678=ORIENTED_EDGE('',*,*,#3525,.T.);
#679=ORIENTED_EDGE('',*,*,#3526,.T.);
#680=ORIENTED_EDGE('',*,*,#3527,.T.);
#681=ORIENTED_EDGE('',*,*,#3528,.T.);
#682=ORIENTED_EDGE('',*,*,#3529,.T.);
#683=ORIENTED_EDGE('',*,*,#3530,.F.);
#684=ORIENTED_EDGE('',*,*,#3531,.F.);
#685=ORIENTED_EDGE('',*,*,#3532,.T.);
#686=ORIENTED_EDGE('',*,*,#3533,.T.);
#687=ORIENTED_EDGE('',*,*,#3534,.T.);
#688=ORIENTED_EDGE('',*,*,#3535,.T.);
#689=ORIENTED_EDGE('',*,*,#3536,.F.);
#690=ORIENTED_EDGE('',*,*,#3537,.T.);
#691=ORIENTED_EDGE('',*,*,#3538,.T.);
#692=ORIENTED_EDGE('',*,*,#3539,.T.);
#693=ORIENTED_EDGE('',*,*,#3540,.T.);
#694=ORIENTED_EDGE('',*,*,#3541,.T.);
#695=ORIENTED_EDGE('',*,*,#3542,.T.);
#696=ORIENTED_EDGE('',*,*,#3543,.T.);
#697=ORIENTED_EDGE('',*,*,#3544,.T.);
#698=ORIENTED_EDGE('',*,*,#3545,.F.);
#699=ORIENTED_EDGE('',*,*,#3546,.T.);
#700=ORIENTED_EDGE('',*,*,#3547,.T.);
#701=ORIENTED_EDGE('',*,*,#3548,.T.);
#702=ORIENTED_EDGE('',*,*,#3549,.T.);
#703=ORIENTED_EDGE('',*,*,#3550,.T.);
#704=ORIENTED_EDGE('',*,*,#3551,.T.);
#705=ORIENTED_EDGE('',*,*,#3384,.T.);
#706=ORIENTED_EDGE('',*,*,#3552,.T.);
#707=ORIENTED_EDGE('',*,*,#3553,.T.);
#708=ORIENTED_EDGE('',*,*,#3554,.T.);
#709=ORIENTED_EDGE('',*,*,#3382,.F.);
#710=ORIENTED_EDGE('',*,*,#3555,.T.);
#711=ORIENTED_EDGE('',*,*,#3556,.F.);
#712=ORIENTED_EDGE('',*,*,#3557,.T.);
#713=ORIENTED_EDGE('',*,*,#3558,.T.);
#714=ORIENTED_EDGE('',*,*,#3380,.F.);
#715=ORIENTED_EDGE('',*,*,#3559,.T.);
#716=ORIENTED_EDGE('',*,*,#3560,.F.);
#717=ORIENTED_EDGE('',*,*,#3561,.T.);
#718=ORIENTED_EDGE('',*,*,#3562,.F.);
#719=ORIENTED_EDGE('',*,*,#3563,.T.);
#720=ORIENTED_EDGE('',*,*,#3394,.F.);
#721=ORIENTED_EDGE('',*,*,#3300,.T.);
#722=ORIENTED_EDGE('',*,*,#3564,.F.);
#723=ORIENTED_EDGE('',*,*,#3447,.F.);
#724=ORIENTED_EDGE('',*,*,#3565,.T.);
#725=ORIENTED_EDGE('',*,*,#3303,.T.);
#726=ORIENTED_EDGE('',*,*,#3566,.F.);
#727=ORIENTED_EDGE('',*,*,#3448,.F.);
#728=ORIENTED_EDGE('',*,*,#3564,.T.);
#729=ORIENTED_EDGE('',*,*,#3302,.T.);
#730=ORIENTED_EDGE('',*,*,#3567,.F.);
#731=ORIENTED_EDGE('',*,*,#3449,.F.);
#732=ORIENTED_EDGE('',*,*,#3566,.T.);
#733=ORIENTED_EDGE('',*,*,#3305,.T.);
#734=ORIENTED_EDGE('',*,*,#3568,.F.);
#735=ORIENTED_EDGE('',*,*,#3452,.F.);
#736=ORIENTED_EDGE('',*,*,#3569,.T.);
#737=ORIENTED_EDGE('',*,*,#3308,.T.);
#738=ORIENTED_EDGE('',*,*,#3570,.F.);
#739=ORIENTED_EDGE('',*,*,#3453,.F.);
#740=ORIENTED_EDGE('',*,*,#3568,.T.);
#741=ORIENTED_EDGE('',*,*,#3307,.T.);
#742=ORIENTED_EDGE('',*,*,#3571,.F.);
#743=ORIENTED_EDGE('',*,*,#3454,.F.);
#744=ORIENTED_EDGE('',*,*,#3570,.T.);
#745=ORIENTED_EDGE('',*,*,#3309,.T.);
#746=ORIENTED_EDGE('',*,*,#3572,.F.);
#747=ORIENTED_EDGE('',*,*,#3486,.F.);
#748=ORIENTED_EDGE('',*,*,#3573,.T.);
#749=ORIENTED_EDGE('',*,*,#3312,.T.);
#750=ORIENTED_EDGE('',*,*,#3574,.F.);
#751=ORIENTED_EDGE('',*,*,#3487,.F.);
#752=ORIENTED_EDGE('',*,*,#3572,.T.);
#753=ORIENTED_EDGE('',*,*,#3311,.T.);
#754=ORIENTED_EDGE('',*,*,#3575,.F.);
#755=ORIENTED_EDGE('',*,*,#3488,.F.);
#756=ORIENTED_EDGE('',*,*,#3574,.T.);
#757=ORIENTED_EDGE('',*,*,#3313,.T.);
#758=ORIENTED_EDGE('',*,*,#3576,.F.);
#759=ORIENTED_EDGE('',*,*,#3490,.F.);
#760=ORIENTED_EDGE('',*,*,#3577,.T.);
#761=ORIENTED_EDGE('',*,*,#3316,.T.);
#762=ORIENTED_EDGE('',*,*,#3578,.F.);
#763=ORIENTED_EDGE('',*,*,#3491,.F.);
#764=ORIENTED_EDGE('',*,*,#3576,.T.);
#765=ORIENTED_EDGE('',*,*,#3315,.T.);
#766=ORIENTED_EDGE('',*,*,#3579,.F.);
#767=ORIENTED_EDGE('',*,*,#3492,.F.);
#768=ORIENTED_EDGE('',*,*,#3578,.T.);
#769=ORIENTED_EDGE('',*,*,#3317,.T.);
#770=ORIENTED_EDGE('',*,*,#3580,.F.);
#771=ORIENTED_EDGE('',*,*,#3494,.F.);
#772=ORIENTED_EDGE('',*,*,#3581,.T.);
#773=ORIENTED_EDGE('',*,*,#3320,.T.);
#774=ORIENTED_EDGE('',*,*,#3582,.F.);
#775=ORIENTED_EDGE('',*,*,#3495,.F.);
#776=ORIENTED_EDGE('',*,*,#3580,.T.);
#777=ORIENTED_EDGE('',*,*,#3319,.T.);
#778=ORIENTED_EDGE('',*,*,#3583,.F.);
#779=ORIENTED_EDGE('',*,*,#3496,.F.);
#780=ORIENTED_EDGE('',*,*,#3582,.T.);
#781=ORIENTED_EDGE('',*,*,#3483,.F.);
#782=ORIENTED_EDGE('',*,*,#3584,.T.);
#783=ORIENTED_EDGE('',*,*,#3388,.T.);
#784=ORIENTED_EDGE('',*,*,#3585,.F.);
#785=ORIENTED_EDGE('',*,*,#3387,.T.);
#786=ORIENTED_EDGE('',*,*,#3586,.F.);
#787=ORIENTED_EDGE('',*,*,#3484,.F.);
#788=ORIENTED_EDGE('',*,*,#3585,.T.);
#789=ORIENTED_EDGE('',*,*,#3321,.T.);
#790=ORIENTED_EDGE('',*,*,#3587,.F.);
#791=ORIENTED_EDGE('',*,*,#3498,.F.);
#792=ORIENTED_EDGE('',*,*,#3588,.T.);
#793=ORIENTED_EDGE('',*,*,#3324,.T.);
#794=ORIENTED_EDGE('',*,*,#3589,.F.);
#795=ORIENTED_EDGE('',*,*,#3499,.F.);
#796=ORIENTED_EDGE('',*,*,#3587,.T.);
#797=ORIENTED_EDGE('',*,*,#3323,.T.);
#798=ORIENTED_EDGE('',*,*,#3590,.F.);
#799=ORIENTED_EDGE('',*,*,#3500,.F.);
#800=ORIENTED_EDGE('',*,*,#3589,.T.);
#801=ORIENTED_EDGE('',*,*,#3325,.T.);
#802=ORIENTED_EDGE('',*,*,#3591,.F.);
#803=ORIENTED_EDGE('',*,*,#3502,.F.);
#804=ORIENTED_EDGE('',*,*,#3592,.T.);
#805=ORIENTED_EDGE('',*,*,#3328,.T.);
#806=ORIENTED_EDGE('',*,*,#3593,.F.);
#807=ORIENTED_EDGE('',*,*,#3503,.F.);
#808=ORIENTED_EDGE('',*,*,#3591,.T.);
#809=ORIENTED_EDGE('',*,*,#3327,.T.);
#810=ORIENTED_EDGE('',*,*,#3594,.F.);
#811=ORIENTED_EDGE('',*,*,#3504,.F.);
#812=ORIENTED_EDGE('',*,*,#3593,.T.);
#813=ORIENTED_EDGE('',*,*,#3329,.T.);
#814=ORIENTED_EDGE('',*,*,#3595,.F.);
#815=ORIENTED_EDGE('',*,*,#3506,.F.);
#816=ORIENTED_EDGE('',*,*,#3596,.T.);
#817=ORIENTED_EDGE('',*,*,#3332,.T.);
#818=ORIENTED_EDGE('',*,*,#3597,.F.);
#819=ORIENTED_EDGE('',*,*,#3507,.F.);
#820=ORIENTED_EDGE('',*,*,#3595,.T.);
#821=ORIENTED_EDGE('',*,*,#3331,.T.);
#822=ORIENTED_EDGE('',*,*,#3598,.F.);
#823=ORIENTED_EDGE('',*,*,#3508,.F.);
#824=ORIENTED_EDGE('',*,*,#3597,.T.);
#825=ORIENTED_EDGE('',*,*,#3479,.F.);
#826=ORIENTED_EDGE('',*,*,#3599,.T.);
#827=ORIENTED_EDGE('',*,*,#3392,.T.);
#828=ORIENTED_EDGE('',*,*,#3600,.F.);
#829=ORIENTED_EDGE('',*,*,#3391,.T.);
#830=ORIENTED_EDGE('',*,*,#3601,.F.);
#831=ORIENTED_EDGE('',*,*,#3480,.F.);
#832=ORIENTED_EDGE('',*,*,#3600,.T.);
#833=ORIENTED_EDGE('',*,*,#3333,.T.);
#834=ORIENTED_EDGE('',*,*,#3602,.F.);
#835=ORIENTED_EDGE('',*,*,#3510,.F.);
#836=ORIENTED_EDGE('',*,*,#3603,.T.);
#837=ORIENTED_EDGE('',*,*,#3336,.T.);
#838=ORIENTED_EDGE('',*,*,#3604,.F.);
#839=ORIENTED_EDGE('',*,*,#3511,.F.);
#840=ORIENTED_EDGE('',*,*,#3602,.T.);
#841=ORIENTED_EDGE('',*,*,#3335,.T.);
#842=ORIENTED_EDGE('',*,*,#3605,.F.);
#843=ORIENTED_EDGE('',*,*,#3512,.F.);
#844=ORIENTED_EDGE('',*,*,#3604,.T.);
#845=ORIENTED_EDGE('',*,*,#3337,.T.);
#846=ORIENTED_EDGE('',*,*,#3606,.F.);
#847=ORIENTED_EDGE('',*,*,#3514,.F.);
#848=ORIENTED_EDGE('',*,*,#3607,.T.);
#849=ORIENTED_EDGE('',*,*,#3340,.T.);
#850=ORIENTED_EDGE('',*,*,#3608,.F.);
#851=ORIENTED_EDGE('',*,*,#3515,.F.);
#852=ORIENTED_EDGE('',*,*,#3606,.T.);
#853=ORIENTED_EDGE('',*,*,#3339,.T.);
#854=ORIENTED_EDGE('',*,*,#3609,.F.);
#855=ORIENTED_EDGE('',*,*,#3516,.F.);
#856=ORIENTED_EDGE('',*,*,#3608,.T.);
#857=ORIENTED_EDGE('',*,*,#3341,.T.);
#858=ORIENTED_EDGE('',*,*,#3610,.F.);
#859=ORIENTED_EDGE('',*,*,#3518,.F.);
#860=ORIENTED_EDGE('',*,*,#3611,.T.);
#861=ORIENTED_EDGE('',*,*,#3344,.T.);
#862=ORIENTED_EDGE('',*,*,#3612,.F.);
#863=ORIENTED_EDGE('',*,*,#3519,.F.);
#864=ORIENTED_EDGE('',*,*,#3610,.T.);
#865=ORIENTED_EDGE('',*,*,#3343,.T.);
#866=ORIENTED_EDGE('',*,*,#3613,.F.);
#867=ORIENTED_EDGE('',*,*,#3520,.F.);
#868=ORIENTED_EDGE('',*,*,#3612,.T.);
#869=ORIENTED_EDGE('',*,*,#3345,.T.);
#870=ORIENTED_EDGE('',*,*,#3614,.F.);
#871=ORIENTED_EDGE('',*,*,#3522,.F.);
#872=ORIENTED_EDGE('',*,*,#3615,.T.);
#873=ORIENTED_EDGE('',*,*,#3348,.T.);
#874=ORIENTED_EDGE('',*,*,#3616,.F.);
#875=ORIENTED_EDGE('',*,*,#3523,.F.);
#876=ORIENTED_EDGE('',*,*,#3614,.T.);
#877=ORIENTED_EDGE('',*,*,#3347,.T.);
#878=ORIENTED_EDGE('',*,*,#3617,.F.);
#879=ORIENTED_EDGE('',*,*,#3524,.F.);
#880=ORIENTED_EDGE('',*,*,#3616,.T.);
#881=ORIENTED_EDGE('',*,*,#3349,.T.);
#882=ORIENTED_EDGE('',*,*,#3618,.F.);
#883=ORIENTED_EDGE('',*,*,#3526,.F.);
#884=ORIENTED_EDGE('',*,*,#3619,.T.);
#885=ORIENTED_EDGE('',*,*,#3352,.T.);
#886=ORIENTED_EDGE('',*,*,#3620,.F.);
#887=ORIENTED_EDGE('',*,*,#3527,.F.);
#888=ORIENTED_EDGE('',*,*,#3618,.T.);
#889=ORIENTED_EDGE('',*,*,#3351,.T.);
#890=ORIENTED_EDGE('',*,*,#3621,.F.);
#891=ORIENTED_EDGE('',*,*,#3528,.F.);
#892=ORIENTED_EDGE('',*,*,#3620,.T.);
#893=ORIENTED_EDGE('',*,*,#3355,.T.);
#894=ORIENTED_EDGE('',*,*,#3622,.F.);
#895=ORIENTED_EDGE('',*,*,#3532,.F.);
#896=ORIENTED_EDGE('',*,*,#3623,.T.);
#897=ORIENTED_EDGE('',*,*,#3358,.T.);
#898=ORIENTED_EDGE('',*,*,#3624,.F.);
#899=ORIENTED_EDGE('',*,*,#3533,.F.);
#900=ORIENTED_EDGE('',*,*,#3622,.T.);
#901=ORIENTED_EDGE('',*,*,#3357,.T.);
#902=ORIENTED_EDGE('',*,*,#3625,.F.);
#903=ORIENTED_EDGE('',*,*,#3534,.F.);
#904=ORIENTED_EDGE('',*,*,#3624,.T.);
#905=ORIENTED_EDGE('',*,*,#3360,.T.);
#906=ORIENTED_EDGE('',*,*,#3626,.F.);
#907=ORIENTED_EDGE('',*,*,#3537,.F.);
#908=ORIENTED_EDGE('',*,*,#3627,.T.);
#909=ORIENTED_EDGE('',*,*,#3363,.T.);
#910=ORIENTED_EDGE('',*,*,#3628,.F.);
#911=ORIENTED_EDGE('',*,*,#3538,.F.);
#912=ORIENTED_EDGE('',*,*,#3626,.T.);
#913=ORIENTED_EDGE('',*,*,#3362,.T.);
#914=ORIENTED_EDGE('',*,*,#3629,.F.);
#915=ORIENTED_EDGE('',*,*,#3539,.F.);
#916=ORIENTED_EDGE('',*,*,#3628,.T.);
#917=ORIENTED_EDGE('',*,*,#3364,.T.);
#918=ORIENTED_EDGE('',*,*,#3630,.F.);
#919=ORIENTED_EDGE('',*,*,#3541,.F.);
#920=ORIENTED_EDGE('',*,*,#3631,.T.);
#921=ORIENTED_EDGE('',*,*,#3367,.T.);
#922=ORIENTED_EDGE('',*,*,#3632,.F.);
#923=ORIENTED_EDGE('',*,*,#3542,.F.);
#924=ORIENTED_EDGE('',*,*,#3630,.T.);
#925=ORIENTED_EDGE('',*,*,#3366,.T.);
#926=ORIENTED_EDGE('',*,*,#3633,.F.);
#927=ORIENTED_EDGE('',*,*,#3543,.F.);
#928=ORIENTED_EDGE('',*,*,#3632,.T.);
#929=ORIENTED_EDGE('',*,*,#3369,.T.);
#930=ORIENTED_EDGE('',*,*,#3634,.F.);
#931=ORIENTED_EDGE('',*,*,#3546,.F.);
#932=ORIENTED_EDGE('',*,*,#3635,.T.);
#933=ORIENTED_EDGE('',*,*,#3372,.T.);
#934=ORIENTED_EDGE('',*,*,#3636,.F.);
#935=ORIENTED_EDGE('',*,*,#3547,.F.);
#936=ORIENTED_EDGE('',*,*,#3634,.T.);
#937=ORIENTED_EDGE('',*,*,#3371,.T.);
#938=ORIENTED_EDGE('',*,*,#3637,.F.);
#939=ORIENTED_EDGE('',*,*,#3548,.F.);
#940=ORIENTED_EDGE('',*,*,#3636,.T.);
#941=ORIENTED_EDGE('',*,*,#3301,.T.);
#942=ORIENTED_EDGE('',*,*,#3565,.F.);
#943=ORIENTED_EDGE('',*,*,#3450,.F.);
#944=ORIENTED_EDGE('',*,*,#3567,.T.);
#945=ORIENTED_EDGE('',*,*,#3451,.T.);
#946=ORIENTED_EDGE('',*,*,#3304,.F.);
#947=ORIENTED_EDGE('',*,*,#3306,.T.);
#948=ORIENTED_EDGE('',*,*,#3569,.F.);
#949=ORIENTED_EDGE('',*,*,#3455,.F.);
#950=ORIENTED_EDGE('',*,*,#3571,.T.);
#951=ORIENTED_EDGE('',*,*,#3310,.T.);
#952=ORIENTED_EDGE('',*,*,#3573,.F.);
#953=ORIENTED_EDGE('',*,*,#3489,.F.);
#954=ORIENTED_EDGE('',*,*,#3575,.T.);
#955=ORIENTED_EDGE('',*,*,#3314,.T.);
#956=ORIENTED_EDGE('',*,*,#3577,.F.);
#957=ORIENTED_EDGE('',*,*,#3493,.F.);
#958=ORIENTED_EDGE('',*,*,#3579,.T.);
#959=ORIENTED_EDGE('',*,*,#3318,.T.);
#960=ORIENTED_EDGE('',*,*,#3581,.F.);
#961=ORIENTED_EDGE('',*,*,#3497,.F.);
#962=ORIENTED_EDGE('',*,*,#3583,.T.);
#963=ORIENTED_EDGE('',*,*,#3386,.T.);
#964=ORIENTED_EDGE('',*,*,#3638,.T.);
#965=ORIENTED_EDGE('',*,*,#3485,.F.);
#966=ORIENTED_EDGE('',*,*,#3586,.T.);
#967=ORIENTED_EDGE('',*,*,#3322,.T.);
#968=ORIENTED_EDGE('',*,*,#3588,.F.);
#969=ORIENTED_EDGE('',*,*,#3501,.F.);
#970=ORIENTED_EDGE('',*,*,#3590,.T.);
#971=ORIENTED_EDGE('',*,*,#3326,.T.);
#972=ORIENTED_EDGE('',*,*,#3592,.F.);
#973=ORIENTED_EDGE('',*,*,#3505,.F.);
#974=ORIENTED_EDGE('',*,*,#3594,.T.);
#975=ORIENTED_EDGE('',*,*,#3330,.T.);
#976=ORIENTED_EDGE('',*,*,#3596,.F.);
#977=ORIENTED_EDGE('',*,*,#3509,.F.);
#978=ORIENTED_EDGE('',*,*,#3598,.T.);
#979=ORIENTED_EDGE('',*,*,#3390,.T.);
#980=ORIENTED_EDGE('',*,*,#3639,.T.);
#981=ORIENTED_EDGE('',*,*,#3481,.F.);
#982=ORIENTED_EDGE('',*,*,#3601,.T.);
#983=ORIENTED_EDGE('',*,*,#3334,.T.);
#984=ORIENTED_EDGE('',*,*,#3603,.F.);
#985=ORIENTED_EDGE('',*,*,#3513,.F.);
#986=ORIENTED_EDGE('',*,*,#3605,.T.);
#987=ORIENTED_EDGE('',*,*,#3338,.T.);
#988=ORIENTED_EDGE('',*,*,#3607,.F.);
#989=ORIENTED_EDGE('',*,*,#3517,.F.);
#990=ORIENTED_EDGE('',*,*,#3609,.T.);
#991=ORIENTED_EDGE('',*,*,#3342,.T.);
#992=ORIENTED_EDGE('',*,*,#3611,.F.);
#993=ORIENTED_EDGE('',*,*,#3521,.F.);
#994=ORIENTED_EDGE('',*,*,#3613,.T.);
#995=ORIENTED_EDGE('',*,*,#3346,.T.);
#996=ORIENTED_EDGE('',*,*,#3615,.F.);
#997=ORIENTED_EDGE('',*,*,#3525,.F.);
#998=ORIENTED_EDGE('',*,*,#3617,.T.);
#999=ORIENTED_EDGE('',*,*,#3350,.T.);
#1000=ORIENTED_EDGE('',*,*,#3619,.F.);
#1001=ORIENTED_EDGE('',*,*,#3529,.F.);
#1002=ORIENTED_EDGE('',*,*,#3621,.T.);
#1003=ORIENTED_EDGE('',*,*,#3530,.T.);
#1004=ORIENTED_EDGE('',*,*,#3353,.F.);
#1005=ORIENTED_EDGE('',*,*,#3531,.T.);
#1006=ORIENTED_EDGE('',*,*,#3354,.F.);
#1007=ORIENTED_EDGE('',*,*,#3356,.T.);
#1008=ORIENTED_EDGE('',*,*,#3623,.F.);
#1009=ORIENTED_EDGE('',*,*,#3535,.F.);
#1010=ORIENTED_EDGE('',*,*,#3625,.T.);
#1011=ORIENTED_EDGE('',*,*,#3536,.T.);
#1012=ORIENTED_EDGE('',*,*,#3359,.F.);
#1013=ORIENTED_EDGE('',*,*,#3361,.T.);
#1014=ORIENTED_EDGE('',*,*,#3627,.F.);
#1015=ORIENTED_EDGE('',*,*,#3540,.F.);
#1016=ORIENTED_EDGE('',*,*,#3629,.T.);
#1017=ORIENTED_EDGE('',*,*,#3365,.T.);
#1018=ORIENTED_EDGE('',*,*,#3631,.F.);
#1019=ORIENTED_EDGE('',*,*,#3544,.F.);
#1020=ORIENTED_EDGE('',*,*,#3633,.T.);
#1021=ORIENTED_EDGE('',*,*,#3545,.T.);
#1022=ORIENTED_EDGE('',*,*,#3368,.F.);
#1023=ORIENTED_EDGE('',*,*,#3370,.T.);
#1024=ORIENTED_EDGE('',*,*,#3635,.F.);
#1025=ORIENTED_EDGE('',*,*,#3549,.F.);
#1026=ORIENTED_EDGE('',*,*,#3637,.T.);
#1027=ORIENTED_EDGE('',*,*,#3469,.T.);
#1028=ORIENTED_EDGE('',*,*,#3640,.T.);
#1029=ORIENTED_EDGE('',*,*,#3641,.T.);
#1030=ORIENTED_EDGE('',*,*,#3642,.T.);
#1031=ORIENTED_EDGE('',*,*,#3467,.T.);
#1032=ORIENTED_EDGE('',*,*,#3643,.T.);
#1033=ORIENTED_EDGE('',*,*,#3644,.T.);
#1034=ORIENTED_EDGE('',*,*,#3645,.T.);
#1035=ORIENTED_EDGE('',*,*,#3458,.F.);
#1036=ORIENTED_EDGE('',*,*,#3646,.T.);
#1037=ORIENTED_EDGE('',*,*,#3647,.T.);
#1038=ORIENTED_EDGE('',*,*,#3648,.T.);
#1039=ORIENTED_EDGE('',*,*,#3649,.T.);
#1040=ORIENTED_EDGE('',*,*,#3650,.T.);
#1041=ORIENTED_EDGE('',*,*,#3456,.T.);
#1042=ORIENTED_EDGE('',*,*,#3651,.T.);
#1043=ORIENTED_EDGE('',*,*,#3475,.F.);
#1044=ORIENTED_EDGE('',*,*,#3652,.T.);
#1045=ORIENTED_EDGE('',*,*,#3653,.T.);
#1046=ORIENTED_EDGE('',*,*,#3654,.T.);
#1047=ORIENTED_EDGE('',*,*,#3473,.T.);
#1048=ORIENTED_EDGE('',*,*,#3655,.T.);
#1049=ORIENTED_EDGE('',*,*,#3656,.T.);
#1050=ORIENTED_EDGE('',*,*,#3657,.T.);
#1051=ORIENTED_EDGE('',*,*,#3471,.T.);
#1052=ORIENTED_EDGE('',*,*,#3658,.T.);
#1053=ORIENTED_EDGE('',*,*,#3659,.T.);
#1054=ORIENTED_EDGE('',*,*,#3660,.T.);
#1055=ORIENTED_EDGE('',*,*,#3661,.T.);
#1056=ORIENTED_EDGE('',*,*,#3662,.T.);
#1057=ORIENTED_EDGE('',*,*,#3663,.F.);
#1058=ORIENTED_EDGE('',*,*,#3664,.T.);
#1059=ORIENTED_EDGE('',*,*,#3665,.T.);
#1060=ORIENTED_EDGE('',*,*,#3462,.F.);
#1061=ORIENTED_EDGE('',*,*,#3666,.T.);
#1062=ORIENTED_EDGE('',*,*,#3667,.T.);
#1063=ORIENTED_EDGE('',*,*,#3668,.T.);
#1064=ORIENTED_EDGE('',*,*,#3477,.F.);
#1065=ORIENTED_EDGE('',*,*,#3669,.T.);
#1066=ORIENTED_EDGE('',*,*,#3670,.T.);
#1067=ORIENTED_EDGE('',*,*,#3671,.T.);
#1068=ORIENTED_EDGE('',*,*,#3460,.F.);
#1069=ORIENTED_EDGE('',*,*,#3672,.T.);
#1070=ORIENTED_EDGE('',*,*,#3673,.F.);
#1071=ORIENTED_EDGE('',*,*,#3674,.T.);
#1072=ORIENTED_EDGE('',*,*,#3675,.T.);
#1073=ORIENTED_EDGE('',*,*,#3465,.T.);
#1074=ORIENTED_EDGE('',*,*,#3676,.F.);
#1075=ORIENTED_EDGE('',*,*,#3655,.F.);
#1076=ORIENTED_EDGE('',*,*,#3472,.F.);
#1077=ORIENTED_EDGE('',*,*,#3660,.F.);
#1078=ORIENTED_EDGE('',*,*,#3677,.F.);
#1079=ORIENTED_EDGE('',*,*,#3676,.T.);
#1080=ORIENTED_EDGE('',*,*,#3678,.F.);
#1081=ORIENTED_EDGE('',*,*,#3470,.F.);
#1082=ORIENTED_EDGE('',*,*,#3642,.F.);
#1083=ORIENTED_EDGE('',*,*,#3679,.F.);
#1084=ORIENTED_EDGE('',*,*,#3658,.F.);
#1085=ORIENTED_EDGE('',*,*,#3678,.T.);
#1086=ORIENTED_EDGE('',*,*,#3659,.F.);
#1087=ORIENTED_EDGE('',*,*,#3680,.F.);
#1088=ORIENTED_EDGE('',*,*,#3419,.F.);
#1089=ORIENTED_EDGE('',*,*,#3677,.T.);
#1090=ORIENTED_EDGE('',*,*,#3418,.F.);
#1091=ORIENTED_EDGE('',*,*,#3681,.F.);
#1092=ORIENTED_EDGE('',*,*,#3656,.F.);
#1093=ORIENTED_EDGE('',*,*,#3474,.F.);
#1094=ORIENTED_EDGE('',*,*,#3657,.F.);
#1095=ORIENTED_EDGE('',*,*,#3682,.F.);
#1096=ORIENTED_EDGE('',*,*,#3652,.F.);
#1097=ORIENTED_EDGE('',*,*,#3680,.T.);
#1098=ORIENTED_EDGE('',*,*,#3679,.T.);
#1099=ORIENTED_EDGE('',*,*,#3683,.F.);
#1100=ORIENTED_EDGE('',*,*,#3681,.T.);
#1101=ORIENTED_EDGE('',*,*,#3417,.T.);
#1102=ORIENTED_EDGE('',*,*,#3684,.F.);
#1103=ORIENTED_EDGE('',*,*,#3682,.T.);
#1104=ORIENTED_EDGE('',*,*,#3468,.F.);
#1105=ORIENTED_EDGE('',*,*,#3645,.F.);
#1106=ORIENTED_EDGE('',*,*,#3685,.F.);
#1107=ORIENTED_EDGE('',*,*,#3640,.F.);
#1108=ORIENTED_EDGE('',*,*,#3683,.T.);
#1109=ORIENTED_EDGE('',*,*,#3641,.F.);
#1110=ORIENTED_EDGE('',*,*,#3686,.F.);
#1111=ORIENTED_EDGE('',*,*,#3420,.F.);
#1112=ORIENTED_EDGE('',*,*,#3684,.T.);
#1113=ORIENTED_EDGE('',*,*,#3416,.F.);
#1114=ORIENTED_EDGE('',*,*,#3687,.F.);
#1115=ORIENTED_EDGE('',*,*,#3653,.F.);
#1116=ORIENTED_EDGE('',*,*,#3476,.F.);
#1117=ORIENTED_EDGE('',*,*,#3654,.F.);
#1118=ORIENTED_EDGE('',*,*,#3688,.F.);
#1119=ORIENTED_EDGE('',*,*,#3669,.F.);
#1120=ORIENTED_EDGE('',*,*,#3686,.T.);
#1121=ORIENTED_EDGE('',*,*,#3685,.T.);
#1122=ORIENTED_EDGE('',*,*,#3689,.F.);
#1123=ORIENTED_EDGE('',*,*,#3421,.T.);
#1124=ORIENTED_EDGE('',*,*,#3415,.T.);
#1125=ORIENTED_EDGE('',*,*,#3690,.T.);
#1126=ORIENTED_EDGE('',*,*,#3691,.F.);
#1127=ORIENTED_EDGE('',*,*,#3688,.T.);
#1128=ORIENTED_EDGE('',*,*,#3687,.T.);
#1129=ORIENTED_EDGE('',*,*,#3466,.F.);
#1130=ORIENTED_EDGE('',*,*,#3675,.F.);
#1131=ORIENTED_EDGE('',*,*,#3692,.F.);
#1132=ORIENTED_EDGE('',*,*,#3643,.F.);
#1133=ORIENTED_EDGE('',*,*,#3689,.T.);
#1134=ORIENTED_EDGE('',*,*,#3644,.F.);
#1135=ORIENTED_EDGE('',*,*,#3693,.F.);
#1136=ORIENTED_EDGE('',*,*,#3422,.F.);
#1137=ORIENTED_EDGE('',*,*,#3694,.F.);
#1138=ORIENTED_EDGE('',*,*,#3667,.F.);
#1139=ORIENTED_EDGE('',*,*,#3691,.T.);
#1140=ORIENTED_EDGE('',*,*,#3695,.T.);
#1141=ORIENTED_EDGE('',*,*,#3696,.F.);
#1142=ORIENTED_EDGE('',*,*,#3697,.T.);
#1143=ORIENTED_EDGE('',*,*,#3423,.T.);
#1144=ORIENTED_EDGE('',*,*,#3693,.T.);
#1145=ORIENTED_EDGE('',*,*,#3692,.T.);
#1146=ORIENTED_EDGE('',*,*,#3698,.F.);
#1147=ORIENTED_EDGE('',*,*,#3699,.T.);
#1148=ORIENTED_EDGE('',*,*,#3696,.T.);
#1149=ORIENTED_EDGE('',*,*,#3674,.F.);
#1150=ORIENTED_EDGE('',*,*,#3700,.F.);
#1151=ORIENTED_EDGE('',*,*,#3666,.F.);
#1152=ORIENTED_EDGE('',*,*,#3461,.F.);
#1153=ORIENTED_EDGE('',*,*,#3671,.F.);
#1154=ORIENTED_EDGE('',*,*,#3663,.T.);
#1155=ORIENTED_EDGE('',*,*,#3701,.T.);
#1156=ORIENTED_EDGE('',*,*,#3702,.F.);
#1157=ORIENTED_EDGE('',*,*,#3700,.T.);
#1158=ORIENTED_EDGE('',*,*,#3703,.F.);
#1159=ORIENTED_EDGE('',*,*,#3704,.T.);
#1160=ORIENTED_EDGE('',*,*,#3459,.F.);
#1161=ORIENTED_EDGE('',*,*,#3648,.F.);
#1162=ORIENTED_EDGE('',*,*,#3705,.F.);
#1163=ORIENTED_EDGE('',*,*,#3672,.F.);
#1164=ORIENTED_EDGE('',*,*,#3706,.F.);
#1165=ORIENTED_EDGE('',*,*,#3707,.T.);
#1166=ORIENTED_EDGE('',*,*,#3703,.T.);
#1167=ORIENTED_EDGE('',*,*,#3670,.F.);
#1168=ORIENTED_EDGE('',*,*,#3702,.T.);
#1169=ORIENTED_EDGE('',*,*,#3708,.T.);
#1170=ORIENTED_EDGE('',*,*,#3709,.F.);
#1171=ORIENTED_EDGE('',*,*,#3664,.F.);
#1172=ORIENTED_EDGE('',*,*,#3463,.F.);
#1173=ORIENTED_EDGE('',*,*,#3665,.F.);
#1174=ORIENTED_EDGE('',*,*,#3710,.F.);
#1175=ORIENTED_EDGE('',*,*,#3651,.F.);
#1176=ORIENTED_EDGE('',*,*,#3426,.T.);
#1177=ORIENTED_EDGE('',*,*,#3711,.T.);
#1178=ORIENTED_EDGE('',*,*,#3706,.T.);
#1179=ORIENTED_EDGE('',*,*,#3705,.T.);
#1180=ORIENTED_EDGE('',*,*,#3712,.F.);
#1181=ORIENTED_EDGE('',*,*,#3709,.T.);
#1182=ORIENTED_EDGE('',*,*,#3713,.T.);
#1183=ORIENTED_EDGE('',*,*,#3413,.T.);
#1184=ORIENTED_EDGE('',*,*,#3714,.F.);
#1185=ORIENTED_EDGE('',*,*,#3710,.T.);
#1186=ORIENTED_EDGE('',*,*,#3712,.T.);
#1187=ORIENTED_EDGE('',*,*,#3647,.F.);
#1188=ORIENTED_EDGE('',*,*,#3715,.F.);
#1189=ORIENTED_EDGE('',*,*,#3427,.F.);
#1190=ORIENTED_EDGE('',*,*,#3714,.T.);
#1191=ORIENTED_EDGE('',*,*,#3429,.F.);
#1192=ORIENTED_EDGE('',*,*,#3716,.F.);
#1193=ORIENTED_EDGE('',*,*,#3649,.F.);
#1194=ORIENTED_EDGE('',*,*,#3428,.T.);
#1195=ORIENTED_EDGE('',*,*,#3715,.T.);
#1196=ORIENTED_EDGE('',*,*,#3717,.F.);
#1197=ORIENTED_EDGE('',*,*,#3716,.T.);
#1198=ORIENTED_EDGE('',*,*,#3717,.T.);
#1199=ORIENTED_EDGE('',*,*,#3646,.F.);
#1200=ORIENTED_EDGE('',*,*,#3457,.F.);
#1201=ORIENTED_EDGE('',*,*,#3650,.F.);
#1202=ORIENTED_EDGE('',*,*,#3433,.F.);
#1203=ORIENTED_EDGE('',*,*,#3718,.T.);
#1204=ORIENTED_EDGE('',*,*,#3430,.T.);
#1205=ORIENTED_EDGE('',*,*,#3377,.F.);
#1206=ORIENTED_EDGE('',*,*,#3719,.F.);
#1207=ORIENTED_EDGE('',*,*,#3720,.T.);
#1208=ORIENTED_EDGE('',*,*,#3721,.F.);
#1209=ORIENTED_EDGE('',*,*,#3722,.T.);
#1210=ORIENTED_EDGE('',*,*,#3442,.T.);
#1211=ORIENTED_EDGE('',*,*,#3723,.T.);
#1212=ORIENTED_EDGE('',*,*,#3724,.F.);
#1213=ORIENTED_EDGE('',*,*,#3725,.T.);
#1214=ORIENTED_EDGE('',*,*,#3720,.F.);
#1215=ORIENTED_EDGE('',*,*,#3726,.T.);
#1216=ORIENTED_EDGE('',*,*,#3440,.T.);
#1217=ORIENTED_EDGE('',*,*,#3727,.T.);
#1218=ORIENTED_EDGE('',*,*,#3397,.F.);
#1219=ORIENTED_EDGE('',*,*,#3445,.F.);
#1220=ORIENTED_EDGE('',*,*,#3376,.T.);
#1221=ORIENTED_EDGE('',*,*,#3728,.T.);
#1222=ORIENTED_EDGE('',*,*,#3726,.F.);
#1223=ORIENTED_EDGE('',*,*,#3719,.T.);
#1224=ORIENTED_EDGE('',*,*,#3729,.F.);
#1225=ORIENTED_EDGE('',*,*,#3730,.T.);
#1226=ORIENTED_EDGE('',*,*,#3399,.T.);
#1227=ORIENTED_EDGE('',*,*,#3731,.F.);
#1228=ORIENTED_EDGE('',*,*,#3438,.F.);
#1229=ORIENTED_EDGE('',*,*,#3444,.F.);
#1230=ORIENTED_EDGE('',*,*,#3398,.F.);
#1231=ORIENTED_EDGE('',*,*,#3727,.F.);
#1232=ORIENTED_EDGE('',*,*,#3439,.T.);
#1233=ORIENTED_EDGE('',*,*,#3731,.T.);
#1234=ORIENTED_EDGE('',*,*,#3732,.F.);
#1235=ORIENTED_EDGE('',*,*,#3733,.T.);
#1236=ORIENTED_EDGE('',*,*,#3721,.T.);
#1237=ORIENTED_EDGE('',*,*,#3725,.F.);
#1238=ORIENTED_EDGE('',*,*,#3734,.F.);
#1239=ORIENTED_EDGE('',*,*,#3729,.T.);
#1240=ORIENTED_EDGE('',*,*,#3443,.T.);
#1241=ORIENTED_EDGE('',*,*,#3722,.F.);
#1242=ORIENTED_EDGE('',*,*,#3733,.F.);
#1243=ORIENTED_EDGE('',*,*,#3718,.F.);
#1244=ORIENTED_EDGE('',*,*,#3436,.F.);
#1245=ORIENTED_EDGE('',*,*,#3735,.F.);
#1246=ORIENTED_EDGE('',*,*,#3431,.F.);
#1247=ORIENTED_EDGE('',*,*,#3379,.F.);
#1248=ORIENTED_EDGE('',*,*,#3432,.F.);
#1249=ORIENTED_EDGE('',*,*,#3736,.F.);
#1250=ORIENTED_EDGE('',*,*,#3559,.F.);
#1251=ORIENTED_EDGE('',*,*,#3736,.T.);
#1252=ORIENTED_EDGE('',*,*,#3735,.T.);
#1253=ORIENTED_EDGE('',*,*,#3737,.F.);
#1254=ORIENTED_EDGE('',*,*,#3560,.T.);
#1255=ORIENTED_EDGE('',*,*,#3737,.T.);
#1256=ORIENTED_EDGE('',*,*,#3435,.F.);
#1257=ORIENTED_EDGE('',*,*,#3738,.F.);
#1258=ORIENTED_EDGE('',*,*,#3561,.F.);
#1259=ORIENTED_EDGE('',*,*,#3395,.F.);
#1260=ORIENTED_EDGE('',*,*,#3563,.F.);
#1261=ORIENTED_EDGE('',*,*,#3739,.F.);
#1262=ORIENTED_EDGE('',*,*,#3446,.F.);
#1263=ORIENTED_EDGE('',*,*,#3562,.T.);
#1264=ORIENTED_EDGE('',*,*,#3738,.T.);
#1265=ORIENTED_EDGE('',*,*,#3740,.F.);
#1266=ORIENTED_EDGE('',*,*,#3739,.T.);
#1267=ORIENTED_EDGE('',*,*,#3723,.F.);
#1268=ORIENTED_EDGE('',*,*,#3441,.F.);
#1269=ORIENTED_EDGE('',*,*,#3740,.T.);
#1270=ORIENTED_EDGE('',*,*,#3434,.F.);
#1271=ORIENTED_EDGE('',*,*,#3741,.F.);
#1272=ORIENTED_EDGE('',*,*,#3695,.F.);
#1273=ORIENTED_EDGE('',*,*,#3690,.F.);
#1274=ORIENTED_EDGE('',*,*,#3414,.F.);
#1275=ORIENTED_EDGE('',*,*,#3713,.F.);
#1276=ORIENTED_EDGE('',*,*,#3708,.F.);
#1277=ORIENTED_EDGE('',*,*,#3701,.F.);
#1278=ORIENTED_EDGE('',*,*,#3662,.F.);
#1279=ORIENTED_EDGE('',*,*,#3742,.F.);
#1280=ORIENTED_EDGE('',*,*,#3557,.F.);
#1281=ORIENTED_EDGE('',*,*,#3381,.F.);
#1282=ORIENTED_EDGE('',*,*,#3558,.F.);
#1283=ORIENTED_EDGE('',*,*,#3743,.F.);
#1284=ORIENTED_EDGE('',*,*,#3555,.F.);
#1285=ORIENTED_EDGE('',*,*,#3743,.T.);
#1286=ORIENTED_EDGE('',*,*,#3742,.T.);
#1287=ORIENTED_EDGE('',*,*,#3744,.F.);
#1288=ORIENTED_EDGE('',*,*,#3711,.F.);
#1289=ORIENTED_EDGE('',*,*,#3425,.F.);
#1290=ORIENTED_EDGE('',*,*,#3745,.F.);
#1291=ORIENTED_EDGE('',*,*,#3553,.F.);
#1292=ORIENTED_EDGE('',*,*,#3744,.T.);
#1293=ORIENTED_EDGE('',*,*,#3661,.F.);
#1294=ORIENTED_EDGE('',*,*,#3704,.F.);
#1295=ORIENTED_EDGE('',*,*,#3707,.F.);
#1296=ORIENTED_EDGE('',*,*,#3383,.F.);
#1297=ORIENTED_EDGE('',*,*,#3554,.F.);
#1298=ORIENTED_EDGE('',*,*,#3746,.F.);
#1299=ORIENTED_EDGE('',*,*,#3552,.F.);
#1300=ORIENTED_EDGE('',*,*,#3746,.T.);
#1301=ORIENTED_EDGE('',*,*,#3745,.T.);
#1302=ORIENTED_EDGE('',*,*,#3747,.F.);
#1303=ORIENTED_EDGE('',*,*,#3748,.F.);
#1304=ORIENTED_EDGE('',*,*,#3550,.F.);
#1305=ORIENTED_EDGE('',*,*,#3747,.T.);
#1306=ORIENTED_EDGE('',*,*,#3424,.F.);
#1307=ORIENTED_EDGE('',*,*,#3697,.F.);
#1308=ORIENTED_EDGE('',*,*,#3699,.F.);
#1309=ORIENTED_EDGE('',*,*,#3385,.F.);
#1310=ORIENTED_EDGE('',*,*,#3551,.F.);
#1311=ORIENTED_EDGE('',*,*,#3748,.T.);
#1312=ORIENTED_EDGE('',*,*,#3698,.T.);
#1313=ORIENTED_EDGE('',*,*,#3673,.T.);
#1314=ORIENTED_EDGE('',*,*,#3464,.T.);
#1315=ORIENTED_EDGE('',*,*,#3638,.F.);
#1316=ORIENTED_EDGE('',*,*,#3478,.T.);
#1317=ORIENTED_EDGE('',*,*,#3668,.F.);
#1318=ORIENTED_EDGE('',*,*,#3694,.T.);
#1319=ORIENTED_EDGE('',*,*,#3741,.T.);
#1320=ORIENTED_EDGE('',*,*,#3556,.T.);
#1321=ORIENTED_EDGE('',*,*,#3393,.F.);
#1322=ORIENTED_EDGE('',*,*,#3599,.F.);
#1323=ORIENTED_EDGE('',*,*,#3482,.T.);
#1324=ORIENTED_EDGE('',*,*,#3639,.F.);
#1325=ORIENTED_EDGE('',*,*,#3389,.F.);
#1326=ORIENTED_EDGE('',*,*,#3584,.F.);
#1327=ORIENTED_EDGE('',*,*,#3749,.T.);
#1328=ORIENTED_EDGE('',*,*,#3750,.T.);
#1329=ORIENTED_EDGE('',*,*,#3410,.F.);
#1330=ORIENTED_EDGE('',*,*,#3405,.F.);
#1331=ORIENTED_EDGE('',*,*,#3407,.T.);
#1332=ORIENTED_EDGE('',*,*,#3412,.T.);
#1333=ORIENTED_EDGE('',*,*,#3751,.F.);
#1334=ORIENTED_EDGE('',*,*,#3752,.F.);
#1335=ORIENTED_EDGE('',*,*,#3753,.F.);
#1336=ORIENTED_EDGE('',*,*,#3754,.T.);
#1337=ORIENTED_EDGE('',*,*,#3408,.F.);
#1338=ORIENTED_EDGE('',*,*,#3752,.T.);
#1339=ORIENTED_EDGE('',*,*,#3755,.T.);
#1340=ORIENTED_EDGE('',*,*,#3749,.F.);
#1341=ORIENTED_EDGE('',*,*,#3404,.F.);
#1342=ORIENTED_EDGE('',*,*,#3756,.T.);
#1343=ORIENTED_EDGE('',*,*,#3757,.F.);
#1344=ORIENTED_EDGE('',*,*,#3758,.F.);
#1345=ORIENTED_EDGE('',*,*,#3400,.F.);
#1346=ORIENTED_EDGE('',*,*,#3730,.F.);
#1347=ORIENTED_EDGE('',*,*,#3734,.T.);
#1348=ORIENTED_EDGE('',*,*,#3732,.T.);
#1349=ORIENTED_EDGE('',*,*,#3724,.T.);
#1350=ORIENTED_EDGE('',*,*,#3728,.F.);
#1351=ORIENTED_EDGE('',*,*,#3375,.F.);
#1352=ORIENTED_EDGE('',*,*,#3759,.F.);
#1353=ORIENTED_EDGE('',*,*,#3760,.F.);
#1354=ORIENTED_EDGE('',*,*,#3755,.F.);
#1355=ORIENTED_EDGE('',*,*,#3751,.T.);
#1356=ORIENTED_EDGE('',*,*,#3411,.T.);
#1357=ORIENTED_EDGE('',*,*,#3750,.F.);
#1358=ORIENTED_EDGE('',*,*,#3403,.T.);
#1359=ORIENTED_EDGE('',*,*,#3761,.F.);
#1360=ORIENTED_EDGE('',*,*,#3762,.F.);
#1361=ORIENTED_EDGE('',*,*,#3756,.F.);
#1362=ORIENTED_EDGE('',*,*,#3758,.T.);
#1363=ORIENTED_EDGE('',*,*,#3763,.T.);
#1364=ORIENTED_EDGE('',*,*,#3764,.T.);
#1365=ORIENTED_EDGE('',*,*,#3401,.F.);
#1366=ORIENTED_EDGE('',*,*,#3765,.T.);
#1367=ORIENTED_EDGE('',*,*,#3766,.T.);
#1368=ORIENTED_EDGE('',*,*,#3757,.T.);
#1369=ORIENTED_EDGE('',*,*,#3762,.T.);
#1370=ORIENTED_EDGE('',*,*,#3767,.T.);
#1371=ORIENTED_EDGE('',*,*,#3763,.F.);
#1372=ORIENTED_EDGE('',*,*,#3402,.T.);
#1373=ORIENTED_EDGE('',*,*,#3764,.F.);
#1374=ORIENTED_EDGE('',*,*,#3767,.F.);
#1375=ORIENTED_EDGE('',*,*,#3761,.T.);
#1376=ORIENTED_EDGE('',*,*,#3768,.F.);
#1377=ORIENTED_EDGE('',*,*,#3769,.T.);
#1378=ORIENTED_EDGE('',*,*,#3373,.T.);
#1379=ORIENTED_EDGE('',*,*,#3754,.F.);
#1380=ORIENTED_EDGE('',*,*,#3759,.T.);
#1381=ORIENTED_EDGE('',*,*,#3770,.F.);
#1382=ORIENTED_EDGE('',*,*,#3771,.T.);
#1383=ORIENTED_EDGE('',*,*,#3772,.T.);
#1384=ORIENTED_EDGE('',*,*,#3773,.T.);
#1385=ORIENTED_EDGE('',*,*,#3770,.T.);
#1386=ORIENTED_EDGE('',*,*,#3374,.F.);
#1387=ORIENTED_EDGE('',*,*,#3769,.F.);
#1388=ORIENTED_EDGE('',*,*,#3774,.T.);
#1389=ORIENTED_EDGE('',*,*,#3753,.T.);
#1390=ORIENTED_EDGE('',*,*,#3772,.F.);
#1391=ORIENTED_EDGE('',*,*,#3768,.T.);
#1392=ORIENTED_EDGE('',*,*,#3760,.T.);
#1393=ORIENTED_EDGE('',*,*,#3771,.F.);
#1394=ORIENTED_EDGE('',*,*,#3773,.F.);
#1395=ORIENTED_EDGE('',*,*,#3775,.F.);
#1396=ORIENTED_EDGE('',*,*,#3775,.T.);
#1397=ORIENTED_EDGE('',*,*,#3774,.F.);
#1398=ORIENTED_EDGE('',*,*,#3776,.F.);
#1399=ORIENTED_EDGE('',*,*,#3776,.T.);
#1400=ORIENTED_EDGE('',*,*,#3766,.F.);
#1401=ORIENTED_EDGE('',*,*,#3777,.F.);
#1402=ORIENTED_EDGE('',*,*,#3777,.T.);
#1403=ORIENTED_EDGE('',*,*,#3765,.F.);
#1404=ORIENTED_EDGE('',*,*,#3778,.F.);
#1405=ORIENTED_EDGE('',*,*,#3779,.F.);
#1406=ORIENTED_EDGE('',*,*,#3780,.F.);
#1407=ORIENTED_EDGE('',*,*,#3781,.F.);
#1408=ORIENTED_EDGE('',*,*,#3782,.F.);
#1409=ORIENTED_EDGE('',*,*,#3783,.F.);
#1410=ORIENTED_EDGE('',*,*,#3778,.T.);
#1411=ORIENTED_EDGE('',*,*,#3784,.F.);
#1412=ORIENTED_EDGE('',*,*,#3779,.T.);
#1413=ORIENTED_EDGE('',*,*,#3785,.F.);
#1414=ORIENTED_EDGE('',*,*,#3780,.T.);
#1415=ORIENTED_EDGE('',*,*,#3786,.F.);
#1416=ORIENTED_EDGE('',*,*,#3781,.T.);
#1417=ORIENTED_EDGE('',*,*,#3787,.F.);
#1418=ORIENTED_EDGE('',*,*,#3782,.T.);
#1419=ORIENTED_EDGE('',*,*,#3788,.F.);
#1420=ORIENTED_EDGE('',*,*,#3783,.T.);
#1421=ORIENTED_EDGE('',*,*,#3789,.F.);
#1422=ORIENTED_EDGE('',*,*,#3784,.T.);
#1423=ORIENTED_EDGE('',*,*,#3790,.T.);
#1424=ORIENTED_EDGE('',*,*,#3785,.T.);
#1425=ORIENTED_EDGE('',*,*,#3791,.T.);
#1426=ORIENTED_EDGE('',*,*,#3786,.T.);
#1427=ORIENTED_EDGE('',*,*,#3792,.T.);
#1428=ORIENTED_EDGE('',*,*,#3787,.T.);
#1429=ORIENTED_EDGE('',*,*,#3793,.T.);
#1430=ORIENTED_EDGE('',*,*,#3788,.T.);
#1431=ORIENTED_EDGE('',*,*,#3794,.T.);
#1432=ORIENTED_EDGE('',*,*,#3789,.T.);
#1433=ORIENTED_EDGE('',*,*,#3795,.T.);
#1434=ORIENTED_EDGE('',*,*,#3796,.T.);
#1435=ORIENTED_EDGE('',*,*,#3797,.T.);
#1436=ORIENTED_EDGE('',*,*,#3798,.T.);
#1437=ORIENTED_EDGE('',*,*,#3790,.F.);
#1438=ORIENTED_EDGE('',*,*,#3799,.T.);
#1439=ORIENTED_EDGE('',*,*,#3791,.F.);
#1440=ORIENTED_EDGE('',*,*,#3800,.T.);
#1441=ORIENTED_EDGE('',*,*,#3792,.F.);
#1442=ORIENTED_EDGE('',*,*,#3801,.T.);
#1443=ORIENTED_EDGE('',*,*,#3793,.F.);
#1444=ORIENTED_EDGE('',*,*,#3802,.T.);
#1445=ORIENTED_EDGE('',*,*,#3794,.F.);
#1446=ORIENTED_EDGE('',*,*,#3803,.T.);
#1447=ORIENTED_EDGE('',*,*,#3795,.F.);
#1448=ORIENTED_EDGE('',*,*,#3796,.F.);
#1449=ORIENTED_EDGE('',*,*,#3804,.T.);
#1450=ORIENTED_EDGE('',*,*,#3797,.F.);
#1451=ORIENTED_EDGE('',*,*,#3805,.T.);
#1452=ORIENTED_EDGE('',*,*,#3806,.T.);
#1453=ORIENTED_EDGE('',*,*,#3807,.F.);
#1454=ORIENTED_EDGE('',*,*,#3808,.F.);
#1455=ORIENTED_EDGE('',*,*,#3809,.F.);
#1456=ORIENTED_EDGE('',*,*,#3810,.T.);
#1457=ORIENTED_EDGE('',*,*,#3811,.T.);
#1458=ORIENTED_EDGE('',*,*,#3812,.F.);
#1459=ORIENTED_EDGE('',*,*,#3813,.T.);
#1460=ORIENTED_EDGE('',*,*,#3814,.F.);
#1461=ORIENTED_EDGE('',*,*,#3815,.F.);
#1462=ORIENTED_EDGE('',*,*,#3816,.F.);
#1463=ORIENTED_EDGE('',*,*,#3817,.F.);
#1464=ORIENTED_EDGE('',*,*,#3818,.F.);
#1465=ORIENTED_EDGE('',*,*,#3819,.T.);
#1466=ORIENTED_EDGE('',*,*,#3807,.T.);
#1467=ORIENTED_EDGE('',*,*,#3815,.T.);
#1468=ORIENTED_EDGE('',*,*,#3820,.F.);
#1469=ORIENTED_EDGE('',*,*,#3821,.F.);
#1470=ORIENTED_EDGE('',*,*,#3822,.T.);
#1471=ORIENTED_EDGE('',*,*,#3819,.F.);
#1472=ORIENTED_EDGE('',*,*,#3823,.F.);
#1473=ORIENTED_EDGE('',*,*,#3798,.F.);
#1474=ORIENTED_EDGE('',*,*,#3824,.F.);
#1475=ORIENTED_EDGE('',*,*,#3799,.F.);
#1476=ORIENTED_EDGE('',*,*,#3825,.F.);
#1477=ORIENTED_EDGE('',*,*,#3800,.F.);
#1478=ORIENTED_EDGE('',*,*,#3826,.F.);
#1479=ORIENTED_EDGE('',*,*,#3801,.F.);
#1480=ORIENTED_EDGE('',*,*,#3827,.F.);
#1481=ORIENTED_EDGE('',*,*,#3802,.F.);
#1482=ORIENTED_EDGE('',*,*,#3828,.F.);
#1483=ORIENTED_EDGE('',*,*,#3803,.F.);
#1484=ORIENTED_EDGE('',*,*,#3829,.F.);
#1485=ORIENTED_EDGE('',*,*,#3830,.F.);
#1486=ORIENTED_EDGE('',*,*,#3831,.F.);
#1487=ORIENTED_EDGE('',*,*,#3811,.F.);
#1488=ORIENTED_EDGE('',*,*,#3832,.T.);
#1489=ORIENTED_EDGE('',*,*,#3816,.T.);
#1490=ORIENTED_EDGE('',*,*,#3806,.F.);
#1491=ORIENTED_EDGE('',*,*,#3833,.T.);
#1492=ORIENTED_EDGE('',*,*,#3808,.T.);
#1493=ORIENTED_EDGE('',*,*,#3822,.F.);
#1494=ORIENTED_EDGE('',*,*,#3834,.F.);
#1495=ORIENTED_EDGE('',*,*,#3835,.F.);
#1496=ORIENTED_EDGE('',*,*,#3820,.T.);
#1497=ORIENTED_EDGE('',*,*,#3818,.T.);
#1498=ORIENTED_EDGE('',*,*,#3814,.T.);
#1499=ORIENTED_EDGE('',*,*,#3836,.T.);
#1500=ORIENTED_EDGE('',*,*,#3837,.F.);
#1501=ORIENTED_EDGE('',*,*,#3838,.F.);
#1502=ORIENTED_EDGE('',*,*,#3813,.F.);
#1503=ORIENTED_EDGE('',*,*,#3839,.T.);
#1504=ORIENTED_EDGE('',*,*,#3840,.F.);
#1505=ORIENTED_EDGE('',*,*,#3841,.F.);
#1506=ORIENTED_EDGE('',*,*,#3832,.F.);
#1507=ORIENTED_EDGE('',*,*,#3842,.F.);
#1508=ORIENTED_EDGE('',*,*,#3841,.T.);
#1509=ORIENTED_EDGE('',*,*,#3843,.T.);
#1510=ORIENTED_EDGE('',*,*,#3836,.F.);
#1511=ORIENTED_EDGE('',*,*,#3817,.T.);
#1512=ORIENTED_EDGE('',*,*,#3844,.F.);
#1513=ORIENTED_EDGE('',*,*,#3845,.F.);
#1514=ORIENTED_EDGE('',*,*,#3833,.F.);
#1515=ORIENTED_EDGE('',*,*,#3846,.F.);
#1516=ORIENTED_EDGE('',*,*,#3847,.F.);
#1517=ORIENTED_EDGE('',*,*,#3846,.T.);
#1518=ORIENTED_EDGE('',*,*,#3821,.T.);
#1519=ORIENTED_EDGE('',*,*,#3835,.T.);
#1520=ORIENTED_EDGE('',*,*,#3848,.T.);
#1521=ORIENTED_EDGE('',*,*,#3849,.T.);
#1522=ORIENTED_EDGE('',*,*,#3850,.F.);
#1523=ORIENTED_EDGE('',*,*,#3851,.T.);
#1524=ORIENTED_EDGE('',*,*,#3852,.T.);
#1525=ORIENTED_EDGE('',*,*,#3853,.F.);
#1526=ORIENTED_EDGE('',*,*,#3854,.F.);
#1527=ORIENTED_EDGE('',*,*,#3855,.T.);
#1528=ORIENTED_EDGE('',*,*,#3856,.F.);
#1529=ORIENTED_EDGE('',*,*,#3829,.T.);
#1530=ORIENTED_EDGE('',*,*,#3857,.F.);
#1531=ORIENTED_EDGE('',*,*,#3858,.T.);
#1532=ORIENTED_EDGE('',*,*,#3859,.F.);
#1533=ORIENTED_EDGE('',*,*,#3831,.T.);
#1534=ORIENTED_EDGE('',*,*,#3860,.F.);
#1535=ORIENTED_EDGE('',*,*,#3857,.T.);
#1536=ORIENTED_EDGE('',*,*,#3830,.T.);
#1537=ORIENTED_EDGE('',*,*,#3856,.T.);
#1538=ORIENTED_EDGE('',*,*,#3861,.F.);
#1539=ORIENTED_EDGE('',*,*,#3862,.F.);
#1540=ORIENTED_EDGE('',*,*,#3853,.T.);
#1541=ORIENTED_EDGE('',*,*,#3863,.F.);
#1542=ORIENTED_EDGE('',*,*,#3864,.F.);
#1543=ORIENTED_EDGE('',*,*,#3865,.F.);
#1544=ORIENTED_EDGE('',*,*,#3866,.F.);
#1545=ORIENTED_EDGE('',*,*,#3867,.F.);
#1546=ORIENTED_EDGE('',*,*,#3868,.F.);
#1547=ORIENTED_EDGE('',*,*,#3869,.F.);
#1548=ORIENTED_EDGE('',*,*,#3870,.F.);
#1549=ORIENTED_EDGE('',*,*,#3871,.F.);
#1550=ORIENTED_EDGE('',*,*,#3872,.F.);
#1551=ORIENTED_EDGE('',*,*,#3873,.F.);
#1552=ORIENTED_EDGE('',*,*,#3874,.F.);
#1553=ORIENTED_EDGE('',*,*,#3875,.F.);
#1554=ORIENTED_EDGE('',*,*,#3876,.F.);
#1555=ORIENTED_EDGE('',*,*,#3877,.F.);
#1556=ORIENTED_EDGE('',*,*,#3878,.F.);
#1557=ORIENTED_EDGE('',*,*,#3879,.F.);
#1558=ORIENTED_EDGE('',*,*,#3850,.T.);
#1559=ORIENTED_EDGE('',*,*,#3880,.F.);
#1560=ORIENTED_EDGE('',*,*,#3828,.T.);
#1561=ORIENTED_EDGE('',*,*,#3827,.T.);
#1562=ORIENTED_EDGE('',*,*,#3826,.T.);
#1563=ORIENTED_EDGE('',*,*,#3825,.T.);
#1564=ORIENTED_EDGE('',*,*,#3824,.T.);
#1565=ORIENTED_EDGE('',*,*,#3823,.T.);
#1566=ORIENTED_EDGE('',*,*,#3881,.F.);
#1567=ORIENTED_EDGE('',*,*,#3854,.T.);
#1568=ORIENTED_EDGE('',*,*,#3810,.F.);
#1569=ORIENTED_EDGE('',*,*,#3838,.T.);
#1570=ORIENTED_EDGE('',*,*,#3859,.T.);
#1571=ORIENTED_EDGE('',*,*,#3882,.T.);
#1572=ORIENTED_EDGE('',*,*,#3839,.F.);
#1573=ORIENTED_EDGE('',*,*,#3812,.T.);
#1574=ORIENTED_EDGE('',*,*,#3845,.T.);
#1575=ORIENTED_EDGE('',*,*,#3883,.T.);
#1576=ORIENTED_EDGE('',*,*,#3884,.T.);
#1577=ORIENTED_EDGE('',*,*,#3885,.T.);
#1578=ORIENTED_EDGE('',*,*,#3886,.T.);
#1579=ORIENTED_EDGE('',*,*,#3887,.T.);
#1580=ORIENTED_EDGE('',*,*,#3888,.T.);
#1581=ORIENTED_EDGE('',*,*,#3889,.T.);
#1582=ORIENTED_EDGE('',*,*,#3890,.T.);
#1583=ORIENTED_EDGE('',*,*,#3891,.T.);
#1584=ORIENTED_EDGE('',*,*,#3892,.T.);
#1585=ORIENTED_EDGE('',*,*,#3893,.T.);
#1586=ORIENTED_EDGE('',*,*,#3894,.T.);
#1587=ORIENTED_EDGE('',*,*,#3895,.T.);
#1588=ORIENTED_EDGE('',*,*,#3896,.T.);
#1589=ORIENTED_EDGE('',*,*,#3897,.T.);
#1590=ORIENTED_EDGE('',*,*,#3898,.T.);
#1591=ORIENTED_EDGE('',*,*,#3899,.T.);
#1592=ORIENTED_EDGE('',*,*,#3900,.T.);
#1593=ORIENTED_EDGE('',*,*,#3901,.T.);
#1594=ORIENTED_EDGE('',*,*,#3902,.T.);
#1595=ORIENTED_EDGE('',*,*,#3903,.T.);
#1596=ORIENTED_EDGE('',*,*,#3842,.T.);
#1597=ORIENTED_EDGE('',*,*,#3809,.T.);
#1598=ORIENTED_EDGE('',*,*,#3805,.F.);
#1599=ORIENTED_EDGE('',*,*,#3804,.F.);
#1600=ORIENTED_EDGE('',*,*,#3904,.T.);
#1601=ORIENTED_EDGE('',*,*,#3878,.T.);
#1602=ORIENTED_EDGE('',*,*,#3905,.F.);
#1603=ORIENTED_EDGE('',*,*,#3886,.F.);
#1604=ORIENTED_EDGE('',*,*,#3905,.T.);
#1605=ORIENTED_EDGE('',*,*,#3877,.T.);
#1606=ORIENTED_EDGE('',*,*,#3906,.F.);
#1607=ORIENTED_EDGE('',*,*,#3887,.F.);
#1608=ORIENTED_EDGE('',*,*,#3906,.T.);
#1609=ORIENTED_EDGE('',*,*,#3876,.T.);
#1610=ORIENTED_EDGE('',*,*,#3907,.F.);
#1611=ORIENTED_EDGE('',*,*,#3888,.F.);
#1612=ORIENTED_EDGE('',*,*,#3907,.T.);
#1613=ORIENTED_EDGE('',*,*,#3875,.T.);
#1614=ORIENTED_EDGE('',*,*,#3908,.F.);
#1615=ORIENTED_EDGE('',*,*,#3889,.F.);
#1616=ORIENTED_EDGE('',*,*,#3908,.T.);
#1617=ORIENTED_EDGE('',*,*,#3874,.T.);
#1618=ORIENTED_EDGE('',*,*,#3909,.F.);
#1619=ORIENTED_EDGE('',*,*,#3890,.F.);
#1620=ORIENTED_EDGE('',*,*,#3909,.T.);
#1621=ORIENTED_EDGE('',*,*,#3873,.T.);
#1622=ORIENTED_EDGE('',*,*,#3910,.F.);
#1623=ORIENTED_EDGE('',*,*,#3891,.F.);
#1624=ORIENTED_EDGE('',*,*,#3910,.T.);
#1625=ORIENTED_EDGE('',*,*,#3872,.T.);
#1626=ORIENTED_EDGE('',*,*,#3911,.F.);
#1627=ORIENTED_EDGE('',*,*,#3892,.F.);
#1628=ORIENTED_EDGE('',*,*,#3911,.T.);
#1629=ORIENTED_EDGE('',*,*,#3871,.T.);
#1630=ORIENTED_EDGE('',*,*,#3912,.F.);
#1631=ORIENTED_EDGE('',*,*,#3893,.F.);
#1632=ORIENTED_EDGE('',*,*,#3912,.T.);
#1633=ORIENTED_EDGE('',*,*,#3870,.T.);
#1634=ORIENTED_EDGE('',*,*,#3913,.F.);
#1635=ORIENTED_EDGE('',*,*,#3894,.F.);
#1636=ORIENTED_EDGE('',*,*,#3913,.T.);
#1637=ORIENTED_EDGE('',*,*,#3869,.T.);
#1638=ORIENTED_EDGE('',*,*,#3914,.F.);
#1639=ORIENTED_EDGE('',*,*,#3895,.F.);
#1640=ORIENTED_EDGE('',*,*,#3914,.T.);
#1641=ORIENTED_EDGE('',*,*,#3868,.T.);
#1642=ORIENTED_EDGE('',*,*,#3915,.F.);
#1643=ORIENTED_EDGE('',*,*,#3896,.F.);
#1644=ORIENTED_EDGE('',*,*,#3915,.T.);
#1645=ORIENTED_EDGE('',*,*,#3867,.T.);
#1646=ORIENTED_EDGE('',*,*,#3916,.F.);
#1647=ORIENTED_EDGE('',*,*,#3897,.F.);
#1648=ORIENTED_EDGE('',*,*,#3916,.T.);
#1649=ORIENTED_EDGE('',*,*,#3866,.T.);
#1650=ORIENTED_EDGE('',*,*,#3917,.F.);
#1651=ORIENTED_EDGE('',*,*,#3898,.F.);
#1652=ORIENTED_EDGE('',*,*,#3917,.T.);
#1653=ORIENTED_EDGE('',*,*,#3865,.T.);
#1654=ORIENTED_EDGE('',*,*,#3918,.F.);
#1655=ORIENTED_EDGE('',*,*,#3899,.F.);
#1656=ORIENTED_EDGE('',*,*,#3918,.T.);
#1657=ORIENTED_EDGE('',*,*,#3864,.T.);
#1658=ORIENTED_EDGE('',*,*,#3919,.F.);
#1659=ORIENTED_EDGE('',*,*,#3900,.F.);
#1660=ORIENTED_EDGE('',*,*,#3920,.T.);
#1661=ORIENTED_EDGE('',*,*,#3880,.T.);
#1662=ORIENTED_EDGE('',*,*,#3849,.F.);
#1663=ORIENTED_EDGE('',*,*,#3921,.F.);
#1664=ORIENTED_EDGE('',*,*,#3884,.F.);
#1665=ORIENTED_EDGE('',*,*,#3921,.T.);
#1666=ORIENTED_EDGE('',*,*,#3848,.F.);
#1667=ORIENTED_EDGE('',*,*,#3879,.T.);
#1668=ORIENTED_EDGE('',*,*,#3904,.F.);
#1669=ORIENTED_EDGE('',*,*,#3885,.F.);
#1670=ORIENTED_EDGE('',*,*,#3919,.T.);
#1671=ORIENTED_EDGE('',*,*,#3863,.T.);
#1672=ORIENTED_EDGE('',*,*,#3852,.F.);
#1673=ORIENTED_EDGE('',*,*,#3922,.F.);
#1674=ORIENTED_EDGE('',*,*,#3901,.F.);
#1675=ORIENTED_EDGE('',*,*,#3922,.T.);
#1676=ORIENTED_EDGE('',*,*,#3851,.F.);
#1677=ORIENTED_EDGE('',*,*,#3862,.T.);
#1678=ORIENTED_EDGE('',*,*,#3923,.F.);
#1679=ORIENTED_EDGE('',*,*,#3902,.F.);
#1680=ORIENTED_EDGE('',*,*,#3860,.T.);
#1681=ORIENTED_EDGE('',*,*,#3920,.F.);
#1682=ORIENTED_EDGE('',*,*,#3883,.F.);
#1683=ORIENTED_EDGE('',*,*,#3844,.T.);
#1684=ORIENTED_EDGE('',*,*,#3847,.T.);
#1685=ORIENTED_EDGE('',*,*,#3834,.T.);
#1686=ORIENTED_EDGE('',*,*,#3882,.F.);
#1687=ORIENTED_EDGE('',*,*,#3858,.F.);
#1688=ORIENTED_EDGE('',*,*,#3861,.T.);
#1689=ORIENTED_EDGE('',*,*,#3855,.F.);
#1690=ORIENTED_EDGE('',*,*,#3881,.T.);
#1691=ORIENTED_EDGE('',*,*,#3837,.T.);
#1692=ORIENTED_EDGE('',*,*,#3843,.F.);
#1693=ORIENTED_EDGE('',*,*,#3840,.T.);
#1694=ORIENTED_EDGE('',*,*,#3903,.F.);
#1695=ORIENTED_EDGE('',*,*,#3923,.T.);
#1696=ORIENTED_EDGE('',*,*,#3924,.F.);
#1697=ORIENTED_EDGE('',*,*,#3925,.F.);
#1698=ORIENTED_EDGE('',*,*,#3926,.F.);
#1699=ORIENTED_EDGE('',*,*,#3927,.T.);
#1700=ORIENTED_EDGE('',*,*,#3928,.T.);
#1701=ORIENTED_EDGE('',*,*,#3929,.T.);
#1702=ORIENTED_EDGE('',*,*,#3930,.F.);
#1703=ORIENTED_EDGE('',*,*,#3931,.F.);
#1704=ORIENTED_EDGE('',*,*,#3932,.F.);
#1705=ORIENTED_EDGE('',*,*,#3933,.F.);
#1706=ORIENTED_EDGE('',*,*,#3934,.F.);
#1707=ORIENTED_EDGE('',*,*,#3935,.F.);
#1708=ORIENTED_EDGE('',*,*,#3936,.F.);
#1709=ORIENTED_EDGE('',*,*,#3937,.F.);
#1710=ORIENTED_EDGE('',*,*,#3938,.F.);
#1711=ORIENTED_EDGE('',*,*,#3939,.F.);
#1712=ORIENTED_EDGE('',*,*,#3940,.F.);
#1713=ORIENTED_EDGE('',*,*,#3941,.F.);
#1714=ORIENTED_EDGE('',*,*,#3942,.F.);
#1715=ORIENTED_EDGE('',*,*,#3943,.F.);
#1716=ORIENTED_EDGE('',*,*,#3944,.F.);
#1717=ORIENTED_EDGE('',*,*,#3945,.F.);
#1718=ORIENTED_EDGE('',*,*,#3946,.F.);
#1719=ORIENTED_EDGE('',*,*,#3947,.F.);
#1720=ORIENTED_EDGE('',*,*,#3948,.F.);
#1721=ORIENTED_EDGE('',*,*,#3949,.F.);
#1722=ORIENTED_EDGE('',*,*,#3950,.F.);
#1723=ORIENTED_EDGE('',*,*,#3951,.T.);
#1724=ORIENTED_EDGE('',*,*,#3952,.F.);
#1725=ORIENTED_EDGE('',*,*,#3953,.F.);
#1726=ORIENTED_EDGE('',*,*,#3954,.T.);
#1727=ORIENTED_EDGE('',*,*,#3955,.T.);
#1728=ORIENTED_EDGE('',*,*,#3956,.T.);
#1729=ORIENTED_EDGE('',*,*,#3957,.T.);
#1730=ORIENTED_EDGE('',*,*,#3958,.F.);
#1731=ORIENTED_EDGE('',*,*,#3959,.F.);
#1732=ORIENTED_EDGE('',*,*,#3960,.T.);
#1733=ORIENTED_EDGE('',*,*,#3961,.T.);
#1734=ORIENTED_EDGE('',*,*,#3962,.T.);
#1735=ORIENTED_EDGE('',*,*,#3963,.T.);
#1736=ORIENTED_EDGE('',*,*,#3964,.T.);
#1737=ORIENTED_EDGE('',*,*,#3965,.T.);
#1738=ORIENTED_EDGE('',*,*,#3966,.T.);
#1739=ORIENTED_EDGE('',*,*,#3967,.T.);
#1740=ORIENTED_EDGE('',*,*,#3968,.F.);
#1741=ORIENTED_EDGE('',*,*,#3969,.T.);
#1742=ORIENTED_EDGE('',*,*,#3970,.F.);
#1743=ORIENTED_EDGE('',*,*,#3971,.T.);
#1744=ORIENTED_EDGE('',*,*,#3972,.T.);
#1745=ORIENTED_EDGE('',*,*,#3973,.T.);
#1746=ORIENTED_EDGE('',*,*,#3974,.F.);
#1747=ORIENTED_EDGE('',*,*,#3975,.T.);
#1748=ORIENTED_EDGE('',*,*,#3976,.T.);
#1749=ORIENTED_EDGE('',*,*,#3977,.F.);
#1750=ORIENTED_EDGE('',*,*,#3966,.F.);
#1751=ORIENTED_EDGE('',*,*,#3978,.T.);
#1752=ORIENTED_EDGE('',*,*,#3959,.T.);
#1753=ORIENTED_EDGE('',*,*,#3979,.T.);
#1754=ORIENTED_EDGE('',*,*,#3980,.T.);
#1755=ORIENTED_EDGE('',*,*,#3962,.F.);
#1756=ORIENTED_EDGE('',*,*,#3981,.T.);
#1757=ORIENTED_EDGE('',*,*,#3977,.T.);
#1758=ORIENTED_EDGE('',*,*,#3982,.T.);
#1759=ORIENTED_EDGE('',*,*,#3983,.F.);
#1760=ORIENTED_EDGE('',*,*,#3984,.T.);
#1761=ORIENTED_EDGE('',*,*,#3972,.F.);
#1762=ORIENTED_EDGE('',*,*,#3985,.T.);
#1763=ORIENTED_EDGE('',*,*,#3986,.F.);
#1764=ORIENTED_EDGE('',*,*,#3953,.T.);
#1765=ORIENTED_EDGE('',*,*,#3987,.T.);
#1766=ORIENTED_EDGE('',*,*,#3988,.T.);
#1767=ORIENTED_EDGE('',*,*,#3989,.T.);
#1768=ORIENTED_EDGE('',*,*,#3990,.T.);
#1769=ORIENTED_EDGE('',*,*,#3991,.T.);
#1770=ORIENTED_EDGE('',*,*,#3992,.T.);
#1771=ORIENTED_EDGE('',*,*,#3993,.T.);
#1772=ORIENTED_EDGE('',*,*,#3994,.T.);
#1773=ORIENTED_EDGE('',*,*,#3995,.T.);
#1774=ORIENTED_EDGE('',*,*,#3996,.T.);
#1775=ORIENTED_EDGE('',*,*,#3997,.T.);
#1776=ORIENTED_EDGE('',*,*,#3998,.T.);
#1777=ORIENTED_EDGE('',*,*,#3999,.T.);
#1778=ORIENTED_EDGE('',*,*,#4000,.T.);
#1779=ORIENTED_EDGE('',*,*,#4001,.T.);
#1780=ORIENTED_EDGE('',*,*,#4002,.T.);
#1781=ORIENTED_EDGE('',*,*,#4003,.T.);
#1782=ORIENTED_EDGE('',*,*,#4004,.T.);
#1783=ORIENTED_EDGE('',*,*,#4005,.T.);
#1784=ORIENTED_EDGE('',*,*,#4006,.T.);
#1785=ORIENTED_EDGE('',*,*,#4007,.T.);
#1786=ORIENTED_EDGE('',*,*,#4008,.T.);
#1787=ORIENTED_EDGE('',*,*,#4009,.T.);
#1788=ORIENTED_EDGE('',*,*,#4010,.T.);
#1789=ORIENTED_EDGE('',*,*,#4011,.T.);
#1790=ORIENTED_EDGE('',*,*,#4012,.T.);
#1791=ORIENTED_EDGE('',*,*,#4013,.T.);
#1792=ORIENTED_EDGE('',*,*,#4014,.T.);
#1793=ORIENTED_EDGE('',*,*,#4015,.T.);
#1794=ORIENTED_EDGE('',*,*,#4016,.T.);
#1795=ORIENTED_EDGE('',*,*,#4017,.T.);
#1796=ORIENTED_EDGE('',*,*,#4018,.T.);
#1797=ORIENTED_EDGE('',*,*,#4019,.T.);
#1798=ORIENTED_EDGE('',*,*,#4020,.T.);
#1799=ORIENTED_EDGE('',*,*,#4021,.T.);
#1800=ORIENTED_EDGE('',*,*,#4022,.F.);
#1801=ORIENTED_EDGE('',*,*,#3988,.F.);
#1802=ORIENTED_EDGE('',*,*,#4023,.F.);
#1803=ORIENTED_EDGE('',*,*,#4024,.F.);
#1804=ORIENTED_EDGE('',*,*,#3999,.F.);
#1805=ORIENTED_EDGE('',*,*,#4025,.F.);
#1806=ORIENTED_EDGE('',*,*,#3951,.F.);
#1807=ORIENTED_EDGE('',*,*,#4026,.F.);
#1808=ORIENTED_EDGE('',*,*,#4027,.F.);
#1809=ORIENTED_EDGE('',*,*,#4019,.F.);
#1810=ORIENTED_EDGE('',*,*,#4028,.F.);
#1811=ORIENTED_EDGE('',*,*,#3960,.F.);
#1812=ORIENTED_EDGE('',*,*,#4029,.F.);
#1813=ORIENTED_EDGE('',*,*,#4017,.F.);
#1814=ORIENTED_EDGE('',*,*,#3975,.F.);
#1815=ORIENTED_EDGE('',*,*,#4030,.T.);
#1816=ORIENTED_EDGE('',*,*,#3929,.F.);
#1817=ORIENTED_EDGE('',*,*,#4031,.T.);
#1818=ORIENTED_EDGE('',*,*,#3927,.F.);
#1819=ORIENTED_EDGE('',*,*,#4032,.T.);
#1820=ORIENTED_EDGE('',*,*,#3964,.F.);
#1821=ORIENTED_EDGE('',*,*,#4033,.T.);
#1822=ORIENTED_EDGE('',*,*,#3952,.T.);
#1823=ORIENTED_EDGE('',*,*,#4034,.T.);
#1824=ORIENTED_EDGE('',*,*,#3963,.F.);
#1825=ORIENTED_EDGE('',*,*,#3987,.F.);
#1826=ORIENTED_EDGE('',*,*,#4035,.T.);
#1827=ORIENTED_EDGE('',*,*,#4036,.T.);
#1828=ORIENTED_EDGE('',*,*,#3983,.T.);
#1829=ORIENTED_EDGE('',*,*,#4037,.T.);
#1830=ORIENTED_EDGE('',*,*,#3956,.F.);
#1831=ORIENTED_EDGE('',*,*,#4038,.T.);
#1832=ORIENTED_EDGE('',*,*,#4039,.T.);
#1833=ORIENTED_EDGE('',*,*,#4040,.T.);
#1834=ORIENTED_EDGE('',*,*,#4041,.T.);
#1835=ORIENTED_EDGE('',*,*,#4042,.T.);
#1836=ORIENTED_EDGE('',*,*,#3954,.F.);
#1837=ORIENTED_EDGE('',*,*,#3986,.T.);
#1838=ORIENTED_EDGE('',*,*,#3958,.T.);
#1839=ORIENTED_EDGE('',*,*,#4043,.T.);
#1840=ORIENTED_EDGE('',*,*,#4044,.T.);
#1841=ORIENTED_EDGE('',*,*,#3979,.F.);
#1842=ORIENTED_EDGE('',*,*,#4045,.F.);
#1843=ORIENTED_EDGE('',*,*,#3924,.T.);
#1844=ORIENTED_EDGE('',*,*,#4045,.T.);
#1845=ORIENTED_EDGE('',*,*,#4046,.F.);
#1846=ORIENTED_EDGE('',*,*,#3925,.T.);
#1847=ORIENTED_EDGE('',*,*,#4046,.T.);
#1848=ORIENTED_EDGE('',*,*,#4047,.T.);
#1849=ORIENTED_EDGE('',*,*,#4048,.F.);
#1850=ORIENTED_EDGE('',*,*,#4049,.T.);
#1851=ORIENTED_EDGE('',*,*,#4048,.T.);
#1852=ORIENTED_EDGE('',*,*,#4050,.T.);
#1853=ORIENTED_EDGE('',*,*,#4051,.F.);
#1854=ORIENTED_EDGE('',*,*,#4052,.T.);
#1855=ORIENTED_EDGE('',*,*,#4051,.T.);
#1856=ORIENTED_EDGE('',*,*,#4053,.T.);
#1857=ORIENTED_EDGE('',*,*,#4054,.F.);
#1858=ORIENTED_EDGE('',*,*,#4055,.T.);
#1859=ORIENTED_EDGE('',*,*,#4054,.T.);
#1860=ORIENTED_EDGE('',*,*,#4056,.T.);
#1861=ORIENTED_EDGE('',*,*,#4057,.F.);
#1862=ORIENTED_EDGE('',*,*,#4058,.T.);
#1863=ORIENTED_EDGE('',*,*,#4057,.T.);
#1864=ORIENTED_EDGE('',*,*,#4059,.T.);
#1865=ORIENTED_EDGE('',*,*,#4060,.F.);
#1866=ORIENTED_EDGE('',*,*,#4061,.T.);
#1867=ORIENTED_EDGE('',*,*,#4060,.T.);
#1868=ORIENTED_EDGE('',*,*,#4062,.T.);
#1869=ORIENTED_EDGE('',*,*,#4063,.F.);
#1870=ORIENTED_EDGE('',*,*,#4064,.T.);
#1871=ORIENTED_EDGE('',*,*,#4063,.T.);
#1872=ORIENTED_EDGE('',*,*,#4065,.T.);
#1873=ORIENTED_EDGE('',*,*,#4066,.F.);
#1874=ORIENTED_EDGE('',*,*,#4067,.T.);
#1875=ORIENTED_EDGE('',*,*,#4066,.T.);
#1876=ORIENTED_EDGE('',*,*,#4068,.T.);
#1877=ORIENTED_EDGE('',*,*,#4069,.F.);
#1878=ORIENTED_EDGE('',*,*,#4070,.T.);
#1879=ORIENTED_EDGE('',*,*,#4069,.T.);
#1880=ORIENTED_EDGE('',*,*,#3998,.F.);
#1881=ORIENTED_EDGE('',*,*,#4047,.F.);
#1882=ORIENTED_EDGE('',*,*,#3997,.F.);
#1883=ORIENTED_EDGE('',*,*,#4050,.F.);
#1884=ORIENTED_EDGE('',*,*,#3996,.F.);
#1885=ORIENTED_EDGE('',*,*,#4068,.F.);
#1886=ORIENTED_EDGE('',*,*,#3995,.F.);
#1887=ORIENTED_EDGE('',*,*,#4065,.F.);
#1888=ORIENTED_EDGE('',*,*,#3994,.F.);
#1889=ORIENTED_EDGE('',*,*,#4062,.F.);
#1890=ORIENTED_EDGE('',*,*,#3993,.F.);
#1891=ORIENTED_EDGE('',*,*,#4059,.F.);
#1892=ORIENTED_EDGE('',*,*,#3992,.F.);
#1893=ORIENTED_EDGE('',*,*,#4056,.F.);
#1894=ORIENTED_EDGE('',*,*,#3991,.F.);
#1895=ORIENTED_EDGE('',*,*,#4053,.F.);
#1896=ORIENTED_EDGE('',*,*,#4025,.T.);
#1897=ORIENTED_EDGE('',*,*,#4018,.F.);
#1898=ORIENTED_EDGE('',*,*,#4029,.T.);
#1899=ORIENTED_EDGE('',*,*,#4034,.F.);
#1900=ORIENTED_EDGE('',*,*,#3957,.F.);
#1901=ORIENTED_EDGE('',*,*,#4040,.F.);
#1902=ORIENTED_EDGE('',*,*,#4071,.F.);
#1903=ORIENTED_EDGE('',*,*,#4043,.F.);
#1904=ORIENTED_EDGE('',*,*,#3980,.F.);
#1905=ORIENTED_EDGE('',*,*,#4044,.F.);
#1906=ORIENTED_EDGE('',*,*,#4072,.F.);
#1907=ORIENTED_EDGE('',*,*,#3967,.F.);
#1908=ORIENTED_EDGE('',*,*,#4072,.T.);
#1909=ORIENTED_EDGE('',*,*,#4071,.T.);
#1910=ORIENTED_EDGE('',*,*,#4073,.F.);
#1911=ORIENTED_EDGE('',*,*,#3968,.T.);
#1912=ORIENTED_EDGE('',*,*,#4073,.T.);
#1913=ORIENTED_EDGE('',*,*,#4039,.F.);
#1914=ORIENTED_EDGE('',*,*,#4074,.F.);
#1915=ORIENTED_EDGE('',*,*,#3969,.F.);
#1916=ORIENTED_EDGE('',*,*,#3985,.F.);
#1917=ORIENTED_EDGE('',*,*,#3971,.F.);
#1918=ORIENTED_EDGE('',*,*,#4075,.F.);
#1919=ORIENTED_EDGE('',*,*,#4041,.F.);
#1920=ORIENTED_EDGE('',*,*,#3970,.T.);
#1921=ORIENTED_EDGE('',*,*,#4074,.T.);
#1922=ORIENTED_EDGE('',*,*,#4076,.F.);
#1923=ORIENTED_EDGE('',*,*,#4075,.T.);
#1924=ORIENTED_EDGE('',*,*,#3955,.F.);
#1925=ORIENTED_EDGE('',*,*,#4042,.F.);
#1926=ORIENTED_EDGE('',*,*,#4076,.T.);
#1927=ORIENTED_EDGE('',*,*,#4038,.F.);
#1928=ORIENTED_EDGE('',*,*,#4077,.F.);
#1929=ORIENTED_EDGE('',*,*,#4037,.F.);
#1930=ORIENTED_EDGE('',*,*,#3982,.F.);
#1931=ORIENTED_EDGE('',*,*,#3976,.F.);
#1932=ORIENTED_EDGE('',*,*,#4078,.F.);
#1933=ORIENTED_EDGE('',*,*,#4077,.T.);
#1934=ORIENTED_EDGE('',*,*,#4031,.F.);
#1935=ORIENTED_EDGE('',*,*,#4078,.T.);
#1936=ORIENTED_EDGE('',*,*,#3928,.F.);
#1937=ORIENTED_EDGE('',*,*,#4079,.F.);
#1938=ORIENTED_EDGE('',*,*,#4035,.F.);
#1939=ORIENTED_EDGE('',*,*,#3984,.F.);
#1940=ORIENTED_EDGE('',*,*,#4036,.F.);
#1941=ORIENTED_EDGE('',*,*,#4080,.F.);
#1942=ORIENTED_EDGE('',*,*,#3973,.F.);
#1943=ORIENTED_EDGE('',*,*,#4080,.T.);
#1944=ORIENTED_EDGE('',*,*,#4079,.T.);
#1945=ORIENTED_EDGE('',*,*,#4033,.F.);
#1946=ORIENTED_EDGE('',*,*,#4081,.F.);
#1947=ORIENTED_EDGE('',*,*,#4081,.T.);
#1948=ORIENTED_EDGE('',*,*,#4070,.F.);
#1949=ORIENTED_EDGE('',*,*,#4082,.F.);
#1950=ORIENTED_EDGE('',*,*,#4082,.T.);
#1951=ORIENTED_EDGE('',*,*,#4067,.F.);
#1952=ORIENTED_EDGE('',*,*,#4083,.F.);
#1953=ORIENTED_EDGE('',*,*,#4083,.T.);
#1954=ORIENTED_EDGE('',*,*,#4064,.F.);
#1955=ORIENTED_EDGE('',*,*,#4084,.F.);
#1956=ORIENTED_EDGE('',*,*,#4084,.T.);
#1957=ORIENTED_EDGE('',*,*,#4061,.F.);
#1958=ORIENTED_EDGE('',*,*,#4085,.F.);
#1959=ORIENTED_EDGE('',*,*,#4085,.T.);
#1960=ORIENTED_EDGE('',*,*,#4058,.F.);
#1961=ORIENTED_EDGE('',*,*,#4086,.F.);
#1962=ORIENTED_EDGE('',*,*,#4086,.T.);
#1963=ORIENTED_EDGE('',*,*,#4055,.F.);
#1964=ORIENTED_EDGE('',*,*,#4087,.F.);
#1965=ORIENTED_EDGE('',*,*,#4087,.T.);
#1966=ORIENTED_EDGE('',*,*,#4052,.F.);
#1967=ORIENTED_EDGE('',*,*,#4088,.F.);
#1968=ORIENTED_EDGE('',*,*,#4088,.T.);
#1969=ORIENTED_EDGE('',*,*,#4049,.F.);
#1970=ORIENTED_EDGE('',*,*,#4089,.F.);
#1971=ORIENTED_EDGE('',*,*,#3947,.T.);
#1972=ORIENTED_EDGE('',*,*,#4090,.T.);
#1973=ORIENTED_EDGE('',*,*,#4001,.F.);
#1974=ORIENTED_EDGE('',*,*,#4090,.F.);
#1975=ORIENTED_EDGE('',*,*,#3946,.T.);
#1976=ORIENTED_EDGE('',*,*,#4091,.T.);
#1977=ORIENTED_EDGE('',*,*,#4002,.F.);
#1978=ORIENTED_EDGE('',*,*,#4091,.F.);
#1979=ORIENTED_EDGE('',*,*,#3945,.T.);
#1980=ORIENTED_EDGE('',*,*,#4092,.T.);
#1981=ORIENTED_EDGE('',*,*,#4003,.F.);
#1982=ORIENTED_EDGE('',*,*,#4092,.F.);
#1983=ORIENTED_EDGE('',*,*,#3944,.T.);
#1984=ORIENTED_EDGE('',*,*,#4093,.T.);
#1985=ORIENTED_EDGE('',*,*,#4004,.F.);
#1986=ORIENTED_EDGE('',*,*,#4093,.F.);
#1987=ORIENTED_EDGE('',*,*,#3943,.T.);
#1988=ORIENTED_EDGE('',*,*,#4094,.T.);
#1989=ORIENTED_EDGE('',*,*,#4005,.F.);
#1990=ORIENTED_EDGE('',*,*,#4094,.F.);
#1991=ORIENTED_EDGE('',*,*,#3942,.T.);
#1992=ORIENTED_EDGE('',*,*,#4095,.T.);
#1993=ORIENTED_EDGE('',*,*,#4006,.F.);
#1994=ORIENTED_EDGE('',*,*,#4095,.F.);
#1995=ORIENTED_EDGE('',*,*,#3941,.T.);
#1996=ORIENTED_EDGE('',*,*,#4096,.T.);
#1997=ORIENTED_EDGE('',*,*,#4007,.F.);
#1998=ORIENTED_EDGE('',*,*,#4096,.F.);
#1999=ORIENTED_EDGE('',*,*,#3940,.T.);
#2000=ORIENTED_EDGE('',*,*,#4097,.T.);
#2001=ORIENTED_EDGE('',*,*,#4008,.F.);
#2002=ORIENTED_EDGE('',*,*,#4097,.F.);
#2003=ORIENTED_EDGE('',*,*,#3939,.T.);
#2004=ORIENTED_EDGE('',*,*,#4098,.T.);
#2005=ORIENTED_EDGE('',*,*,#4009,.F.);
#2006=ORIENTED_EDGE('',*,*,#4098,.F.);
#2007=ORIENTED_EDGE('',*,*,#3938,.T.);
#2008=ORIENTED_EDGE('',*,*,#4099,.T.);
#2009=ORIENTED_EDGE('',*,*,#4010,.F.);
#2010=ORIENTED_EDGE('',*,*,#4099,.F.);
#2011=ORIENTED_EDGE('',*,*,#3937,.T.);
#2012=ORIENTED_EDGE('',*,*,#4100,.T.);
#2013=ORIENTED_EDGE('',*,*,#4011,.F.);
#2014=ORIENTED_EDGE('',*,*,#4100,.F.);
#2015=ORIENTED_EDGE('',*,*,#3936,.T.);
#2016=ORIENTED_EDGE('',*,*,#4101,.T.);
#2017=ORIENTED_EDGE('',*,*,#4012,.F.);
#2018=ORIENTED_EDGE('',*,*,#4101,.F.);
#2019=ORIENTED_EDGE('',*,*,#3935,.T.);
#2020=ORIENTED_EDGE('',*,*,#4102,.T.);
#2021=ORIENTED_EDGE('',*,*,#4013,.F.);
#2022=ORIENTED_EDGE('',*,*,#4102,.F.);
#2023=ORIENTED_EDGE('',*,*,#3934,.T.);
#2024=ORIENTED_EDGE('',*,*,#4103,.T.);
#2025=ORIENTED_EDGE('',*,*,#4014,.F.);
#2026=ORIENTED_EDGE('',*,*,#4103,.F.);
#2027=ORIENTED_EDGE('',*,*,#3933,.T.);
#2028=ORIENTED_EDGE('',*,*,#4104,.T.);
#2029=ORIENTED_EDGE('',*,*,#4015,.F.);
#2030=ORIENTED_EDGE('',*,*,#4105,.F.);
#2031=ORIENTED_EDGE('',*,*,#3949,.T.);
#2032=ORIENTED_EDGE('',*,*,#4106,.T.);
#2033=ORIENTED_EDGE('',*,*,#4023,.T.);
#2034=ORIENTED_EDGE('',*,*,#3990,.F.);
#2035=ORIENTED_EDGE('',*,*,#4106,.F.);
#2036=ORIENTED_EDGE('',*,*,#3948,.T.);
#2037=ORIENTED_EDGE('',*,*,#4089,.T.);
#2038=ORIENTED_EDGE('',*,*,#4000,.F.);
#2039=ORIENTED_EDGE('',*,*,#4024,.T.);
#2040=ORIENTED_EDGE('',*,*,#4104,.F.);
#2041=ORIENTED_EDGE('',*,*,#3932,.T.);
#2042=ORIENTED_EDGE('',*,*,#4107,.T.);
#2043=ORIENTED_EDGE('',*,*,#4026,.T.);
#2044=ORIENTED_EDGE('',*,*,#4016,.F.);
#2045=ORIENTED_EDGE('',*,*,#4107,.F.);
#2046=ORIENTED_EDGE('',*,*,#3931,.T.);
#2047=ORIENTED_EDGE('',*,*,#4108,.T.);
#2048=ORIENTED_EDGE('',*,*,#4020,.F.);
#2049=ORIENTED_EDGE('',*,*,#4027,.T.);
#2050=ORIENTED_EDGE('',*,*,#3989,.F.);
#2051=ORIENTED_EDGE('',*,*,#4022,.T.);
#2052=ORIENTED_EDGE('',*,*,#3950,.T.);
#2053=ORIENTED_EDGE('',*,*,#3978,.F.);
#2054=ORIENTED_EDGE('',*,*,#3965,.F.);
#2055=ORIENTED_EDGE('',*,*,#4032,.F.);
#2056=ORIENTED_EDGE('',*,*,#3926,.T.);
#2057=ORIENTED_EDGE('',*,*,#4105,.T.);
#2058=ORIENTED_EDGE('',*,*,#4021,.F.);
#2059=ORIENTED_EDGE('',*,*,#4108,.F.);
#2060=ORIENTED_EDGE('',*,*,#3930,.T.);
#2061=ORIENTED_EDGE('',*,*,#4030,.F.);
#2062=ORIENTED_EDGE('',*,*,#3974,.T.);
#2063=ORIENTED_EDGE('',*,*,#3981,.F.);
#2064=ORIENTED_EDGE('',*,*,#3961,.F.);
#2065=ORIENTED_EDGE('',*,*,#4028,.T.);
#2066=ORIENTED_EDGE('',*,*,#4109,.F.);
#2067=ORIENTED_EDGE('',*,*,#4110,.T.);
#2068=ORIENTED_EDGE('',*,*,#4111,.T.);
#2069=ORIENTED_EDGE('',*,*,#4112,.T.);
#2070=ORIENTED_EDGE('',*,*,#4113,.T.);
#2071=ORIENTED_EDGE('',*,*,#4114,.F.);
#2072=ORIENTED_EDGE('',*,*,#4115,.F.);
#2073=ORIENTED_EDGE('',*,*,#4116,.F.);
#2074=ORIENTED_EDGE('',*,*,#4117,.F.);
#2075=ORIENTED_EDGE('',*,*,#4118,.F.);
#2076=ORIENTED_EDGE('',*,*,#4119,.F.);
#2077=ORIENTED_EDGE('',*,*,#4120,.F.);
#2078=ORIENTED_EDGE('',*,*,#4121,.T.);
#2079=ORIENTED_EDGE('',*,*,#4118,.T.);
#2080=ORIENTED_EDGE('',*,*,#4122,.F.);
#2081=ORIENTED_EDGE('',*,*,#4123,.F.);
#2082=ORIENTED_EDGE('',*,*,#4114,.T.);
#2083=ORIENTED_EDGE('',*,*,#4124,.T.);
#2084=ORIENTED_EDGE('',*,*,#4125,.T.);
#2085=ORIENTED_EDGE('',*,*,#4126,.T.);
#2086=ORIENTED_EDGE('',*,*,#4123,.T.);
#2087=ORIENTED_EDGE('',*,*,#4127,.T.);
#2088=ORIENTED_EDGE('',*,*,#4128,.T.);
#2089=ORIENTED_EDGE('',*,*,#4129,.T.);
#2090=ORIENTED_EDGE('',*,*,#4130,.T.);
#2091=ORIENTED_EDGE('',*,*,#4131,.F.);
#2092=ORIENTED_EDGE('',*,*,#4132,.F.);
#2093=ORIENTED_EDGE('',*,*,#4133,.T.);
#2094=ORIENTED_EDGE('',*,*,#4134,.T.);
#2095=ORIENTED_EDGE('',*,*,#4133,.F.);
#2096=ORIENTED_EDGE('',*,*,#4135,.F.);
#2097=ORIENTED_EDGE('',*,*,#4136,.T.);
#2098=ORIENTED_EDGE('',*,*,#4137,.T.);
#2099=ORIENTED_EDGE('',*,*,#4136,.F.);
#2100=ORIENTED_EDGE('',*,*,#4138,.F.);
#2101=ORIENTED_EDGE('',*,*,#4139,.T.);
#2102=ORIENTED_EDGE('',*,*,#4140,.T.);
#2103=ORIENTED_EDGE('',*,*,#4139,.F.);
#2104=ORIENTED_EDGE('',*,*,#4141,.F.);
#2105=ORIENTED_EDGE('',*,*,#4131,.T.);
#2106=ORIENTED_EDGE('',*,*,#4142,.T.);
#2107=ORIENTED_EDGE('',*,*,#4143,.F.);
#2108=ORIENTED_EDGE('',*,*,#4144,.F.);
#2109=ORIENTED_EDGE('',*,*,#4145,.T.);
#2110=ORIENTED_EDGE('',*,*,#4146,.T.);
#2111=ORIENTED_EDGE('',*,*,#4145,.F.);
#2112=ORIENTED_EDGE('',*,*,#4147,.F.);
#2113=ORIENTED_EDGE('',*,*,#4148,.T.);
#2114=ORIENTED_EDGE('',*,*,#4149,.T.);
#2115=ORIENTED_EDGE('',*,*,#4148,.F.);
#2116=ORIENTED_EDGE('',*,*,#4150,.F.);
#2117=ORIENTED_EDGE('',*,*,#4151,.T.);
#2118=ORIENTED_EDGE('',*,*,#4152,.T.);
#2119=ORIENTED_EDGE('',*,*,#4151,.F.);
#2120=ORIENTED_EDGE('',*,*,#4153,.F.);
#2121=ORIENTED_EDGE('',*,*,#4143,.T.);
#2122=ORIENTED_EDGE('',*,*,#4154,.T.);
#2123=ORIENTED_EDGE('',*,*,#4155,.F.);
#2124=ORIENTED_EDGE('',*,*,#4156,.F.);
#2125=ORIENTED_EDGE('',*,*,#4157,.T.);
#2126=ORIENTED_EDGE('',*,*,#4158,.T.);
#2127=ORIENTED_EDGE('',*,*,#4157,.F.);
#2128=ORIENTED_EDGE('',*,*,#4159,.F.);
#2129=ORIENTED_EDGE('',*,*,#4160,.T.);
#2130=ORIENTED_EDGE('',*,*,#4161,.T.);
#2131=ORIENTED_EDGE('',*,*,#4160,.F.);
#2132=ORIENTED_EDGE('',*,*,#4162,.F.);
#2133=ORIENTED_EDGE('',*,*,#4163,.T.);
#2134=ORIENTED_EDGE('',*,*,#4164,.T.);
#2135=ORIENTED_EDGE('',*,*,#4163,.F.);
#2136=ORIENTED_EDGE('',*,*,#4165,.F.);
#2137=ORIENTED_EDGE('',*,*,#4155,.T.);
#2138=ORIENTED_EDGE('',*,*,#4166,.T.);
#2139=ORIENTED_EDGE('',*,*,#4167,.F.);
#2140=ORIENTED_EDGE('',*,*,#4168,.F.);
#2141=ORIENTED_EDGE('',*,*,#4169,.T.);
#2142=ORIENTED_EDGE('',*,*,#4170,.T.);
#2143=ORIENTED_EDGE('',*,*,#4169,.F.);
#2144=ORIENTED_EDGE('',*,*,#4171,.F.);
#2145=ORIENTED_EDGE('',*,*,#4172,.T.);
#2146=ORIENTED_EDGE('',*,*,#4173,.T.);
#2147=ORIENTED_EDGE('',*,*,#4172,.F.);
#2148=ORIENTED_EDGE('',*,*,#4174,.F.);
#2149=ORIENTED_EDGE('',*,*,#4175,.T.);
#2150=ORIENTED_EDGE('',*,*,#4176,.T.);
#2151=ORIENTED_EDGE('',*,*,#4175,.F.);
#2152=ORIENTED_EDGE('',*,*,#4177,.F.);
#2153=ORIENTED_EDGE('',*,*,#4167,.T.);
#2154=ORIENTED_EDGE('',*,*,#4178,.T.);
#2155=ORIENTED_EDGE('',*,*,#4179,.F.);
#2156=ORIENTED_EDGE('',*,*,#4180,.F.);
#2157=ORIENTED_EDGE('',*,*,#4181,.T.);
#2158=ORIENTED_EDGE('',*,*,#4182,.T.);
#2159=ORIENTED_EDGE('',*,*,#4181,.F.);
#2160=ORIENTED_EDGE('',*,*,#4183,.F.);
#2161=ORIENTED_EDGE('',*,*,#4184,.T.);
#2162=ORIENTED_EDGE('',*,*,#4185,.T.);
#2163=ORIENTED_EDGE('',*,*,#4184,.F.);
#2164=ORIENTED_EDGE('',*,*,#4186,.F.);
#2165=ORIENTED_EDGE('',*,*,#4187,.T.);
#2166=ORIENTED_EDGE('',*,*,#4188,.T.);
#2167=ORIENTED_EDGE('',*,*,#4187,.F.);
#2168=ORIENTED_EDGE('',*,*,#4189,.F.);
#2169=ORIENTED_EDGE('',*,*,#4179,.T.);
#2170=ORIENTED_EDGE('',*,*,#4190,.T.);
#2171=ORIENTED_EDGE('',*,*,#4191,.F.);
#2172=ORIENTED_EDGE('',*,*,#4192,.F.);
#2173=ORIENTED_EDGE('',*,*,#4193,.T.);
#2174=ORIENTED_EDGE('',*,*,#4194,.T.);
#2175=ORIENTED_EDGE('',*,*,#4193,.F.);
#2176=ORIENTED_EDGE('',*,*,#4195,.F.);
#2177=ORIENTED_EDGE('',*,*,#4196,.T.);
#2178=ORIENTED_EDGE('',*,*,#4197,.T.);
#2179=ORIENTED_EDGE('',*,*,#4196,.F.);
#2180=ORIENTED_EDGE('',*,*,#4198,.F.);
#2181=ORIENTED_EDGE('',*,*,#4199,.T.);
#2182=ORIENTED_EDGE('',*,*,#4200,.T.);
#2183=ORIENTED_EDGE('',*,*,#4199,.F.);
#2184=ORIENTED_EDGE('',*,*,#4201,.F.);
#2185=ORIENTED_EDGE('',*,*,#4191,.T.);
#2186=ORIENTED_EDGE('',*,*,#4202,.T.);
#2187=ORIENTED_EDGE('',*,*,#4203,.F.);
#2188=ORIENTED_EDGE('',*,*,#4204,.F.);
#2189=ORIENTED_EDGE('',*,*,#4205,.T.);
#2190=ORIENTED_EDGE('',*,*,#4206,.T.);
#2191=ORIENTED_EDGE('',*,*,#4205,.F.);
#2192=ORIENTED_EDGE('',*,*,#4207,.F.);
#2193=ORIENTED_EDGE('',*,*,#4208,.T.);
#2194=ORIENTED_EDGE('',*,*,#4209,.T.);
#2195=ORIENTED_EDGE('',*,*,#4208,.F.);
#2196=ORIENTED_EDGE('',*,*,#4210,.F.);
#2197=ORIENTED_EDGE('',*,*,#4211,.T.);
#2198=ORIENTED_EDGE('',*,*,#4212,.T.);
#2199=ORIENTED_EDGE('',*,*,#4211,.F.);
#2200=ORIENTED_EDGE('',*,*,#4213,.F.);
#2201=ORIENTED_EDGE('',*,*,#4203,.T.);
#2202=ORIENTED_EDGE('',*,*,#4214,.T.);
#2203=ORIENTED_EDGE('',*,*,#4215,.F.);
#2204=ORIENTED_EDGE('',*,*,#4216,.F.);
#2205=ORIENTED_EDGE('',*,*,#4217,.T.);
#2206=ORIENTED_EDGE('',*,*,#4218,.T.);
#2207=ORIENTED_EDGE('',*,*,#4217,.F.);
#2208=ORIENTED_EDGE('',*,*,#4219,.F.);
#2209=ORIENTED_EDGE('',*,*,#4220,.T.);
#2210=ORIENTED_EDGE('',*,*,#4221,.T.);
#2211=ORIENTED_EDGE('',*,*,#4220,.F.);
#2212=ORIENTED_EDGE('',*,*,#4222,.F.);
#2213=ORIENTED_EDGE('',*,*,#4223,.T.);
#2214=ORIENTED_EDGE('',*,*,#4224,.T.);
#2215=ORIENTED_EDGE('',*,*,#4223,.F.);
#2216=ORIENTED_EDGE('',*,*,#4225,.F.);
#2217=ORIENTED_EDGE('',*,*,#4215,.T.);
#2218=ORIENTED_EDGE('',*,*,#4226,.T.);
#2219=ORIENTED_EDGE('',*,*,#4227,.F.);
#2220=ORIENTED_EDGE('',*,*,#4228,.F.);
#2221=ORIENTED_EDGE('',*,*,#4229,.T.);
#2222=ORIENTED_EDGE('',*,*,#4230,.T.);
#2223=ORIENTED_EDGE('',*,*,#4229,.F.);
#2224=ORIENTED_EDGE('',*,*,#4231,.F.);
#2225=ORIENTED_EDGE('',*,*,#4232,.T.);
#2226=ORIENTED_EDGE('',*,*,#4233,.T.);
#2227=ORIENTED_EDGE('',*,*,#4232,.F.);
#2228=ORIENTED_EDGE('',*,*,#4234,.F.);
#2229=ORIENTED_EDGE('',*,*,#4235,.T.);
#2230=ORIENTED_EDGE('',*,*,#4236,.T.);
#2231=ORIENTED_EDGE('',*,*,#4235,.F.);
#2232=ORIENTED_EDGE('',*,*,#4237,.F.);
#2233=ORIENTED_EDGE('',*,*,#4227,.T.);
#2234=ORIENTED_EDGE('',*,*,#4238,.T.);
#2235=ORIENTED_EDGE('',*,*,#4239,.F.);
#2236=ORIENTED_EDGE('',*,*,#4240,.F.);
#2237=ORIENTED_EDGE('',*,*,#4241,.T.);
#2238=ORIENTED_EDGE('',*,*,#4242,.T.);
#2239=ORIENTED_EDGE('',*,*,#4241,.F.);
#2240=ORIENTED_EDGE('',*,*,#4243,.F.);
#2241=ORIENTED_EDGE('',*,*,#4244,.T.);
#2242=ORIENTED_EDGE('',*,*,#4245,.T.);
#2243=ORIENTED_EDGE('',*,*,#4244,.F.);
#2244=ORIENTED_EDGE('',*,*,#4246,.F.);
#2245=ORIENTED_EDGE('',*,*,#4247,.T.);
#2246=ORIENTED_EDGE('',*,*,#4248,.T.);
#2247=ORIENTED_EDGE('',*,*,#4247,.F.);
#2248=ORIENTED_EDGE('',*,*,#4249,.F.);
#2249=ORIENTED_EDGE('',*,*,#4239,.T.);
#2250=ORIENTED_EDGE('',*,*,#4250,.T.);
#2251=ORIENTED_EDGE('',*,*,#4251,.F.);
#2252=ORIENTED_EDGE('',*,*,#4252,.F.);
#2253=ORIENTED_EDGE('',*,*,#4253,.T.);
#2254=ORIENTED_EDGE('',*,*,#4254,.T.);
#2255=ORIENTED_EDGE('',*,*,#4253,.F.);
#2256=ORIENTED_EDGE('',*,*,#4255,.F.);
#2257=ORIENTED_EDGE('',*,*,#4256,.T.);
#2258=ORIENTED_EDGE('',*,*,#4257,.T.);
#2259=ORIENTED_EDGE('',*,*,#4256,.F.);
#2260=ORIENTED_EDGE('',*,*,#4258,.F.);
#2261=ORIENTED_EDGE('',*,*,#4259,.T.);
#2262=ORIENTED_EDGE('',*,*,#4260,.T.);
#2263=ORIENTED_EDGE('',*,*,#4259,.F.);
#2264=ORIENTED_EDGE('',*,*,#4261,.F.);
#2265=ORIENTED_EDGE('',*,*,#4251,.T.);
#2266=ORIENTED_EDGE('',*,*,#4262,.T.);
#2267=ORIENTED_EDGE('',*,*,#4263,.F.);
#2268=ORIENTED_EDGE('',*,*,#4264,.F.);
#2269=ORIENTED_EDGE('',*,*,#4265,.T.);
#2270=ORIENTED_EDGE('',*,*,#4266,.T.);
#2271=ORIENTED_EDGE('',*,*,#4265,.F.);
#2272=ORIENTED_EDGE('',*,*,#4267,.F.);
#2273=ORIENTED_EDGE('',*,*,#4268,.T.);
#2274=ORIENTED_EDGE('',*,*,#4269,.T.);
#2275=ORIENTED_EDGE('',*,*,#4268,.F.);
#2276=ORIENTED_EDGE('',*,*,#4270,.F.);
#2277=ORIENTED_EDGE('',*,*,#4271,.T.);
#2278=ORIENTED_EDGE('',*,*,#4272,.T.);
#2279=ORIENTED_EDGE('',*,*,#4271,.F.);
#2280=ORIENTED_EDGE('',*,*,#4273,.F.);
#2281=ORIENTED_EDGE('',*,*,#4263,.T.);
#2282=ORIENTED_EDGE('',*,*,#4274,.T.);
#2283=ORIENTED_EDGE('',*,*,#4275,.F.);
#2284=ORIENTED_EDGE('',*,*,#4276,.F.);
#2285=ORIENTED_EDGE('',*,*,#4277,.T.);
#2286=ORIENTED_EDGE('',*,*,#4278,.T.);
#2287=ORIENTED_EDGE('',*,*,#4277,.F.);
#2288=ORIENTED_EDGE('',*,*,#4279,.F.);
#2289=ORIENTED_EDGE('',*,*,#4280,.T.);
#2290=ORIENTED_EDGE('',*,*,#4281,.T.);
#2291=ORIENTED_EDGE('',*,*,#4280,.F.);
#2292=ORIENTED_EDGE('',*,*,#4282,.F.);
#2293=ORIENTED_EDGE('',*,*,#4283,.T.);
#2294=ORIENTED_EDGE('',*,*,#4284,.T.);
#2295=ORIENTED_EDGE('',*,*,#4283,.F.);
#2296=ORIENTED_EDGE('',*,*,#4285,.F.);
#2297=ORIENTED_EDGE('',*,*,#4275,.T.);
#2298=ORIENTED_EDGE('',*,*,#4286,.T.);
#2299=ORIENTED_EDGE('',*,*,#4287,.F.);
#2300=ORIENTED_EDGE('',*,*,#4288,.F.);
#2301=ORIENTED_EDGE('',*,*,#4289,.T.);
#2302=ORIENTED_EDGE('',*,*,#4290,.T.);
#2303=ORIENTED_EDGE('',*,*,#4289,.F.);
#2304=ORIENTED_EDGE('',*,*,#4291,.F.);
#2305=ORIENTED_EDGE('',*,*,#4292,.T.);
#2306=ORIENTED_EDGE('',*,*,#4293,.T.);
#2307=ORIENTED_EDGE('',*,*,#4292,.F.);
#2308=ORIENTED_EDGE('',*,*,#4294,.F.);
#2309=ORIENTED_EDGE('',*,*,#4295,.T.);
#2310=ORIENTED_EDGE('',*,*,#4296,.T.);
#2311=ORIENTED_EDGE('',*,*,#4295,.F.);
#2312=ORIENTED_EDGE('',*,*,#4297,.F.);
#2313=ORIENTED_EDGE('',*,*,#4287,.T.);
#2314=ORIENTED_EDGE('',*,*,#4298,.T.);
#2315=ORIENTED_EDGE('',*,*,#4299,.F.);
#2316=ORIENTED_EDGE('',*,*,#4300,.F.);
#2317=ORIENTED_EDGE('',*,*,#4301,.T.);
#2318=ORIENTED_EDGE('',*,*,#4302,.T.);
#2319=ORIENTED_EDGE('',*,*,#4301,.F.);
#2320=ORIENTED_EDGE('',*,*,#4303,.F.);
#2321=ORIENTED_EDGE('',*,*,#4304,.T.);
#2322=ORIENTED_EDGE('',*,*,#4305,.T.);
#2323=ORIENTED_EDGE('',*,*,#4304,.F.);
#2324=ORIENTED_EDGE('',*,*,#4306,.F.);
#2325=ORIENTED_EDGE('',*,*,#4307,.T.);
#2326=ORIENTED_EDGE('',*,*,#4308,.T.);
#2327=ORIENTED_EDGE('',*,*,#4307,.F.);
#2328=ORIENTED_EDGE('',*,*,#4309,.F.);
#2329=ORIENTED_EDGE('',*,*,#4299,.T.);
#2330=ORIENTED_EDGE('',*,*,#4310,.T.);
#2331=ORIENTED_EDGE('',*,*,#4311,.F.);
#2332=ORIENTED_EDGE('',*,*,#4312,.F.);
#2333=ORIENTED_EDGE('',*,*,#4313,.T.);
#2334=ORIENTED_EDGE('',*,*,#4314,.T.);
#2335=ORIENTED_EDGE('',*,*,#4313,.F.);
#2336=ORIENTED_EDGE('',*,*,#4315,.F.);
#2337=ORIENTED_EDGE('',*,*,#4316,.T.);
#2338=ORIENTED_EDGE('',*,*,#4317,.T.);
#2339=ORIENTED_EDGE('',*,*,#4316,.F.);
#2340=ORIENTED_EDGE('',*,*,#4318,.F.);
#2341=ORIENTED_EDGE('',*,*,#4319,.T.);
#2342=ORIENTED_EDGE('',*,*,#4320,.T.);
#2343=ORIENTED_EDGE('',*,*,#4319,.F.);
#2344=ORIENTED_EDGE('',*,*,#4321,.F.);
#2345=ORIENTED_EDGE('',*,*,#4311,.T.);
#2346=ORIENTED_EDGE('',*,*,#4322,.T.);
#2347=ORIENTED_EDGE('',*,*,#4323,.F.);
#2348=ORIENTED_EDGE('',*,*,#4324,.F.);
#2349=ORIENTED_EDGE('',*,*,#4325,.T.);
#2350=ORIENTED_EDGE('',*,*,#4326,.T.);
#2351=ORIENTED_EDGE('',*,*,#4325,.F.);
#2352=ORIENTED_EDGE('',*,*,#4327,.F.);
#2353=ORIENTED_EDGE('',*,*,#4328,.T.);
#2354=ORIENTED_EDGE('',*,*,#4329,.T.);
#2355=ORIENTED_EDGE('',*,*,#4328,.F.);
#2356=ORIENTED_EDGE('',*,*,#4330,.F.);
#2357=ORIENTED_EDGE('',*,*,#4331,.T.);
#2358=ORIENTED_EDGE('',*,*,#4332,.T.);
#2359=ORIENTED_EDGE('',*,*,#4331,.F.);
#2360=ORIENTED_EDGE('',*,*,#4333,.F.);
#2361=ORIENTED_EDGE('',*,*,#4323,.T.);
#2362=ORIENTED_EDGE('',*,*,#4334,.T.);
#2363=ORIENTED_EDGE('',*,*,#4335,.F.);
#2364=ORIENTED_EDGE('',*,*,#4336,.F.);
#2365=ORIENTED_EDGE('',*,*,#4337,.T.);
#2366=ORIENTED_EDGE('',*,*,#4338,.T.);
#2367=ORIENTED_EDGE('',*,*,#4337,.F.);
#2368=ORIENTED_EDGE('',*,*,#4339,.F.);
#2369=ORIENTED_EDGE('',*,*,#4340,.T.);
#2370=ORIENTED_EDGE('',*,*,#4341,.T.);
#2371=ORIENTED_EDGE('',*,*,#4340,.F.);
#2372=ORIENTED_EDGE('',*,*,#4342,.F.);
#2373=ORIENTED_EDGE('',*,*,#4343,.T.);
#2374=ORIENTED_EDGE('',*,*,#4344,.T.);
#2375=ORIENTED_EDGE('',*,*,#4343,.F.);
#2376=ORIENTED_EDGE('',*,*,#4345,.F.);
#2377=ORIENTED_EDGE('',*,*,#4335,.T.);
#2378=ORIENTED_EDGE('',*,*,#4346,.T.);
#2379=ORIENTED_EDGE('',*,*,#4347,.F.);
#2380=ORIENTED_EDGE('',*,*,#4348,.F.);
#2381=ORIENTED_EDGE('',*,*,#4349,.T.);
#2382=ORIENTED_EDGE('',*,*,#4350,.T.);
#2383=ORIENTED_EDGE('',*,*,#4349,.F.);
#2384=ORIENTED_EDGE('',*,*,#4351,.F.);
#2385=ORIENTED_EDGE('',*,*,#4352,.T.);
#2386=ORIENTED_EDGE('',*,*,#4353,.T.);
#2387=ORIENTED_EDGE('',*,*,#4352,.F.);
#2388=ORIENTED_EDGE('',*,*,#4354,.F.);
#2389=ORIENTED_EDGE('',*,*,#4355,.T.);
#2390=ORIENTED_EDGE('',*,*,#4356,.T.);
#2391=ORIENTED_EDGE('',*,*,#4355,.F.);
#2392=ORIENTED_EDGE('',*,*,#4357,.F.);
#2393=ORIENTED_EDGE('',*,*,#4347,.T.);
#2394=ORIENTED_EDGE('',*,*,#4358,.T.);
#2395=ORIENTED_EDGE('',*,*,#4359,.F.);
#2396=ORIENTED_EDGE('',*,*,#4360,.T.);
#2397=ORIENTED_EDGE('',*,*,#4361,.F.);
#2398=ORIENTED_EDGE('',*,*,#4362,.F.);
#2399=ORIENTED_EDGE('',*,*,#4363,.T.);
#2400=ORIENTED_EDGE('',*,*,#4364,.T.);
#2401=ORIENTED_EDGE('',*,*,#4363,.F.);
#2402=ORIENTED_EDGE('',*,*,#4365,.F.);
#2403=ORIENTED_EDGE('',*,*,#4366,.T.);
#2404=ORIENTED_EDGE('',*,*,#4367,.T.);
#2405=ORIENTED_EDGE('',*,*,#4366,.F.);
#2406=ORIENTED_EDGE('',*,*,#4368,.F.);
#2407=ORIENTED_EDGE('',*,*,#4369,.T.);
#2408=ORIENTED_EDGE('',*,*,#4370,.T.);
#2409=ORIENTED_EDGE('',*,*,#4369,.F.);
#2410=ORIENTED_EDGE('',*,*,#4371,.F.);
#2411=ORIENTED_EDGE('',*,*,#4361,.T.);
#2412=ORIENTED_EDGE('',*,*,#4372,.T.);
#2413=ORIENTED_EDGE('',*,*,#4373,.F.);
#2414=ORIENTED_EDGE('',*,*,#4374,.F.);
#2415=ORIENTED_EDGE('',*,*,#4375,.T.);
#2416=ORIENTED_EDGE('',*,*,#4376,.T.);
#2417=ORIENTED_EDGE('',*,*,#4375,.F.);
#2418=ORIENTED_EDGE('',*,*,#4377,.F.);
#2419=ORIENTED_EDGE('',*,*,#4378,.T.);
#2420=ORIENTED_EDGE('',*,*,#4379,.T.);
#2421=ORIENTED_EDGE('',*,*,#4378,.F.);
#2422=ORIENTED_EDGE('',*,*,#4380,.F.);
#2423=ORIENTED_EDGE('',*,*,#4381,.T.);
#2424=ORIENTED_EDGE('',*,*,#4382,.T.);
#2425=ORIENTED_EDGE('',*,*,#4381,.F.);
#2426=ORIENTED_EDGE('',*,*,#4383,.F.);
#2427=ORIENTED_EDGE('',*,*,#4373,.T.);
#2428=ORIENTED_EDGE('',*,*,#4384,.T.);
#2429=ORIENTED_EDGE('',*,*,#4385,.F.);
#2430=ORIENTED_EDGE('',*,*,#4386,.F.);
#2431=ORIENTED_EDGE('',*,*,#4387,.T.);
#2432=ORIENTED_EDGE('',*,*,#4388,.T.);
#2433=ORIENTED_EDGE('',*,*,#4387,.F.);
#2434=ORIENTED_EDGE('',*,*,#4389,.F.);
#2435=ORIENTED_EDGE('',*,*,#4390,.T.);
#2436=ORIENTED_EDGE('',*,*,#4391,.T.);
#2437=ORIENTED_EDGE('',*,*,#4390,.F.);
#2438=ORIENTED_EDGE('',*,*,#4392,.F.);
#2439=ORIENTED_EDGE('',*,*,#4393,.T.);
#2440=ORIENTED_EDGE('',*,*,#4394,.T.);
#2441=ORIENTED_EDGE('',*,*,#4393,.F.);
#2442=ORIENTED_EDGE('',*,*,#4395,.F.);
#2443=ORIENTED_EDGE('',*,*,#4385,.T.);
#2444=ORIENTED_EDGE('',*,*,#4396,.T.);
#2445=ORIENTED_EDGE('',*,*,#4397,.F.);
#2446=ORIENTED_EDGE('',*,*,#4398,.F.);
#2447=ORIENTED_EDGE('',*,*,#4399,.F.);
#2448=ORIENTED_EDGE('',*,*,#4400,.T.);
#2449=ORIENTED_EDGE('',*,*,#4401,.T.);
#2450=ORIENTED_EDGE('',*,*,#4402,.F.);
#2451=ORIENTED_EDGE('',*,*,#4401,.F.);
#2452=ORIENTED_EDGE('',*,*,#4403,.T.);
#2453=ORIENTED_EDGE('',*,*,#4404,.T.);
#2454=ORIENTED_EDGE('',*,*,#4405,.F.);
#2455=ORIENTED_EDGE('',*,*,#4404,.F.);
#2456=ORIENTED_EDGE('',*,*,#4406,.T.);
#2457=ORIENTED_EDGE('',*,*,#4407,.T.);
#2458=ORIENTED_EDGE('',*,*,#4408,.F.);
#2459=ORIENTED_EDGE('',*,*,#4407,.F.);
#2460=ORIENTED_EDGE('',*,*,#4409,.T.);
#2461=ORIENTED_EDGE('',*,*,#4410,.T.);
#2462=ORIENTED_EDGE('',*,*,#4411,.T.);
#2463=ORIENTED_EDGE('',*,*,#4410,.F.);
#2464=ORIENTED_EDGE('',*,*,#4412,.F.);
#2465=ORIENTED_EDGE('',*,*,#4413,.T.);
#2466=ORIENTED_EDGE('',*,*,#4414,.F.);
#2467=ORIENTED_EDGE('',*,*,#4413,.F.);
#2468=ORIENTED_EDGE('',*,*,#4415,.T.);
#2469=ORIENTED_EDGE('',*,*,#4416,.T.);
#2470=ORIENTED_EDGE('',*,*,#4417,.F.);
#2471=ORIENTED_EDGE('',*,*,#4416,.F.);
#2472=ORIENTED_EDGE('',*,*,#4418,.T.);
#2473=ORIENTED_EDGE('',*,*,#4419,.T.);
#2474=ORIENTED_EDGE('',*,*,#4420,.F.);
#2475=ORIENTED_EDGE('',*,*,#4419,.F.);
#2476=ORIENTED_EDGE('',*,*,#4421,.T.);
#2477=ORIENTED_EDGE('',*,*,#4422,.T.);
#2478=ORIENTED_EDGE('',*,*,#4423,.F.);
#2479=ORIENTED_EDGE('',*,*,#4422,.F.);
#2480=ORIENTED_EDGE('',*,*,#4424,.T.);
#2481=ORIENTED_EDGE('',*,*,#4425,.T.);
#2482=ORIENTED_EDGE('',*,*,#4426,.F.);
#2483=ORIENTED_EDGE('',*,*,#4425,.F.);
#2484=ORIENTED_EDGE('',*,*,#4427,.T.);
#2485=ORIENTED_EDGE('',*,*,#4428,.T.);
#2486=ORIENTED_EDGE('',*,*,#4429,.F.);
#2487=ORIENTED_EDGE('',*,*,#4428,.F.);
#2488=ORIENTED_EDGE('',*,*,#4430,.T.);
#2489=ORIENTED_EDGE('',*,*,#4431,.T.);
#2490=ORIENTED_EDGE('',*,*,#4432,.F.);
#2491=ORIENTED_EDGE('',*,*,#4431,.F.);
#2492=ORIENTED_EDGE('',*,*,#4433,.T.);
#2493=ORIENTED_EDGE('',*,*,#4434,.T.);
#2494=ORIENTED_EDGE('',*,*,#4435,.T.);
#2495=ORIENTED_EDGE('',*,*,#4434,.F.);
#2496=ORIENTED_EDGE('',*,*,#4436,.F.);
#2497=ORIENTED_EDGE('',*,*,#4437,.T.);
#2498=ORIENTED_EDGE('',*,*,#4438,.F.);
#2499=ORIENTED_EDGE('',*,*,#4437,.F.);
#2500=ORIENTED_EDGE('',*,*,#4439,.T.);
#2501=ORIENTED_EDGE('',*,*,#4440,.T.);
#2502=ORIENTED_EDGE('',*,*,#4441,.F.);
#2503=ORIENTED_EDGE('',*,*,#4440,.F.);
#2504=ORIENTED_EDGE('',*,*,#4442,.T.);
#2505=ORIENTED_EDGE('',*,*,#4443,.T.);
#2506=ORIENTED_EDGE('',*,*,#4444,.F.);
#2507=ORIENTED_EDGE('',*,*,#4443,.F.);
#2508=ORIENTED_EDGE('',*,*,#4445,.T.);
#2509=ORIENTED_EDGE('',*,*,#4446,.T.);
#2510=ORIENTED_EDGE('',*,*,#4447,.T.);
#2511=ORIENTED_EDGE('',*,*,#4446,.F.);
#2512=ORIENTED_EDGE('',*,*,#4448,.F.);
#2513=ORIENTED_EDGE('',*,*,#4449,.T.);
#2514=ORIENTED_EDGE('',*,*,#4450,.T.);
#2515=ORIENTED_EDGE('',*,*,#4449,.F.);
#2516=ORIENTED_EDGE('',*,*,#4451,.F.);
#2517=ORIENTED_EDGE('',*,*,#4452,.T.);
#2518=ORIENTED_EDGE('',*,*,#4453,.F.);
#2519=ORIENTED_EDGE('',*,*,#4452,.F.);
#2520=ORIENTED_EDGE('',*,*,#4454,.T.);
#2521=ORIENTED_EDGE('',*,*,#4455,.T.);
#2522=ORIENTED_EDGE('',*,*,#4456,.F.);
#2523=ORIENTED_EDGE('',*,*,#4455,.F.);
#2524=ORIENTED_EDGE('',*,*,#4457,.T.);
#2525=ORIENTED_EDGE('',*,*,#4458,.T.);
#2526=ORIENTED_EDGE('',*,*,#4459,.F.);
#2527=ORIENTED_EDGE('',*,*,#4458,.F.);
#2528=ORIENTED_EDGE('',*,*,#4460,.T.);
#2529=ORIENTED_EDGE('',*,*,#4461,.T.);
#2530=ORIENTED_EDGE('',*,*,#4462,.F.);
#2531=ORIENTED_EDGE('',*,*,#4461,.F.);
#2532=ORIENTED_EDGE('',*,*,#4463,.T.);
#2533=ORIENTED_EDGE('',*,*,#4464,.T.);
#2534=ORIENTED_EDGE('',*,*,#4465,.F.);
#2535=ORIENTED_EDGE('',*,*,#4464,.F.);
#2536=ORIENTED_EDGE('',*,*,#4466,.T.);
#2537=ORIENTED_EDGE('',*,*,#4467,.T.);
#2538=ORIENTED_EDGE('',*,*,#4468,.F.);
#2539=ORIENTED_EDGE('',*,*,#4467,.F.);
#2540=ORIENTED_EDGE('',*,*,#4469,.T.);
#2541=ORIENTED_EDGE('',*,*,#4470,.T.);
#2542=ORIENTED_EDGE('',*,*,#4471,.T.);
#2543=ORIENTED_EDGE('',*,*,#4470,.F.);
#2544=ORIENTED_EDGE('',*,*,#4472,.F.);
#2545=ORIENTED_EDGE('',*,*,#4473,.T.);
#2546=ORIENTED_EDGE('',*,*,#4474,.T.);
#2547=ORIENTED_EDGE('',*,*,#4473,.F.);
#2548=ORIENTED_EDGE('',*,*,#4475,.F.);
#2549=ORIENTED_EDGE('',*,*,#4476,.T.);
#2550=ORIENTED_EDGE('',*,*,#4477,.F.);
#2551=ORIENTED_EDGE('',*,*,#4476,.F.);
#2552=ORIENTED_EDGE('',*,*,#4478,.T.);
#2553=ORIENTED_EDGE('',*,*,#4479,.T.);
#2554=ORIENTED_EDGE('',*,*,#4480,.F.);
#2555=ORIENTED_EDGE('',*,*,#4479,.F.);
#2556=ORIENTED_EDGE('',*,*,#4481,.T.);
#2557=ORIENTED_EDGE('',*,*,#4399,.T.);
#2558=ORIENTED_EDGE('',*,*,#4482,.F.);
#2559=ORIENTED_EDGE('',*,*,#4483,.F.);
#2560=ORIENTED_EDGE('',*,*,#4484,.T.);
#2561=ORIENTED_EDGE('',*,*,#4485,.T.);
#2562=ORIENTED_EDGE('',*,*,#4486,.F.);
#2563=ORIENTED_EDGE('',*,*,#4485,.F.);
#2564=ORIENTED_EDGE('',*,*,#4487,.T.);
#2565=ORIENTED_EDGE('',*,*,#4488,.T.);
#2566=ORIENTED_EDGE('',*,*,#4489,.F.);
#2567=ORIENTED_EDGE('',*,*,#4488,.F.);
#2568=ORIENTED_EDGE('',*,*,#4490,.T.);
#2569=ORIENTED_EDGE('',*,*,#4491,.T.);
#2570=ORIENTED_EDGE('',*,*,#4492,.F.);
#2571=ORIENTED_EDGE('',*,*,#4491,.F.);
#2572=ORIENTED_EDGE('',*,*,#4493,.T.);
#2573=ORIENTED_EDGE('',*,*,#4494,.T.);
#2574=ORIENTED_EDGE('',*,*,#4495,.T.);
#2575=ORIENTED_EDGE('',*,*,#4494,.F.);
#2576=ORIENTED_EDGE('',*,*,#4496,.F.);
#2577=ORIENTED_EDGE('',*,*,#4497,.T.);
#2578=ORIENTED_EDGE('',*,*,#4498,.F.);
#2579=ORIENTED_EDGE('',*,*,#4497,.F.);
#2580=ORIENTED_EDGE('',*,*,#4499,.T.);
#2581=ORIENTED_EDGE('',*,*,#4500,.T.);
#2582=ORIENTED_EDGE('',*,*,#4501,.F.);
#2583=ORIENTED_EDGE('',*,*,#4500,.F.);
#2584=ORIENTED_EDGE('',*,*,#4502,.T.);
#2585=ORIENTED_EDGE('',*,*,#4503,.T.);
#2586=ORIENTED_EDGE('',*,*,#4504,.F.);
#2587=ORIENTED_EDGE('',*,*,#4503,.F.);
#2588=ORIENTED_EDGE('',*,*,#4505,.T.);
#2589=ORIENTED_EDGE('',*,*,#4506,.T.);
#2590=ORIENTED_EDGE('',*,*,#4507,.F.);
#2591=ORIENTED_EDGE('',*,*,#4506,.F.);
#2592=ORIENTED_EDGE('',*,*,#4508,.T.);
#2593=ORIENTED_EDGE('',*,*,#4509,.T.);
#2594=ORIENTED_EDGE('',*,*,#4510,.F.);
#2595=ORIENTED_EDGE('',*,*,#4509,.F.);
#2596=ORIENTED_EDGE('',*,*,#4511,.T.);
#2597=ORIENTED_EDGE('',*,*,#4512,.T.);
#2598=ORIENTED_EDGE('',*,*,#4513,.F.);
#2599=ORIENTED_EDGE('',*,*,#4512,.F.);
#2600=ORIENTED_EDGE('',*,*,#4514,.T.);
#2601=ORIENTED_EDGE('',*,*,#4515,.T.);
#2602=ORIENTED_EDGE('',*,*,#4516,.F.);
#2603=ORIENTED_EDGE('',*,*,#4515,.F.);
#2604=ORIENTED_EDGE('',*,*,#4517,.T.);
#2605=ORIENTED_EDGE('',*,*,#4518,.T.);
#2606=ORIENTED_EDGE('',*,*,#4519,.T.);
#2607=ORIENTED_EDGE('',*,*,#4518,.F.);
#2608=ORIENTED_EDGE('',*,*,#4520,.F.);
#2609=ORIENTED_EDGE('',*,*,#4521,.T.);
#2610=ORIENTED_EDGE('',*,*,#4522,.F.);
#2611=ORIENTED_EDGE('',*,*,#4521,.F.);
#2612=ORIENTED_EDGE('',*,*,#4523,.T.);
#2613=ORIENTED_EDGE('',*,*,#4524,.T.);
#2614=ORIENTED_EDGE('',*,*,#4525,.F.);
#2615=ORIENTED_EDGE('',*,*,#4524,.F.);
#2616=ORIENTED_EDGE('',*,*,#4526,.T.);
#2617=ORIENTED_EDGE('',*,*,#4527,.T.);
#2618=ORIENTED_EDGE('',*,*,#4528,.F.);
#2619=ORIENTED_EDGE('',*,*,#4527,.F.);
#2620=ORIENTED_EDGE('',*,*,#4529,.T.);
#2621=ORIENTED_EDGE('',*,*,#4530,.T.);
#2622=ORIENTED_EDGE('',*,*,#4531,.T.);
#2623=ORIENTED_EDGE('',*,*,#4530,.F.);
#2624=ORIENTED_EDGE('',*,*,#4532,.F.);
#2625=ORIENTED_EDGE('',*,*,#4533,.T.);
#2626=ORIENTED_EDGE('',*,*,#4534,.T.);
#2627=ORIENTED_EDGE('',*,*,#4533,.F.);
#2628=ORIENTED_EDGE('',*,*,#4535,.F.);
#2629=ORIENTED_EDGE('',*,*,#4536,.T.);
#2630=ORIENTED_EDGE('',*,*,#4537,.F.);
#2631=ORIENTED_EDGE('',*,*,#4536,.F.);
#2632=ORIENTED_EDGE('',*,*,#4538,.T.);
#2633=ORIENTED_EDGE('',*,*,#4539,.T.);
#2634=ORIENTED_EDGE('',*,*,#4540,.F.);
#2635=ORIENTED_EDGE('',*,*,#4539,.F.);
#2636=ORIENTED_EDGE('',*,*,#4541,.T.);
#2637=ORIENTED_EDGE('',*,*,#4542,.T.);
#2638=ORIENTED_EDGE('',*,*,#4543,.F.);
#2639=ORIENTED_EDGE('',*,*,#4542,.F.);
#2640=ORIENTED_EDGE('',*,*,#4544,.T.);
#2641=ORIENTED_EDGE('',*,*,#4545,.T.);
#2642=ORIENTED_EDGE('',*,*,#4546,.F.);
#2643=ORIENTED_EDGE('',*,*,#4545,.F.);
#2644=ORIENTED_EDGE('',*,*,#4547,.T.);
#2645=ORIENTED_EDGE('',*,*,#4548,.T.);
#2646=ORIENTED_EDGE('',*,*,#4549,.F.);
#2647=ORIENTED_EDGE('',*,*,#4548,.F.);
#2648=ORIENTED_EDGE('',*,*,#4550,.T.);
#2649=ORIENTED_EDGE('',*,*,#4551,.T.);
#2650=ORIENTED_EDGE('',*,*,#4552,.F.);
#2651=ORIENTED_EDGE('',*,*,#4551,.F.);
#2652=ORIENTED_EDGE('',*,*,#4553,.T.);
#2653=ORIENTED_EDGE('',*,*,#4554,.T.);
#2654=ORIENTED_EDGE('',*,*,#4555,.T.);
#2655=ORIENTED_EDGE('',*,*,#4554,.F.);
#2656=ORIENTED_EDGE('',*,*,#4556,.F.);
#2657=ORIENTED_EDGE('',*,*,#4557,.T.);
#2658=ORIENTED_EDGE('',*,*,#4558,.T.);
#2659=ORIENTED_EDGE('',*,*,#4557,.F.);
#2660=ORIENTED_EDGE('',*,*,#4559,.F.);
#2661=ORIENTED_EDGE('',*,*,#4560,.T.);
#2662=ORIENTED_EDGE('',*,*,#4561,.F.);
#2663=ORIENTED_EDGE('',*,*,#4560,.F.);
#2664=ORIENTED_EDGE('',*,*,#4562,.T.);
#2665=ORIENTED_EDGE('',*,*,#4563,.T.);
#2666=ORIENTED_EDGE('',*,*,#4564,.F.);
#2667=ORIENTED_EDGE('',*,*,#4563,.F.);
#2668=ORIENTED_EDGE('',*,*,#4565,.T.);
#2669=ORIENTED_EDGE('',*,*,#4483,.T.);
#2670=ORIENTED_EDGE('',*,*,#4566,.T.);
#2671=ORIENTED_EDGE('',*,*,#4567,.F.);
#2672=ORIENTED_EDGE('',*,*,#4568,.T.);
#2673=ORIENTED_EDGE('',*,*,#4569,.F.);
#2674=ORIENTED_EDGE('',*,*,#4570,.F.);
#2675=ORIENTED_EDGE('',*,*,#4571,.T.);
#2676=ORIENTED_EDGE('',*,*,#4572,.T.);
#2677=ORIENTED_EDGE('',*,*,#4571,.F.);
#2678=ORIENTED_EDGE('',*,*,#4573,.F.);
#2679=ORIENTED_EDGE('',*,*,#4574,.T.);
#2680=ORIENTED_EDGE('',*,*,#4575,.T.);
#2681=ORIENTED_EDGE('',*,*,#4574,.F.);
#2682=ORIENTED_EDGE('',*,*,#4576,.F.);
#2683=ORIENTED_EDGE('',*,*,#4577,.T.);
#2684=ORIENTED_EDGE('',*,*,#4578,.T.);
#2685=ORIENTED_EDGE('',*,*,#4577,.F.);
#2686=ORIENTED_EDGE('',*,*,#4579,.F.);
#2687=ORIENTED_EDGE('',*,*,#4569,.T.);
#2688=ORIENTED_EDGE('',*,*,#4580,.T.);
#2689=ORIENTED_EDGE('',*,*,#4581,.F.);
#2690=ORIENTED_EDGE('',*,*,#4582,.T.);
#2691=ORIENTED_EDGE('',*,*,#4583,.F.);
#2692=ORIENTED_EDGE('',*,*,#4584,.T.);
#2693=ORIENTED_EDGE('',*,*,#4585,.F.);
#2694=ORIENTED_EDGE('',*,*,#4586,.F.);
#2695=ORIENTED_EDGE('',*,*,#4587,.T.);
#2696=ORIENTED_EDGE('',*,*,#4588,.T.);
#2697=ORIENTED_EDGE('',*,*,#4587,.F.);
#2698=ORIENTED_EDGE('',*,*,#4589,.F.);
#2699=ORIENTED_EDGE('',*,*,#4590,.T.);
#2700=ORIENTED_EDGE('',*,*,#4591,.T.);
#2701=ORIENTED_EDGE('',*,*,#4590,.F.);
#2702=ORIENTED_EDGE('',*,*,#4592,.F.);
#2703=ORIENTED_EDGE('',*,*,#4593,.T.);
#2704=ORIENTED_EDGE('',*,*,#4594,.T.);
#2705=ORIENTED_EDGE('',*,*,#4593,.F.);
#2706=ORIENTED_EDGE('',*,*,#4595,.F.);
#2707=ORIENTED_EDGE('',*,*,#4585,.T.);
#2708=ORIENTED_EDGE('',*,*,#4596,.T.);
#2709=ORIENTED_EDGE('',*,*,#4597,.F.);
#2710=ORIENTED_EDGE('',*,*,#4598,.T.);
#2711=ORIENTED_EDGE('',*,*,#4599,.F.);
#2712=ORIENTED_EDGE('',*,*,#4600,.F.);
#2713=ORIENTED_EDGE('',*,*,#4601,.T.);
#2714=ORIENTED_EDGE('',*,*,#4602,.T.);
#2715=ORIENTED_EDGE('',*,*,#4601,.F.);
#2716=ORIENTED_EDGE('',*,*,#4603,.F.);
#2717=ORIENTED_EDGE('',*,*,#4604,.T.);
#2718=ORIENTED_EDGE('',*,*,#4605,.T.);
#2719=ORIENTED_EDGE('',*,*,#4604,.F.);
#2720=ORIENTED_EDGE('',*,*,#4606,.F.);
#2721=ORIENTED_EDGE('',*,*,#4607,.T.);
#2722=ORIENTED_EDGE('',*,*,#4608,.T.);
#2723=ORIENTED_EDGE('',*,*,#4607,.F.);
#2724=ORIENTED_EDGE('',*,*,#4609,.F.);
#2725=ORIENTED_EDGE('',*,*,#4599,.T.);
#2726=ORIENTED_EDGE('',*,*,#4610,.T.);
#2727=ORIENTED_EDGE('',*,*,#4611,.F.);
#2728=ORIENTED_EDGE('',*,*,#4612,.F.);
#2729=ORIENTED_EDGE('',*,*,#4613,.T.);
#2730=ORIENTED_EDGE('',*,*,#4614,.T.);
#2731=ORIENTED_EDGE('',*,*,#4613,.F.);
#2732=ORIENTED_EDGE('',*,*,#4615,.F.);
#2733=ORIENTED_EDGE('',*,*,#4616,.T.);
#2734=ORIENTED_EDGE('',*,*,#4617,.T.);
#2735=ORIENTED_EDGE('',*,*,#4616,.F.);
#2736=ORIENTED_EDGE('',*,*,#4618,.F.);
#2737=ORIENTED_EDGE('',*,*,#4619,.T.);
#2738=ORIENTED_EDGE('',*,*,#4620,.T.);
#2739=ORIENTED_EDGE('',*,*,#4619,.F.);
#2740=ORIENTED_EDGE('',*,*,#4621,.F.);
#2741=ORIENTED_EDGE('',*,*,#4611,.T.);
#2742=ORIENTED_EDGE('',*,*,#4622,.T.);
#2743=ORIENTED_EDGE('',*,*,#4623,.F.);
#2744=ORIENTED_EDGE('',*,*,#4624,.T.);
#2745=ORIENTED_EDGE('',*,*,#4625,.F.);
#2746=ORIENTED_EDGE('',*,*,#4626,.F.);
#2747=ORIENTED_EDGE('',*,*,#4627,.T.);
#2748=ORIENTED_EDGE('',*,*,#4628,.T.);
#2749=ORIENTED_EDGE('',*,*,#4627,.F.);
#2750=ORIENTED_EDGE('',*,*,#4629,.F.);
#2751=ORIENTED_EDGE('',*,*,#4630,.T.);
#2752=ORIENTED_EDGE('',*,*,#4631,.T.);
#2753=ORIENTED_EDGE('',*,*,#4630,.F.);
#2754=ORIENTED_EDGE('',*,*,#4632,.F.);
#2755=ORIENTED_EDGE('',*,*,#4633,.T.);
#2756=ORIENTED_EDGE('',*,*,#4634,.T.);
#2757=ORIENTED_EDGE('',*,*,#4633,.F.);
#2758=ORIENTED_EDGE('',*,*,#4635,.F.);
#2759=ORIENTED_EDGE('',*,*,#4625,.T.);
#2760=ORIENTED_EDGE('',*,*,#4636,.T.);
#2761=ORIENTED_EDGE('',*,*,#4637,.F.);
#2762=ORIENTED_EDGE('',*,*,#4638,.T.);
#2763=ORIENTED_EDGE('',*,*,#4639,.F.);
#2764=ORIENTED_EDGE('',*,*,#4640,.F.);
#2765=ORIENTED_EDGE('',*,*,#4641,.T.);
#2766=ORIENTED_EDGE('',*,*,#4642,.T.);
#2767=ORIENTED_EDGE('',*,*,#4641,.F.);
#2768=ORIENTED_EDGE('',*,*,#4643,.F.);
#2769=ORIENTED_EDGE('',*,*,#4644,.T.);
#2770=ORIENTED_EDGE('',*,*,#4645,.T.);
#2771=ORIENTED_EDGE('',*,*,#4644,.F.);
#2772=ORIENTED_EDGE('',*,*,#4646,.F.);
#2773=ORIENTED_EDGE('',*,*,#4647,.T.);
#2774=ORIENTED_EDGE('',*,*,#4648,.T.);
#2775=ORIENTED_EDGE('',*,*,#4647,.F.);
#2776=ORIENTED_EDGE('',*,*,#4649,.F.);
#2777=ORIENTED_EDGE('',*,*,#4639,.T.);
#2778=ORIENTED_EDGE('',*,*,#4650,.T.);
#2779=ORIENTED_EDGE('',*,*,#4651,.F.);
#2780=ORIENTED_EDGE('',*,*,#4652,.T.);
#2781=ORIENTED_EDGE('',*,*,#4653,.F.);
#2782=ORIENTED_EDGE('',*,*,#4654,.F.);
#2783=ORIENTED_EDGE('',*,*,#4655,.T.);
#2784=ORIENTED_EDGE('',*,*,#4656,.T.);
#2785=ORIENTED_EDGE('',*,*,#4655,.F.);
#2786=ORIENTED_EDGE('',*,*,#4657,.F.);
#2787=ORIENTED_EDGE('',*,*,#4658,.T.);
#2788=ORIENTED_EDGE('',*,*,#4659,.T.);
#2789=ORIENTED_EDGE('',*,*,#4658,.F.);
#2790=ORIENTED_EDGE('',*,*,#4660,.F.);
#2791=ORIENTED_EDGE('',*,*,#4661,.T.);
#2792=ORIENTED_EDGE('',*,*,#4662,.T.);
#2793=ORIENTED_EDGE('',*,*,#4661,.F.);
#2794=ORIENTED_EDGE('',*,*,#4663,.F.);
#2795=ORIENTED_EDGE('',*,*,#4653,.T.);
#2796=ORIENTED_EDGE('',*,*,#4664,.F.);
#2797=ORIENTED_EDGE('',*,*,#4665,.F.);
#2798=ORIENTED_EDGE('',*,*,#4666,.F.);
#2799=ORIENTED_EDGE('',*,*,#4126,.F.);
#2800=ORIENTED_EDGE('',*,*,#4667,.F.);
#2801=ORIENTED_EDGE('',*,*,#4124,.F.);
#2802=ORIENTED_EDGE('',*,*,#4668,.F.);
#2803=ORIENTED_EDGE('',*,*,#4669,.F.);
#2804=ORIENTED_EDGE('',*,*,#4670,.T.);
#2805=ORIENTED_EDGE('',*,*,#4671,.F.);
#2806=ORIENTED_EDGE('',*,*,#4672,.F.);
#2807=ORIENTED_EDGE('',*,*,#4673,.T.);
#2808=ORIENTED_EDGE('',*,*,#4674,.T.);
#2809=ORIENTED_EDGE('',*,*,#4675,.F.);
#2810=ORIENTED_EDGE('',*,*,#4676,.F.);
#2811=ORIENTED_EDGE('',*,*,#4677,.T.);
#2812=ORIENTED_EDGE('',*,*,#4678,.F.);
#2813=ORIENTED_EDGE('',*,*,#4679,.F.);
#2814=ORIENTED_EDGE('',*,*,#4680,.F.);
#2815=ORIENTED_EDGE('',*,*,#4129,.F.);
#2816=ORIENTED_EDGE('',*,*,#4681,.T.);
#2817=ORIENTED_EDGE('',*,*,#4682,.F.);
#2818=ORIENTED_EDGE('',*,*,#4683,.F.);
#2819=ORIENTED_EDGE('',*,*,#4127,.F.);
#2820=ORIENTED_EDGE('',*,*,#4684,.T.);
#2821=ORIENTED_EDGE('',*,*,#4685,.T.);
#2822=ORIENTED_EDGE('',*,*,#4686,.T.);
#2823=ORIENTED_EDGE('',*,*,#4119,.T.);
#2824=ORIENTED_EDGE('',*,*,#4121,.F.);
#2825=ORIENTED_EDGE('',*,*,#4680,.T.);
#2826=ORIENTED_EDGE('',*,*,#4686,.F.);
#2827=ORIENTED_EDGE('',*,*,#4687,.T.);
#2828=ORIENTED_EDGE('',*,*,#4120,.T.);
#2829=ORIENTED_EDGE('',*,*,#4688,.T.);
#2830=ORIENTED_EDGE('',*,*,#4668,.T.);
#2831=ORIENTED_EDGE('',*,*,#4113,.F.);
#2832=ORIENTED_EDGE('',*,*,#4115,.T.);
#2833=ORIENTED_EDGE('',*,*,#4666,.T.);
#2834=ORIENTED_EDGE('',*,*,#4689,.F.);
#2835=ORIENTED_EDGE('',*,*,#4116,.T.);
#2836=ORIENTED_EDGE('',*,*,#4690,.T.);
#2837=ORIENTED_EDGE('',*,*,#4691,.F.);
#2838=ORIENTED_EDGE('',*,*,#4691,.T.);
#2839=ORIENTED_EDGE('',*,*,#4692,.T.);
#2840=ORIENTED_EDGE('',*,*,#4693,.T.);
#2841=ORIENTED_EDGE('',*,*,#4681,.F.);
#2842=ORIENTED_EDGE('',*,*,#4122,.T.);
#2843=ORIENTED_EDGE('',*,*,#4117,.T.);
#2844=ORIENTED_EDGE('',*,*,#4694,.F.);
#2845=ORIENTED_EDGE('',*,*,#4695,.T.);
#2846=ORIENTED_EDGE('',*,*,#4696,.F.);
#2847=ORIENTED_EDGE('',*,*,#4688,.F.);
#2848=ORIENTED_EDGE('',*,*,#4687,.F.);
#2849=ORIENTED_EDGE('',*,*,#4685,.F.);
#2850=ORIENTED_EDGE('',*,*,#4697,.F.);
#2851=ORIENTED_EDGE('',*,*,#4698,.T.);
#2852=ORIENTED_EDGE('',*,*,#4694,.T.);
#2853=ORIENTED_EDGE('',*,*,#4684,.F.);
#2854=ORIENTED_EDGE('',*,*,#4699,.F.);
#2855=ORIENTED_EDGE('',*,*,#4697,.T.);
#2856=ORIENTED_EDGE('',*,*,#4679,.T.);
#2857=ORIENTED_EDGE('',*,*,#4700,.F.);
#2858=ORIENTED_EDGE('',*,*,#4696,.T.);
#2859=ORIENTED_EDGE('',*,*,#4701,.T.);
#2860=ORIENTED_EDGE('',*,*,#4702,.F.);
#2861=ORIENTED_EDGE('',*,*,#4669,.T.);
#2862=ORIENTED_EDGE('',*,*,#4703,.F.);
#2863=ORIENTED_EDGE('',*,*,#4704,.F.);
#2864=ORIENTED_EDGE('',*,*,#4675,.T.);
#2865=ORIENTED_EDGE('',*,*,#4705,.T.);
#2866=ORIENTED_EDGE('',*,*,#4112,.F.);
#2867=ORIENTED_EDGE('',*,*,#4706,.T.);
#2868=ORIENTED_EDGE('',*,*,#4677,.F.);
#2869=ORIENTED_EDGE('',*,*,#4707,.F.);
#2870=ORIENTED_EDGE('',*,*,#4110,.F.);
#2871=ORIENTED_EDGE('',*,*,#4708,.F.);
#2872=ORIENTED_EDGE('',*,*,#4671,.T.);
#2873=ORIENTED_EDGE('',*,*,#4709,.T.);
#2874=ORIENTED_EDGE('',*,*,#4710,.F.);
#2875=ORIENTED_EDGE('',*,*,#4711,.T.);
#2876=ORIENTED_EDGE('',*,*,#4673,.F.);
#2877=ORIENTED_EDGE('',*,*,#4712,.F.);
#2878=ORIENTED_EDGE('',*,*,#4713,.F.);
#2879=ORIENTED_EDGE('',*,*,#4714,.T.);
#2880=ORIENTED_EDGE('',*,*,#4715,.F.);
#2881=ORIENTED_EDGE('',*,*,#4692,.F.);
#2882=ORIENTED_EDGE('',*,*,#4690,.F.);
#2883=ORIENTED_EDGE('',*,*,#4689,.T.);
#2884=ORIENTED_EDGE('',*,*,#4715,.T.);
#2885=ORIENTED_EDGE('',*,*,#4716,.T.);
#2886=ORIENTED_EDGE('',*,*,#4717,.F.);
#2887=ORIENTED_EDGE('',*,*,#4693,.F.);
#2888=ORIENTED_EDGE('',*,*,#4717,.T.);
#2889=ORIENTED_EDGE('',*,*,#4718,.T.);
#2890=ORIENTED_EDGE('',*,*,#4719,.T.);
#2891=ORIENTED_EDGE('',*,*,#4682,.T.);
#2892=ORIENTED_EDGE('',*,*,#4720,.F.);
#2893=ORIENTED_EDGE('',*,*,#4713,.T.);
#2894=ORIENTED_EDGE('',*,*,#4665,.T.);
#2895=ORIENTED_EDGE('',*,*,#4721,.T.);
#2896=ORIENTED_EDGE('',*,*,#4663,.T.);
#2897=ORIENTED_EDGE('',*,*,#4660,.T.);
#2898=ORIENTED_EDGE('',*,*,#4657,.T.);
#2899=ORIENTED_EDGE('',*,*,#4654,.T.);
#2900=ORIENTED_EDGE('',*,*,#4650,.F.);
#2901=ORIENTED_EDGE('',*,*,#4649,.T.);
#2902=ORIENTED_EDGE('',*,*,#4646,.T.);
#2903=ORIENTED_EDGE('',*,*,#4643,.T.);
#2904=ORIENTED_EDGE('',*,*,#4640,.T.);
#2905=ORIENTED_EDGE('',*,*,#4636,.F.);
#2906=ORIENTED_EDGE('',*,*,#4635,.T.);
#2907=ORIENTED_EDGE('',*,*,#4632,.T.);
#2908=ORIENTED_EDGE('',*,*,#4629,.T.);
#2909=ORIENTED_EDGE('',*,*,#4626,.T.);
#2910=ORIENTED_EDGE('',*,*,#4622,.F.);
#2911=ORIENTED_EDGE('',*,*,#4621,.T.);
#2912=ORIENTED_EDGE('',*,*,#4618,.T.);
#2913=ORIENTED_EDGE('',*,*,#4615,.T.);
#2914=ORIENTED_EDGE('',*,*,#4612,.T.);
#2915=ORIENTED_EDGE('',*,*,#4609,.T.);
#2916=ORIENTED_EDGE('',*,*,#4606,.T.);
#2917=ORIENTED_EDGE('',*,*,#4603,.T.);
#2918=ORIENTED_EDGE('',*,*,#4600,.T.);
#2919=ORIENTED_EDGE('',*,*,#4596,.F.);
#2920=ORIENTED_EDGE('',*,*,#4595,.T.);
#2921=ORIENTED_EDGE('',*,*,#4592,.T.);
#2922=ORIENTED_EDGE('',*,*,#4589,.T.);
#2923=ORIENTED_EDGE('',*,*,#4586,.T.);
#2924=ORIENTED_EDGE('',*,*,#4582,.F.);
#2925=ORIENTED_EDGE('',*,*,#4580,.F.);
#2926=ORIENTED_EDGE('',*,*,#4579,.T.);
#2927=ORIENTED_EDGE('',*,*,#4576,.T.);
#2928=ORIENTED_EDGE('',*,*,#4573,.T.);
#2929=ORIENTED_EDGE('',*,*,#4570,.T.);
#2930=ORIENTED_EDGE('',*,*,#4566,.F.);
#2931=ORIENTED_EDGE('',*,*,#4565,.F.);
#2932=ORIENTED_EDGE('',*,*,#4562,.F.);
#2933=ORIENTED_EDGE('',*,*,#4559,.T.);
#2934=ORIENTED_EDGE('',*,*,#4556,.T.);
#2935=ORIENTED_EDGE('',*,*,#4553,.F.);
#2936=ORIENTED_EDGE('',*,*,#4550,.F.);
#2937=ORIENTED_EDGE('',*,*,#4547,.F.);
#2938=ORIENTED_EDGE('',*,*,#4544,.F.);
#2939=ORIENTED_EDGE('',*,*,#4541,.F.);
#2940=ORIENTED_EDGE('',*,*,#4538,.F.);
#2941=ORIENTED_EDGE('',*,*,#4535,.T.);
#2942=ORIENTED_EDGE('',*,*,#4532,.T.);
#2943=ORIENTED_EDGE('',*,*,#4529,.F.);
#2944=ORIENTED_EDGE('',*,*,#4526,.F.);
#2945=ORIENTED_EDGE('',*,*,#4523,.F.);
#2946=ORIENTED_EDGE('',*,*,#4520,.T.);
#2947=ORIENTED_EDGE('',*,*,#4517,.F.);
#2948=ORIENTED_EDGE('',*,*,#4514,.F.);
#2949=ORIENTED_EDGE('',*,*,#4511,.F.);
#2950=ORIENTED_EDGE('',*,*,#4508,.F.);
#2951=ORIENTED_EDGE('',*,*,#4505,.F.);
#2952=ORIENTED_EDGE('',*,*,#4502,.F.);
#2953=ORIENTED_EDGE('',*,*,#4499,.F.);
#2954=ORIENTED_EDGE('',*,*,#4496,.T.);
#2955=ORIENTED_EDGE('',*,*,#4493,.F.);
#2956=ORIENTED_EDGE('',*,*,#4490,.F.);
#2957=ORIENTED_EDGE('',*,*,#4487,.F.);
#2958=ORIENTED_EDGE('',*,*,#4484,.F.);
#2959=ORIENTED_EDGE('',*,*,#4481,.F.);
#2960=ORIENTED_EDGE('',*,*,#4478,.F.);
#2961=ORIENTED_EDGE('',*,*,#4475,.T.);
#2962=ORIENTED_EDGE('',*,*,#4472,.T.);
#2963=ORIENTED_EDGE('',*,*,#4469,.F.);
#2964=ORIENTED_EDGE('',*,*,#4466,.F.);
#2965=ORIENTED_EDGE('',*,*,#4463,.F.);
#2966=ORIENTED_EDGE('',*,*,#4460,.F.);
#2967=ORIENTED_EDGE('',*,*,#4457,.F.);
#2968=ORIENTED_EDGE('',*,*,#4454,.F.);
#2969=ORIENTED_EDGE('',*,*,#4451,.T.);
#2970=ORIENTED_EDGE('',*,*,#4448,.T.);
#2971=ORIENTED_EDGE('',*,*,#4445,.F.);
#2972=ORIENTED_EDGE('',*,*,#4442,.F.);
#2973=ORIENTED_EDGE('',*,*,#4439,.F.);
#2974=ORIENTED_EDGE('',*,*,#4436,.T.);
#2975=ORIENTED_EDGE('',*,*,#4433,.F.);
#2976=ORIENTED_EDGE('',*,*,#4430,.F.);
#2977=ORIENTED_EDGE('',*,*,#4427,.F.);
#2978=ORIENTED_EDGE('',*,*,#4424,.F.);
#2979=ORIENTED_EDGE('',*,*,#4421,.F.);
#2980=ORIENTED_EDGE('',*,*,#4418,.F.);
#2981=ORIENTED_EDGE('',*,*,#4415,.F.);
#2982=ORIENTED_EDGE('',*,*,#4412,.T.);
#2983=ORIENTED_EDGE('',*,*,#4409,.F.);
#2984=ORIENTED_EDGE('',*,*,#4406,.F.);
#2985=ORIENTED_EDGE('',*,*,#4403,.F.);
#2986=ORIENTED_EDGE('',*,*,#4400,.F.);
#2987=ORIENTED_EDGE('',*,*,#4396,.F.);
#2988=ORIENTED_EDGE('',*,*,#4395,.T.);
#2989=ORIENTED_EDGE('',*,*,#4392,.T.);
#2990=ORIENTED_EDGE('',*,*,#4389,.T.);
#2991=ORIENTED_EDGE('',*,*,#4386,.T.);
#2992=ORIENTED_EDGE('',*,*,#4383,.T.);
#2993=ORIENTED_EDGE('',*,*,#4380,.T.);
#2994=ORIENTED_EDGE('',*,*,#4377,.T.);
#2995=ORIENTED_EDGE('',*,*,#4374,.T.);
#2996=ORIENTED_EDGE('',*,*,#4371,.T.);
#2997=ORIENTED_EDGE('',*,*,#4368,.T.);
#2998=ORIENTED_EDGE('',*,*,#4365,.T.);
#2999=ORIENTED_EDGE('',*,*,#4362,.T.);
#3000=ORIENTED_EDGE('',*,*,#4358,.F.);
#3001=ORIENTED_EDGE('',*,*,#4357,.T.);
#3002=ORIENTED_EDGE('',*,*,#4354,.T.);
#3003=ORIENTED_EDGE('',*,*,#4351,.T.);
#3004=ORIENTED_EDGE('',*,*,#4348,.T.);
#3005=ORIENTED_EDGE('',*,*,#4345,.T.);
#3006=ORIENTED_EDGE('',*,*,#4342,.T.);
#3007=ORIENTED_EDGE('',*,*,#4339,.T.);
#3008=ORIENTED_EDGE('',*,*,#4336,.T.);
#3009=ORIENTED_EDGE('',*,*,#4333,.T.);
#3010=ORIENTED_EDGE('',*,*,#4330,.T.);
#3011=ORIENTED_EDGE('',*,*,#4327,.T.);
#3012=ORIENTED_EDGE('',*,*,#4324,.T.);
#3013=ORIENTED_EDGE('',*,*,#4321,.T.);
#3014=ORIENTED_EDGE('',*,*,#4318,.T.);
#3015=ORIENTED_EDGE('',*,*,#4315,.T.);
#3016=ORIENTED_EDGE('',*,*,#4312,.T.);
#3017=ORIENTED_EDGE('',*,*,#4309,.T.);
#3018=ORIENTED_EDGE('',*,*,#4306,.T.);
#3019=ORIENTED_EDGE('',*,*,#4303,.T.);
#3020=ORIENTED_EDGE('',*,*,#4300,.T.);
#3021=ORIENTED_EDGE('',*,*,#4297,.T.);
#3022=ORIENTED_EDGE('',*,*,#4294,.T.);
#3023=ORIENTED_EDGE('',*,*,#4291,.T.);
#3024=ORIENTED_EDGE('',*,*,#4288,.T.);
#3025=ORIENTED_EDGE('',*,*,#4285,.T.);
#3026=ORIENTED_EDGE('',*,*,#4282,.T.);
#3027=ORIENTED_EDGE('',*,*,#4279,.T.);
#3028=ORIENTED_EDGE('',*,*,#4276,.T.);
#3029=ORIENTED_EDGE('',*,*,#4273,.T.);
#3030=ORIENTED_EDGE('',*,*,#4270,.T.);
#3031=ORIENTED_EDGE('',*,*,#4267,.T.);
#3032=ORIENTED_EDGE('',*,*,#4264,.T.);
#3033=ORIENTED_EDGE('',*,*,#4261,.T.);
#3034=ORIENTED_EDGE('',*,*,#4258,.T.);
#3035=ORIENTED_EDGE('',*,*,#4255,.T.);
#3036=ORIENTED_EDGE('',*,*,#4252,.T.);
#3037=ORIENTED_EDGE('',*,*,#4249,.T.);
#3038=ORIENTED_EDGE('',*,*,#4246,.T.);
#3039=ORIENTED_EDGE('',*,*,#4243,.T.);
#3040=ORIENTED_EDGE('',*,*,#4240,.T.);
#3041=ORIENTED_EDGE('',*,*,#4237,.T.);
#3042=ORIENTED_EDGE('',*,*,#4234,.T.);
#3043=ORIENTED_EDGE('',*,*,#4231,.T.);
#3044=ORIENTED_EDGE('',*,*,#4228,.T.);
#3045=ORIENTED_EDGE('',*,*,#4225,.T.);
#3046=ORIENTED_EDGE('',*,*,#4222,.T.);
#3047=ORIENTED_EDGE('',*,*,#4219,.T.);
#3048=ORIENTED_EDGE('',*,*,#4216,.T.);
#3049=ORIENTED_EDGE('',*,*,#4213,.T.);
#3050=ORIENTED_EDGE('',*,*,#4210,.T.);
#3051=ORIENTED_EDGE('',*,*,#4207,.T.);
#3052=ORIENTED_EDGE('',*,*,#4204,.T.);
#3053=ORIENTED_EDGE('',*,*,#4201,.T.);
#3054=ORIENTED_EDGE('',*,*,#4198,.T.);
#3055=ORIENTED_EDGE('',*,*,#4195,.T.);
#3056=ORIENTED_EDGE('',*,*,#4192,.T.);
#3057=ORIENTED_EDGE('',*,*,#4189,.T.);
#3058=ORIENTED_EDGE('',*,*,#4186,.T.);
#3059=ORIENTED_EDGE('',*,*,#4183,.T.);
#3060=ORIENTED_EDGE('',*,*,#4180,.T.);
#3061=ORIENTED_EDGE('',*,*,#4177,.T.);
#3062=ORIENTED_EDGE('',*,*,#4174,.T.);
#3063=ORIENTED_EDGE('',*,*,#4171,.T.);
#3064=ORIENTED_EDGE('',*,*,#4168,.T.);
#3065=ORIENTED_EDGE('',*,*,#4165,.T.);
#3066=ORIENTED_EDGE('',*,*,#4162,.T.);
#3067=ORIENTED_EDGE('',*,*,#4159,.T.);
#3068=ORIENTED_EDGE('',*,*,#4156,.T.);
#3069=ORIENTED_EDGE('',*,*,#4153,.T.);
#3070=ORIENTED_EDGE('',*,*,#4150,.T.);
#3071=ORIENTED_EDGE('',*,*,#4147,.T.);
#3072=ORIENTED_EDGE('',*,*,#4144,.T.);
#3073=ORIENTED_EDGE('',*,*,#4141,.T.);
#3074=ORIENTED_EDGE('',*,*,#4138,.T.);
#3075=ORIENTED_EDGE('',*,*,#4135,.T.);
#3076=ORIENTED_EDGE('',*,*,#4132,.T.);
#3077=ORIENTED_EDGE('',*,*,#4719,.F.);
#3078=ORIENTED_EDGE('',*,*,#4722,.T.);
#3079=ORIENTED_EDGE('',*,*,#4712,.T.);
#3080=ORIENTED_EDGE('',*,*,#4672,.T.);
#3081=ORIENTED_EDGE('',*,*,#4708,.T.);
#3082=ORIENTED_EDGE('',*,*,#4109,.T.);
#3083=ORIENTED_EDGE('',*,*,#4707,.T.);
#3084=ORIENTED_EDGE('',*,*,#4676,.T.);
#3085=ORIENTED_EDGE('',*,*,#4704,.T.);
#3086=ORIENTED_EDGE('',*,*,#4723,.T.);
#3087=ORIENTED_EDGE('',*,*,#4700,.T.);
#3088=ORIENTED_EDGE('',*,*,#4678,.T.);
#3089=ORIENTED_EDGE('',*,*,#4128,.F.);
#3090=ORIENTED_EDGE('',*,*,#4683,.T.);
#3091=ORIENTED_EDGE('',*,*,#4662,.F.);
#3092=ORIENTED_EDGE('',*,*,#4652,.F.);
#3093=ORIENTED_EDGE('',*,*,#4656,.F.);
#3094=ORIENTED_EDGE('',*,*,#4659,.F.);
#3095=ORIENTED_EDGE('',*,*,#4651,.T.);
#3096=ORIENTED_EDGE('',*,*,#4648,.F.);
#3097=ORIENTED_EDGE('',*,*,#4638,.F.);
#3098=ORIENTED_EDGE('',*,*,#4642,.F.);
#3099=ORIENTED_EDGE('',*,*,#4645,.F.);
#3100=ORIENTED_EDGE('',*,*,#4637,.T.);
#3101=ORIENTED_EDGE('',*,*,#4634,.F.);
#3102=ORIENTED_EDGE('',*,*,#4624,.F.);
#3103=ORIENTED_EDGE('',*,*,#4628,.F.);
#3104=ORIENTED_EDGE('',*,*,#4631,.F.);
#3105=ORIENTED_EDGE('',*,*,#4623,.T.);
#3106=ORIENTED_EDGE('',*,*,#4620,.F.);
#3107=ORIENTED_EDGE('',*,*,#4610,.F.);
#3108=ORIENTED_EDGE('',*,*,#4614,.F.);
#3109=ORIENTED_EDGE('',*,*,#4617,.F.);
#3110=ORIENTED_EDGE('',*,*,#4608,.F.);
#3111=ORIENTED_EDGE('',*,*,#4598,.F.);
#3112=ORIENTED_EDGE('',*,*,#4602,.F.);
#3113=ORIENTED_EDGE('',*,*,#4605,.F.);
#3114=ORIENTED_EDGE('',*,*,#4597,.T.);
#3115=ORIENTED_EDGE('',*,*,#4594,.F.);
#3116=ORIENTED_EDGE('',*,*,#4584,.F.);
#3117=ORIENTED_EDGE('',*,*,#4588,.F.);
#3118=ORIENTED_EDGE('',*,*,#4591,.F.);
#3119=ORIENTED_EDGE('',*,*,#4583,.T.);
#3120=ORIENTED_EDGE('',*,*,#4581,.T.);
#3121=ORIENTED_EDGE('',*,*,#4578,.F.);
#3122=ORIENTED_EDGE('',*,*,#4568,.F.);
#3123=ORIENTED_EDGE('',*,*,#4572,.F.);
#3124=ORIENTED_EDGE('',*,*,#4575,.F.);
#3125=ORIENTED_EDGE('',*,*,#4567,.T.);
#3126=ORIENTED_EDGE('',*,*,#4564,.T.);
#3127=ORIENTED_EDGE('',*,*,#4482,.T.);
#3128=ORIENTED_EDGE('',*,*,#4486,.T.);
#3129=ORIENTED_EDGE('',*,*,#4489,.T.);
#3130=ORIENTED_EDGE('',*,*,#4492,.T.);
#3131=ORIENTED_EDGE('',*,*,#4495,.F.);
#3132=ORIENTED_EDGE('',*,*,#4498,.T.);
#3133=ORIENTED_EDGE('',*,*,#4501,.T.);
#3134=ORIENTED_EDGE('',*,*,#4504,.T.);
#3135=ORIENTED_EDGE('',*,*,#4507,.T.);
#3136=ORIENTED_EDGE('',*,*,#4510,.T.);
#3137=ORIENTED_EDGE('',*,*,#4513,.T.);
#3138=ORIENTED_EDGE('',*,*,#4516,.T.);
#3139=ORIENTED_EDGE('',*,*,#4519,.F.);
#3140=ORIENTED_EDGE('',*,*,#4522,.T.);
#3141=ORIENTED_EDGE('',*,*,#4525,.T.);
#3142=ORIENTED_EDGE('',*,*,#4528,.T.);
#3143=ORIENTED_EDGE('',*,*,#4531,.F.);
#3144=ORIENTED_EDGE('',*,*,#4534,.F.);
#3145=ORIENTED_EDGE('',*,*,#4537,.T.);
#3146=ORIENTED_EDGE('',*,*,#4540,.T.);
#3147=ORIENTED_EDGE('',*,*,#4543,.T.);
#3148=ORIENTED_EDGE('',*,*,#4546,.T.);
#3149=ORIENTED_EDGE('',*,*,#4549,.T.);
#3150=ORIENTED_EDGE('',*,*,#4552,.T.);
#3151=ORIENTED_EDGE('',*,*,#4555,.F.);
#3152=ORIENTED_EDGE('',*,*,#4558,.F.);
#3153=ORIENTED_EDGE('',*,*,#4561,.T.);
#3154=ORIENTED_EDGE('',*,*,#4480,.T.);
#3155=ORIENTED_EDGE('',*,*,#4398,.T.);
#3156=ORIENTED_EDGE('',*,*,#4402,.T.);
#3157=ORIENTED_EDGE('',*,*,#4405,.T.);
#3158=ORIENTED_EDGE('',*,*,#4408,.T.);
#3159=ORIENTED_EDGE('',*,*,#4411,.F.);
#3160=ORIENTED_EDGE('',*,*,#4414,.T.);
#3161=ORIENTED_EDGE('',*,*,#4417,.T.);
#3162=ORIENTED_EDGE('',*,*,#4420,.T.);
#3163=ORIENTED_EDGE('',*,*,#4423,.T.);
#3164=ORIENTED_EDGE('',*,*,#4426,.T.);
#3165=ORIENTED_EDGE('',*,*,#4429,.T.);
#3166=ORIENTED_EDGE('',*,*,#4432,.T.);
#3167=ORIENTED_EDGE('',*,*,#4435,.F.);
#3168=ORIENTED_EDGE('',*,*,#4438,.T.);
#3169=ORIENTED_EDGE('',*,*,#4441,.T.);
#3170=ORIENTED_EDGE('',*,*,#4444,.T.);
#3171=ORIENTED_EDGE('',*,*,#4447,.F.);
#3172=ORIENTED_EDGE('',*,*,#4450,.F.);
#3173=ORIENTED_EDGE('',*,*,#4453,.T.);
#3174=ORIENTED_EDGE('',*,*,#4456,.T.);
#3175=ORIENTED_EDGE('',*,*,#4459,.T.);
#3176=ORIENTED_EDGE('',*,*,#4462,.T.);
#3177=ORIENTED_EDGE('',*,*,#4465,.T.);
#3178=ORIENTED_EDGE('',*,*,#4468,.T.);
#3179=ORIENTED_EDGE('',*,*,#4471,.F.);
#3180=ORIENTED_EDGE('',*,*,#4474,.F.);
#3181=ORIENTED_EDGE('',*,*,#4477,.T.);
#3182=ORIENTED_EDGE('',*,*,#4397,.T.);
#3183=ORIENTED_EDGE('',*,*,#4394,.F.);
#3184=ORIENTED_EDGE('',*,*,#4384,.F.);
#3185=ORIENTED_EDGE('',*,*,#4388,.F.);
#3186=ORIENTED_EDGE('',*,*,#4391,.F.);
#3187=ORIENTED_EDGE('',*,*,#4382,.F.);
#3188=ORIENTED_EDGE('',*,*,#4372,.F.);
#3189=ORIENTED_EDGE('',*,*,#4376,.F.);
#3190=ORIENTED_EDGE('',*,*,#4379,.F.);
#3191=ORIENTED_EDGE('',*,*,#4370,.F.);
#3192=ORIENTED_EDGE('',*,*,#4360,.F.);
#3193=ORIENTED_EDGE('',*,*,#4364,.F.);
#3194=ORIENTED_EDGE('',*,*,#4367,.F.);
#3195=ORIENTED_EDGE('',*,*,#4359,.T.);
#3196=ORIENTED_EDGE('',*,*,#4356,.F.);
#3197=ORIENTED_EDGE('',*,*,#4346,.F.);
#3198=ORIENTED_EDGE('',*,*,#4350,.F.);
#3199=ORIENTED_EDGE('',*,*,#4353,.F.);
#3200=ORIENTED_EDGE('',*,*,#4344,.F.);
#3201=ORIENTED_EDGE('',*,*,#4334,.F.);
#3202=ORIENTED_EDGE('',*,*,#4338,.F.);
#3203=ORIENTED_EDGE('',*,*,#4341,.F.);
#3204=ORIENTED_EDGE('',*,*,#4332,.F.);
#3205=ORIENTED_EDGE('',*,*,#4322,.F.);
#3206=ORIENTED_EDGE('',*,*,#4326,.F.);
#3207=ORIENTED_EDGE('',*,*,#4329,.F.);
#3208=ORIENTED_EDGE('',*,*,#4320,.F.);
#3209=ORIENTED_EDGE('',*,*,#4310,.F.);
#3210=ORIENTED_EDGE('',*,*,#4314,.F.);
#3211=ORIENTED_EDGE('',*,*,#4317,.F.);
#3212=ORIENTED_EDGE('',*,*,#4308,.F.);
#3213=ORIENTED_EDGE('',*,*,#4298,.F.);
#3214=ORIENTED_EDGE('',*,*,#4302,.F.);
#3215=ORIENTED_EDGE('',*,*,#4305,.F.);
#3216=ORIENTED_EDGE('',*,*,#4296,.F.);
#3217=ORIENTED_EDGE('',*,*,#4286,.F.);
#3218=ORIENTED_EDGE('',*,*,#4290,.F.);
#3219=ORIENTED_EDGE('',*,*,#4293,.F.);
#3220=ORIENTED_EDGE('',*,*,#4284,.F.);
#3221=ORIENTED_EDGE('',*,*,#4274,.F.);
#3222=ORIENTED_EDGE('',*,*,#4278,.F.);
#3223=ORIENTED_EDGE('',*,*,#4281,.F.);
#3224=ORIENTED_EDGE('',*,*,#4272,.F.);
#3225=ORIENTED_EDGE('',*,*,#4262,.F.);
#3226=ORIENTED_EDGE('',*,*,#4266,.F.);
#3227=ORIENTED_EDGE('',*,*,#4269,.F.);
#3228=ORIENTED_EDGE('',*,*,#4260,.F.);
#3229=ORIENTED_EDGE('',*,*,#4250,.F.);
#3230=ORIENTED_EDGE('',*,*,#4254,.F.);
#3231=ORIENTED_EDGE('',*,*,#4257,.F.);
#3232=ORIENTED_EDGE('',*,*,#4248,.F.);
#3233=ORIENTED_EDGE('',*,*,#4238,.F.);
#3234=ORIENTED_EDGE('',*,*,#4242,.F.);
#3235=ORIENTED_EDGE('',*,*,#4245,.F.);
#3236=ORIENTED_EDGE('',*,*,#4236,.F.);
#3237=ORIENTED_EDGE('',*,*,#4226,.F.);
#3238=ORIENTED_EDGE('',*,*,#4230,.F.);
#3239=ORIENTED_EDGE('',*,*,#4233,.F.);
#3240=ORIENTED_EDGE('',*,*,#4224,.F.);
#3241=ORIENTED_EDGE('',*,*,#4214,.F.);
#3242=ORIENTED_EDGE('',*,*,#4218,.F.);
#3243=ORIENTED_EDGE('',*,*,#4221,.F.);
#3244=ORIENTED_EDGE('',*,*,#4212,.F.);
#3245=ORIENTED_EDGE('',*,*,#4202,.F.);
#3246=ORIENTED_EDGE('',*,*,#4206,.F.);
#3247=ORIENTED_EDGE('',*,*,#4209,.F.);
#3248=ORIENTED_EDGE('',*,*,#4200,.F.);
#3249=ORIENTED_EDGE('',*,*,#4190,.F.);
#3250=ORIENTED_EDGE('',*,*,#4194,.F.);
#3251=ORIENTED_EDGE('',*,*,#4197,.F.);
#3252=ORIENTED_EDGE('',*,*,#4188,.F.);
#3253=ORIENTED_EDGE('',*,*,#4178,.F.);
#3254=ORIENTED_EDGE('',*,*,#4182,.F.);
#3255=ORIENTED_EDGE('',*,*,#4185,.F.);
#3256=ORIENTED_EDGE('',*,*,#4176,.F.);
#3257=ORIENTED_EDGE('',*,*,#4166,.F.);
#3258=ORIENTED_EDGE('',*,*,#4170,.F.);
#3259=ORIENTED_EDGE('',*,*,#4173,.F.);
#3260=ORIENTED_EDGE('',*,*,#4164,.F.);
#3261=ORIENTED_EDGE('',*,*,#4154,.F.);
#3262=ORIENTED_EDGE('',*,*,#4158,.F.);
#3263=ORIENTED_EDGE('',*,*,#4161,.F.);
#3264=ORIENTED_EDGE('',*,*,#4152,.F.);
#3265=ORIENTED_EDGE('',*,*,#4142,.F.);
#3266=ORIENTED_EDGE('',*,*,#4146,.F.);
#3267=ORIENTED_EDGE('',*,*,#4149,.F.);
#3268=ORIENTED_EDGE('',*,*,#4140,.F.);
#3269=ORIENTED_EDGE('',*,*,#4130,.F.);
#3270=ORIENTED_EDGE('',*,*,#4134,.F.);
#3271=ORIENTED_EDGE('',*,*,#4137,.F.);
#3272=ORIENTED_EDGE('',*,*,#4724,.F.);
#3273=ORIENTED_EDGE('',*,*,#4721,.F.);
#3274=ORIENTED_EDGE('',*,*,#4664,.T.);
#3275=ORIENTED_EDGE('',*,*,#4125,.F.);
#3276=ORIENTED_EDGE('',*,*,#4667,.T.);
#3277=ORIENTED_EDGE('',*,*,#4702,.T.);
#3278=ORIENTED_EDGE('',*,*,#4725,.F.);
#3279=ORIENTED_EDGE('',*,*,#4705,.F.);
#3280=ORIENTED_EDGE('',*,*,#4674,.F.);
#3281=ORIENTED_EDGE('',*,*,#4706,.F.);
#3282=ORIENTED_EDGE('',*,*,#4111,.F.);
#3283=ORIENTED_EDGE('',*,*,#4709,.F.);
#3284=ORIENTED_EDGE('',*,*,#4670,.F.);
#3285=ORIENTED_EDGE('',*,*,#4711,.F.);
#3286=ORIENTED_EDGE('',*,*,#4724,.T.);
#3287=ORIENTED_EDGE('',*,*,#4710,.T.);
#3288=ORIENTED_EDGE('',*,*,#4722,.F.);
#3289=ORIENTED_EDGE('',*,*,#4718,.F.);
#3290=ORIENTED_EDGE('',*,*,#4716,.F.);
#3291=ORIENTED_EDGE('',*,*,#4714,.F.);
#3292=ORIENTED_EDGE('',*,*,#4720,.T.);
#3293=ORIENTED_EDGE('',*,*,#4723,.F.);
#3294=ORIENTED_EDGE('',*,*,#4703,.T.);
#3295=ORIENTED_EDGE('',*,*,#4725,.T.);
#3296=ORIENTED_EDGE('',*,*,#4701,.F.);
#3297=ORIENTED_EDGE('',*,*,#4695,.F.);
#3298=ORIENTED_EDGE('',*,*,#4698,.F.);
#3299=ORIENTED_EDGE('',*,*,#4699,.T.);
#3300=EDGE_CURVE('',#4726,#4727,#5693,.T.);
#3301=EDGE_CURVE('',#4728,#4726,#5694,.T.);
#3302=EDGE_CURVE('',#4729,#4728,#5695,.T.);
#3303=EDGE_CURVE('',#4727,#4729,#5696,.T.);
#3304=EDGE_CURVE('',#4730,#4730,#189,.T.);
#3305=EDGE_CURVE('',#4731,#4732,#5697,.T.);
#3306=EDGE_CURVE('',#4733,#4731,#5698,.T.);
#3307=EDGE_CURVE('',#4734,#4733,#5699,.T.);
#3308=EDGE_CURVE('',#4732,#4734,#5700,.T.);
#3309=EDGE_CURVE('',#4735,#4736,#5701,.T.);
#3310=EDGE_CURVE('',#4737,#4735,#5702,.T.);
#3311=EDGE_CURVE('',#4738,#4737,#5703,.T.);
#3312=EDGE_CURVE('',#4736,#4738,#5704,.T.);
#3313=EDGE_CURVE('',#4739,#4740,#5705,.T.);
#3314=EDGE_CURVE('',#4741,#4739,#5706,.T.);
#3315=EDGE_CURVE('',#4742,#4741,#5707,.T.);
#3316=EDGE_CURVE('',#4740,#4742,#5708,.T.);
#3317=EDGE_CURVE('',#4743,#4744,#5709,.T.);
#3318=EDGE_CURVE('',#4745,#4743,#5710,.T.);
#3319=EDGE_CURVE('',#4746,#4745,#5711,.T.);
#3320=EDGE_CURVE('',#4744,#4746,#5712,.T.);
#3321=EDGE_CURVE('',#4747,#4748,#5713,.T.);
#3322=EDGE_CURVE('',#4749,#4747,#5714,.T.);
#3323=EDGE_CURVE('',#4750,#4749,#5715,.T.);
#3324=EDGE_CURVE('',#4748,#4750,#5716,.T.);
#3325=EDGE_CURVE('',#4751,#4752,#5717,.T.);
#3326=EDGE_CURVE('',#4753,#4751,#5718,.T.);
#3327=EDGE_CURVE('',#4754,#4753,#5719,.T.);
#3328=EDGE_CURVE('',#4752,#4754,#5720,.T.);
#3329=EDGE_CURVE('',#4755,#4756,#5721,.T.);
#3330=EDGE_CURVE('',#4757,#4755,#5722,.T.);
#3331=EDGE_CURVE('',#4758,#4757,#5723,.T.);
#3332=EDGE_CURVE('',#4756,#4758,#5724,.T.);
#3333=EDGE_CURVE('',#4759,#4760,#5725,.T.);
#3334=EDGE_CURVE('',#4761,#4759,#5726,.T.);
#3335=EDGE_CURVE('',#4762,#4761,#5727,.T.);
#3336=EDGE_CURVE('',#4760,#4762,#5728,.T.);
#3337=EDGE_CURVE('',#4763,#4764,#5729,.T.);
#3338=EDGE_CURVE('',#4765,#4763,#5730,.T.);
#3339=EDGE_CURVE('',#4766,#4765,#5731,.T.);
#3340=EDGE_CURVE('',#4764,#4766,#5732,.T.);
#3341=EDGE_CURVE('',#4767,#4768,#5733,.T.);
#3342=EDGE_CURVE('',#4769,#4767,#5734,.T.);
#3343=EDGE_CURVE('',#4770,#4769,#5735,.T.);
#3344=EDGE_CURVE('',#4768,#4770,#5736,.T.);
#3345=EDGE_CURVE('',#4771,#4772,#5737,.T.);
#3346=EDGE_CURVE('',#4773,#4771,#5738,.T.);
#3347=EDGE_CURVE('',#4774,#4773,#5739,.T.);
#3348=EDGE_CURVE('',#4772,#4774,#5740,.T.);
#3349=EDGE_CURVE('',#4775,#4776,#5741,.T.);
#3350=EDGE_CURVE('',#4777,#4775,#5742,.T.);
#3351=EDGE_CURVE('',#4778,#4777,#5743,.T.);
#3352=EDGE_CURVE('',#4776,#4778,#5744,.T.);
#3353=EDGE_CURVE('',#4779,#4779,#190,.T.);
#3354=EDGE_CURVE('',#4780,#4780,#191,.T.);
#3355=EDGE_CURVE('',#4781,#4782,#5745,.T.);
#3356=EDGE_CURVE('',#4783,#4781,#5746,.T.);
#3357=EDGE_CURVE('',#4784,#4783,#5747,.T.);
#3358=EDGE_CURVE('',#4782,#4784,#5748,.T.);
#3359=EDGE_CURVE('',#4785,#4785,#192,.T.);
#3360=EDGE_CURVE('',#4786,#4787,#5749,.T.);
#3361=EDGE_CURVE('',#4788,#4786,#5750,.T.);
#3362=EDGE_CURVE('',#4789,#4788,#5751,.T.);
#3363=EDGE_CURVE('',#4787,#4789,#5752,.T.);
#3364=EDGE_CURVE('',#4790,#4791,#5753,.T.);
#3365=EDGE_CURVE('',#4792,#4790,#5754,.T.);
#3366=EDGE_CURVE('',#4793,#4792,#5755,.T.);
#3367=EDGE_CURVE('',#4791,#4793,#5756,.T.);
#3368=EDGE_CURVE('',#4794,#4794,#193,.T.);
#3369=EDGE_CURVE('',#4795,#4796,#5757,.T.);
#3370=EDGE_CURVE('',#4797,#4795,#5758,.T.);
#3371=EDGE_CURVE('',#4798,#4797,#5759,.T.);
#3372=EDGE_CURVE('',#4796,#4798,#5760,.T.);
#3373=EDGE_CURVE('',#4799,#4800,#5761,.T.);
#3374=EDGE_CURVE('',#4799,#4801,#5762,.T.);
#3375=EDGE_CURVE('',#4801,#4802,#194,.T.);
#3376=EDGE_CURVE('',#4803,#4802,#5763,.T.);
#3377=EDGE_CURVE('',#4803,#4804,#5764,.T.);
#3378=EDGE_CURVE('',#4804,#4805,#5765,.T.);
#3379=EDGE_CURVE('',#4805,#4806,#195,.F.);
#3380=EDGE_CURVE('',#4806,#4807,#5766,.T.);
#3381=EDGE_CURVE('',#4807,#4808,#196,.F.);
#3382=EDGE_CURVE('',#4808,#4809,#5767,.T.);
#3383=EDGE_CURVE('',#4809,#4810,#197,.F.);
#3384=EDGE_CURVE('',#4811,#4810,#5768,.T.);
#3385=EDGE_CURVE('',#4811,#4812,#5769,.T.);
#3386=EDGE_CURVE('',#4813,#4812,#5770,.T.);
#3387=EDGE_CURVE('',#4814,#4813,#5771,.T.);
#3388=EDGE_CURVE('',#4815,#4814,#5772,.T.);
#3389=EDGE_CURVE('',#4815,#4816,#5773,.T.);
#3390=EDGE_CURVE('',#4817,#4816,#5774,.T.);
#3391=EDGE_CURVE('',#4818,#4817,#5775,.T.);
#3392=EDGE_CURVE('',#4819,#4818,#5776,.T.);
#3393=EDGE_CURVE('',#4819,#4820,#5777,.T.);
#3394=EDGE_CURVE('',#4820,#4821,#5778,.T.);
#3395=EDGE_CURVE('',#4821,#4822,#198,.F.);
#3396=EDGE_CURVE('',#4823,#4822,#5779,.T.);
#3397=EDGE_CURVE('',#4823,#4824,#5780,.T.);
#3398=EDGE_CURVE('',#4824,#4825,#5781,.T.);
#3399=EDGE_CURVE('',#4826,#4825,#5782,.T.);
#3400=EDGE_CURVE('',#4826,#4827,#199,.T.);
#3401=EDGE_CURVE('',#4827,#4828,#5783,.T.);
#3402=EDGE_CURVE('',#4829,#4828,#5784,.T.);
#3403=EDGE_CURVE('',#4830,#4829,#5785,.T.);
#3404=EDGE_CURVE('',#4830,#4831,#200,.T.);
#3405=EDGE_CURVE('',#4831,#4832,#5786,.T.);
#3406=EDGE_CURVE('',#4832,#4833,#201,.T.);
#3407=EDGE_CURVE('',#4834,#4833,#5787,.T.);
#3408=EDGE_CURVE('',#4834,#4800,#202,.T.);
#3409=EDGE_CURVE('',#4835,#4835,#203,.T.);
#3410=EDGE_CURVE('',#4832,#4836,#5788,.T.);
#3411=EDGE_CURVE('',#4837,#4836,#204,.T.);
#3412=EDGE_CURVE('',#4833,#4837,#5789,.T.);
#3413=EDGE_CURVE('',#4838,#4839,#205,.T.);
#3414=EDGE_CURVE('',#4838,#4840,#5790,.F.);
#3415=EDGE_CURVE('',#4841,#4840,#206,.T.);
#3416=EDGE_CURVE('',#4841,#4842,#5791,.T.);
#3417=EDGE_CURVE('',#4843,#4842,#207,.T.);
#3418=EDGE_CURVE('',#4843,#4844,#5792,.T.);
#3419=EDGE_CURVE('',#4844,#4845,#5793,.T.);
#3420=EDGE_CURVE('',#4845,#4846,#5794,.T.);
#3421=EDGE_CURVE('',#4847,#4846,#208,.T.);
#3422=EDGE_CURVE('',#4847,#4848,#5795,.T.);
#3423=EDGE_CURVE('',#4849,#4848,#209,.T.);
#3424=EDGE_CURVE('',#4849,#4850,#5796,.T.);
#3425=EDGE_CURVE('',#4850,#4851,#5797,.F.);
#3426=EDGE_CURVE('',#4852,#4851,#210,.T.);
#3427=EDGE_CURVE('',#4852,#4853,#5798,.F.);
#3428=EDGE_CURVE('',#4854,#4853,#211,.T.);
#3429=EDGE_CURVE('',#4854,#4839,#5799,.F.);
#3430=EDGE_CURVE('',#4855,#4804,#5800,.T.);
#3431=EDGE_CURVE('',#4855,#4856,#5801,.T.);
#3432=EDGE_CURVE('',#4856,#4805,#5802,.T.);
#3433=EDGE_CURVE('',#4857,#4858,#5803,.T.);
#3434=EDGE_CURVE('',#4858,#4859,#5804,.T.);
#3435=EDGE_CURVE('',#4859,#4860,#5805,.F.);
#3436=EDGE_CURVE('',#4860,#4857,#5806,.F.);
#3437=EDGE_CURVE('',#4861,#4862,#5807,.T.);
#3438=EDGE_CURVE('',#4861,#4863,#5808,.T.);
#3439=EDGE_CURVE('',#4864,#4863,#5809,.T.);
#3440=EDGE_CURVE('',#4862,#4864,#5810,.T.);
#3441=EDGE_CURVE('',#4865,#4866,#5811,.F.);
#3442=EDGE_CURVE('',#4867,#4866,#5812,.T.);
#3443=EDGE_CURVE('',#4868,#4867,#5813,.T.);
#3444=EDGE_CURVE('',#4868,#4861,#5814,.T.);
#3445=EDGE_CURVE('',#4862,#4823,#5815,.T.);
#3446=EDGE_CURVE('',#4822,#4865,#5816,.F.);
#3447=EDGE_CURVE('',#4869,#4870,#5817,.T.);
#3448=EDGE_CURVE('',#4870,#4871,#5818,.T.);
#3449=EDGE_CURVE('',#4871,#4872,#5819,.T.);
#3450=EDGE_CURVE('',#4872,#4869,#5820,.T.);
#3451=EDGE_CURVE('',#4873,#4873,#212,.T.);
#3452=EDGE_CURVE('',#4874,#4875,#5821,.T.);
#3453=EDGE_CURVE('',#4875,#4876,#5822,.T.);
#3454=EDGE_CURVE('',#4876,#4877,#5823,.T.);
#3455=EDGE_CURVE('',#4877,#4874,#5824,.T.);
#3456=EDGE_CURVE('',#4878,#4879,#5825,.T.);
#3457=EDGE_CURVE('',#4878,#4880,#213,.T.);
#3458=EDGE_CURVE('',#4880,#4881,#5826,.T.);
#3459=EDGE_CURVE('',#4881,#4882,#214,.T.);
#3460=EDGE_CURVE('',#4882,#4883,#5827,.T.);
#3461=EDGE_CURVE('',#4883,#4884,#215,.T.);
#3462=EDGE_CURVE('',#4884,#4885,#5828,.T.);
#3463=EDGE_CURVE('',#4885,#4879,#216,.T.);
#3464=EDGE_CURVE('',#4886,#4887,#5829,.T.);
#3465=EDGE_CURVE('',#4888,#4886,#5830,.T.);
#3466=EDGE_CURVE('',#4888,#4889,#217,.T.);
#3467=EDGE_CURVE('',#4890,#4889,#5831,.T.);
#3468=EDGE_CURVE('',#4890,#4891,#218,.T.);
#3469=EDGE_CURVE('',#4892,#4891,#5832,.T.);
#3470=EDGE_CURVE('',#4892,#4893,#219,.F.);
#3471=EDGE_CURVE('',#4894,#4893,#5833,.T.);
#3472=EDGE_CURVE('',#4894,#4895,#220,.F.);
#3473=EDGE_CURVE('',#4896,#4895,#5834,.T.);
#3474=EDGE_CURVE('',#4896,#4897,#221,.T.);
#3475=EDGE_CURVE('',#4897,#4898,#5835,.T.);
#3476=EDGE_CURVE('',#4898,#4899,#222,.T.);
#3477=EDGE_CURVE('',#4899,#4900,#5836,.T.);
#3478=EDGE_CURVE('',#4901,#4900,#5837,.T.);
#3479=EDGE_CURVE('',#4901,#4902,#5838,.T.);
#3480=EDGE_CURVE('',#4902,#4903,#5839,.T.);
#3481=EDGE_CURVE('',#4903,#4904,#5840,.T.);
#3482=EDGE_CURVE('',#4905,#4904,#5841,.T.);
#3483=EDGE_CURVE('',#4905,#4906,#5842,.T.);
#3484=EDGE_CURVE('',#4906,#4907,#5843,.T.);
#3485=EDGE_CURVE('',#4907,#4887,#5844,.T.);
#3486=EDGE_CURVE('',#4908,#4909,#5845,.T.);
#3487=EDGE_CURVE('',#4909,#4910,#5846,.T.);
#3488=EDGE_CURVE('',#4910,#4911,#5847,.T.);
#3489=EDGE_CURVE('',#4911,#4908,#5848,.T.);
#3490=EDGE_CURVE('',#4912,#4913,#5849,.T.);
#3491=EDGE_CURVE('',#4913,#4914,#5850,.T.);
#3492=EDGE_CURVE('',#4914,#4915,#5851,.T.);
#3493=EDGE_CURVE('',#4915,#4912,#5852,.T.);
#3494=EDGE_CURVE('',#4916,#4917,#5853,.T.);
#3495=EDGE_CURVE('',#4917,#4918,#5854,.T.);
#3496=EDGE_CURVE('',#4918,#4919,#5855,.T.);
#3497=EDGE_CURVE('',#4919,#4916,#5856,.T.);
#3498=EDGE_CURVE('',#4920,#4921,#5857,.T.);
#3499=EDGE_CURVE('',#4921,#4922,#5858,.T.);
#3500=EDGE_CURVE('',#4922,#4923,#5859,.T.);
#3501=EDGE_CURVE('',#4923,#4920,#5860,.T.);
#3502=EDGE_CURVE('',#4924,#4925,#5861,.T.);
#3503=EDGE_CURVE('',#4925,#4926,#5862,.T.);
#3504=EDGE_CURVE('',#4926,#4927,#5863,.T.);
#3505=EDGE_CURVE('',#4927,#4924,#5864,.T.);
#3506=EDGE_CURVE('',#4928,#4929,#5865,.T.);
#3507=EDGE_CURVE('',#4929,#4930,#5866,.T.);
#3508=EDGE_CURVE('',#4930,#4931,#5867,.T.);
#3509=EDGE_CURVE('',#4931,#4928,#5868,.T.);
#3510=EDGE_CURVE('',#4932,#4933,#5869,.T.);
#3511=EDGE_CURVE('',#4933,#4934,#5870,.T.);
#3512=EDGE_CURVE('',#4934,#4935,#5871,.T.);
#3513=EDGE_CURVE('',#4935,#4932,#5872,.T.);
#3514=EDGE_CURVE('',#4936,#4937,#5873,.T.);
#3515=EDGE_CURVE('',#4937,#4938,#5874,.T.);
#3516=EDGE_CURVE('',#4938,#4939,#5875,.T.);
#3517=EDGE_CURVE('',#4939,#4936,#5876,.T.);
#3518=EDGE_CURVE('',#4940,#4941,#5877,.T.);
#3519=EDGE_CURVE('',#4941,#4942,#5878,.T.);
#3520=EDGE_CURVE('',#4942,#4943,#5879,.T.);
#3521=EDGE_CURVE('',#4943,#4940,#5880,.T.);
#3522=EDGE_CURVE('',#4944,#4945,#5881,.T.);
#3523=EDGE_CURVE('',#4945,#4946,#5882,.T.);
#3524=EDGE_CURVE('',#4946,#4947,#5883,.T.);
#3525=EDGE_CURVE('',#4947,#4944,#5884,.T.);
#3526=EDGE_CURVE('',#4948,#4949,#5885,.T.);
#3527=EDGE_CURVE('',#4949,#4950,#5886,.T.);
#3528=EDGE_CURVE('',#4950,#4951,#5887,.T.);
#3529=EDGE_CURVE('',#4951,#4948,#5888,.T.);
#3530=EDGE_CURVE('',#4952,#4952,#223,.T.);
#3531=EDGE_CURVE('',#4953,#4953,#224,.T.);
#3532=EDGE_CURVE('',#4954,#4955,#5889,.T.);
#3533=EDGE_CURVE('',#4955,#4956,#5890,.T.);
#3534=EDGE_CURVE('',#4956,#4957,#5891,.T.);
#3535=EDGE_CURVE('',#4957,#4954,#5892,.T.);
#3536=EDGE_CURVE('',#4958,#4958,#225,.T.);
#3537=EDGE_CURVE('',#4959,#4960,#5893,.T.);
#3538=EDGE_CURVE('',#4960,#4961,#5894,.T.);
#3539=EDGE_CURVE('',#4961,#4962,#5895,.T.);
#3540=EDGE_CURVE('',#4962,#4959,#5896,.T.);
#3541=EDGE_CURVE('',#4963,#4964,#5897,.T.);
#3542=EDGE_CURVE('',#4964,#4965,#5898,.T.);
#3543=EDGE_CURVE('',#4965,#4966,#5899,.T.);
#3544=EDGE_CURVE('',#4966,#4963,#5900,.T.);
#3545=EDGE_CURVE('',#4967,#4967,#226,.T.);
#3546=EDGE_CURVE('',#4968,#4969,#5901,.T.);
#3547=EDGE_CURVE('',#4969,#4970,#5902,.T.);
#3548=EDGE_CURVE('',#4970,#4971,#5903,.T.);
#3549=EDGE_CURVE('',#4971,#4968,#5904,.T.);
#3550=EDGE_CURVE('',#4972,#4973,#5905,.F.);
#3551=EDGE_CURVE('',#4973,#4811,#5906,.T.);
#3552=EDGE_CURVE('',#4810,#4972,#5907,.F.);
#3553=EDGE_CURVE('',#4974,#4975,#5908,.T.);
#3554=EDGE_CURVE('',#4975,#4809,#5909,.T.);
#3555=EDGE_CURVE('',#4808,#4974,#5910,.F.);
#3556=EDGE_CURVE('',#4976,#4820,#5911,.T.);
#3557=EDGE_CURVE('',#4976,#4977,#5912,.T.);
#3558=EDGE_CURVE('',#4977,#4807,#5913,.T.);
#3559=EDGE_CURVE('',#4806,#4978,#5914,.F.);
#3560=EDGE_CURVE('',#4979,#4978,#227,.T.);
#3561=EDGE_CURVE('',#4979,#4980,#5915,.T.);
#3562=EDGE_CURVE('',#4981,#4980,#228,.T.);
#3563=EDGE_CURVE('',#4981,#4821,#5916,.T.);
#3564=EDGE_CURVE('',#4870,#4727,#5917,.T.);
#3565=EDGE_CURVE('',#4869,#4726,#5918,.T.);
#3566=EDGE_CURVE('',#4871,#4729,#5919,.T.);
#3567=EDGE_CURVE('',#4872,#4728,#5920,.T.);
#3568=EDGE_CURVE('',#4875,#4732,#5921,.T.);
#3569=EDGE_CURVE('',#4874,#4731,#5922,.T.);
#3570=EDGE_CURVE('',#4876,#4734,#5923,.T.);
#3571=EDGE_CURVE('',#4877,#4733,#5924,.T.);
#3572=EDGE_CURVE('',#4909,#4736,#5925,.T.);
#3573=EDGE_CURVE('',#4908,#4735,#5926,.T.);
#3574=EDGE_CURVE('',#4910,#4738,#5927,.T.);
#3575=EDGE_CURVE('',#4911,#4737,#5928,.T.);
#3576=EDGE_CURVE('',#4913,#4740,#5929,.T.);
#3577=EDGE_CURVE('',#4912,#4739,#5930,.T.);
#3578=EDGE_CURVE('',#4914,#4742,#5931,.T.);
#3579=EDGE_CURVE('',#4915,#4741,#5932,.T.);
#3580=EDGE_CURVE('',#4917,#4744,#5933,.T.);
#3581=EDGE_CURVE('',#4916,#4743,#5934,.T.);
#3582=EDGE_CURVE('',#4918,#4746,#5935,.T.);
#3583=EDGE_CURVE('',#4919,#4745,#5936,.T.);
#3584=EDGE_CURVE('',#4905,#4815,#5937,.T.);
#3585=EDGE_CURVE('',#4906,#4814,#5938,.T.);
#3586=EDGE_CURVE('',#4907,#4813,#5939,.T.);
#3587=EDGE_CURVE('',#4921,#4748,#5940,.T.);
#3588=EDGE_CURVE('',#4920,#4747,#5941,.T.);
#3589=EDGE_CURVE('',#4922,#4750,#5942,.T.);
#3590=EDGE_CURVE('',#4923,#4749,#5943,.T.);
#3591=EDGE_CURVE('',#4925,#4752,#5944,.T.);
#3592=EDGE_CURVE('',#4924,#4751,#5945,.T.);
#3593=EDGE_CURVE('',#4926,#4754,#5946,.T.);
#3594=EDGE_CURVE('',#4927,#4753,#5947,.T.);
#3595=EDGE_CURVE('',#4929,#4756,#5948,.T.);
#3596=EDGE_CURVE('',#4928,#4755,#5949,.T.);
#3597=EDGE_CURVE('',#4930,#4758,#5950,.T.);
#3598=EDGE_CURVE('',#4931,#4757,#5951,.T.);
#3599=EDGE_CURVE('',#4901,#4819,#5952,.T.);
#3600=EDGE_CURVE('',#4902,#4818,#5953,.T.);
#3601=EDGE_CURVE('',#4903,#4817,#5954,.T.);
#3602=EDGE_CURVE('',#4933,#4760,#5955,.T.);
#3603=EDGE_CURVE('',#4932,#4759,#5956,.T.);
#3604=EDGE_CURVE('',#4934,#4762,#5957,.T.);
#3605=EDGE_CURVE('',#4935,#4761,#5958,.T.);
#3606=EDGE_CURVE('',#4937,#4764,#5959,.T.);
#3607=EDGE_CURVE('',#4936,#4763,#5960,.T.);
#3608=EDGE_CURVE('',#4938,#4766,#5961,.T.);
#3609=EDGE_CURVE('',#4939,#4765,#5962,.T.);
#3610=EDGE_CURVE('',#4941,#4768,#5963,.T.);
#3611=EDGE_CURVE('',#4940,#4767,#5964,.T.);
#3612=EDGE_CURVE('',#4942,#4770,#5965,.T.);
#3613=EDGE_CURVE('',#4943,#4769,#5966,.T.);
#3614=EDGE_CURVE('',#4945,#4772,#5967,.T.);
#3615=EDGE_CURVE('',#4944,#4771,#5968,.T.);
#3616=EDGE_CURVE('',#4946,#4774,#5969,.T.);
#3617=EDGE_CURVE('',#4947,#4773,#5970,.T.);
#3618=EDGE_CURVE('',#4949,#4776,#5971,.T.);
#3619=EDGE_CURVE('',#4948,#4775,#5972,.T.);
#3620=EDGE_CURVE('',#4950,#4778,#5973,.T.);
#3621=EDGE_CURVE('',#4951,#4777,#5974,.T.);
#3622=EDGE_CURVE('',#4955,#4782,#5975,.T.);
#3623=EDGE_CURVE('',#4954,#4781,#5976,.T.);
#3624=EDGE_CURVE('',#4956,#4784,#5977,.T.);
#3625=EDGE_CURVE('',#4957,#4783,#5978,.T.);
#3626=EDGE_CURVE('',#4960,#4787,#5979,.T.);
#3627=EDGE_CURVE('',#4959,#4786,#5980,.T.);
#3628=EDGE_CURVE('',#4961,#4789,#5981,.T.);
#3629=EDGE_CURVE('',#4962,#4788,#5982,.T.);
#3630=EDGE_CURVE('',#4964,#4791,#5983,.T.);
#3631=EDGE_CURVE('',#4963,#4790,#5984,.T.);
#3632=EDGE_CURVE('',#4965,#4793,#5985,.T.);
#3633=EDGE_CURVE('',#4966,#4792,#5986,.T.);
#3634=EDGE_CURVE('',#4969,#4796,#5987,.T.);
#3635=EDGE_CURVE('',#4968,#4795,#5988,.T.);
#3636=EDGE_CURVE('',#4970,#4798,#5989,.T.);
#3637=EDGE_CURVE('',#4971,#4797,#5990,.T.);
#3638=EDGE_CURVE('',#4812,#4887,#5991,.T.);
#3639=EDGE_CURVE('',#4816,#4904,#5992,.T.);
#3640=EDGE_CURVE('',#4891,#4982,#5993,.F.);
#3641=EDGE_CURVE('',#4982,#4983,#5994,.F.);
#3642=EDGE_CURVE('',#4983,#4892,#5995,.T.);
#3643=EDGE_CURVE('',#4889,#4984,#5996,.F.);
#3644=EDGE_CURVE('',#4984,#4985,#5997,.F.);
#3645=EDGE_CURVE('',#4985,#4890,#5998,.T.);
#3646=EDGE_CURVE('',#4880,#4986,#5999,.F.);
#3647=EDGE_CURVE('',#4986,#4987,#6000,.T.);
#3648=EDGE_CURVE('',#4987,#4881,#6001,.T.);
#3649=EDGE_CURVE('',#4988,#4989,#6002,.T.);
#3650=EDGE_CURVE('',#4989,#4878,#6003,.T.);
#3651=EDGE_CURVE('',#4879,#4988,#6004,.F.);
#3652=EDGE_CURVE('',#4897,#4990,#6005,.F.);
#3653=EDGE_CURVE('',#4990,#4991,#6006,.F.);
#3654=EDGE_CURVE('',#4991,#4898,#6007,.T.);
#3655=EDGE_CURVE('',#4895,#4992,#6008,.F.);
#3656=EDGE_CURVE('',#4992,#4993,#6009,.F.);
#3657=EDGE_CURVE('',#4993,#4896,#6010,.T.);
#3658=EDGE_CURVE('',#4893,#4994,#6011,.F.);
#3659=EDGE_CURVE('',#4994,#4995,#6012,.F.);
#3660=EDGE_CURVE('',#4995,#4894,#6013,.T.);
#3661=EDGE_CURVE('',#4996,#4997,#6014,.F.);
#3662=EDGE_CURVE('',#4997,#4998,#6015,.F.);
#3663=EDGE_CURVE('',#4996,#4998,#229,.T.);
#3664=EDGE_CURVE('',#4999,#5000,#6016,.F.);
#3665=EDGE_CURVE('',#5000,#4885,#6017,.T.);
#3666=EDGE_CURVE('',#4884,#4999,#6018,.F.);
#3667=EDGE_CURVE('',#5001,#5002,#6019,.F.);
#3668=EDGE_CURVE('',#5002,#4900,#6020,.T.);
#3669=EDGE_CURVE('',#4899,#5001,#6021,.F.);
#3670=EDGE_CURVE('',#5003,#5004,#6022,.F.);
#3671=EDGE_CURVE('',#5004,#4883,#6023,.T.);
#3672=EDGE_CURVE('',#4882,#5003,#6024,.F.);
#3673=EDGE_CURVE('',#5005,#4886,#6025,.T.);
#3674=EDGE_CURVE('',#5005,#5006,#6026,.T.);
#3675=EDGE_CURVE('',#5006,#4888,#6027,.T.);
#3676=EDGE_CURVE('',#4992,#4995,#230,.T.);
#3677=EDGE_CURVE('',#4992,#4844,#231,.F.);
#3678=EDGE_CURVE('',#4844,#4995,#232,.F.);
#3679=EDGE_CURVE('',#4994,#4983,#233,.T.);
#3680=EDGE_CURVE('',#4845,#4994,#234,.T.);
#3681=EDGE_CURVE('',#4993,#4843,#235,.T.);
#3682=EDGE_CURVE('',#4990,#4993,#236,.F.);
#3683=EDGE_CURVE('',#4845,#4983,#237,.F.);
#3684=EDGE_CURVE('',#4990,#4842,#238,.F.);
#3685=EDGE_CURVE('',#4982,#4985,#239,.F.);
#3686=EDGE_CURVE('',#4846,#4982,#240,.T.);
#3687=EDGE_CURVE('',#4991,#4841,#241,.T.);
#3688=EDGE_CURVE('',#5001,#4991,#242,.F.);
#3689=EDGE_CURVE('',#4847,#4985,#243,.F.);
#3690=EDGE_CURVE('',#4840,#5007,#26,.F.);
#3691=EDGE_CURVE('',#5001,#5007,#244,.F.);
#3692=EDGE_CURVE('',#4984,#5006,#245,.F.);
#3693=EDGE_CURVE('',#4848,#4984,#246,.T.);
#3694=EDGE_CURVE('',#5002,#5008,#247,.F.);
#3695=EDGE_CURVE('',#5007,#5008,#6028,.F.);
#3696=EDGE_CURVE('',#5009,#5006,#248,.F.);
#3697=EDGE_CURVE('',#5009,#4849,#27,.T.);
#3698=EDGE_CURVE('',#5010,#5005,#249,.F.);
#3699=EDGE_CURVE('',#5010,#5009,#6029,.F.);
#3700=EDGE_CURVE('',#4999,#5004,#250,.F.);
#3701=EDGE_CURVE('',#4998,#5011,#28,.F.);
#3702=EDGE_CURVE('',#4999,#5011,#251,.F.);
#3703=EDGE_CURVE('',#5012,#5004,#252,.F.);
#3704=EDGE_CURVE('',#5012,#4996,#29,.T.);
#3705=EDGE_CURVE('',#5003,#4987,#253,.F.);
#3706=EDGE_CURVE('',#5013,#5003,#254,.T.);
#3707=EDGE_CURVE('',#5013,#5012,#6030,.F.);
#3708=EDGE_CURVE('',#5011,#5014,#6031,.F.);
#3709=EDGE_CURVE('',#5000,#5014,#255,.T.);
#3710=EDGE_CURVE('',#4988,#5000,#256,.F.);
#3711=EDGE_CURVE('',#4851,#5013,#30,.F.);
#3712=EDGE_CURVE('',#4852,#4987,#257,.F.);
#3713=EDGE_CURVE('',#5014,#4838,#31,.T.);
#3714=EDGE_CURVE('',#4988,#4839,#258,.F.);
#3715=EDGE_CURVE('',#4853,#4986,#259,.T.);
#3716=EDGE_CURVE('',#4989,#4854,#260,.T.);
#3717=EDGE_CURVE('',#4989,#4986,#261,.T.);
#3718=EDGE_CURVE('',#4857,#4855,#262,.F.);
#3719=EDGE_CURVE('',#5015,#4803,#6032,.T.);
#3720=EDGE_CURVE('',#5015,#5016,#6033,.T.);
#3721=EDGE_CURVE('',#5017,#5016,#6034,.T.);
#3722=EDGE_CURVE('',#5017,#4867,#6035,.T.);
#3723=EDGE_CURVE('',#4866,#4858,#263,.F.);
#3724=EDGE_CURVE('',#5018,#5019,#264,.T.);
#3725=EDGE_CURVE('',#5018,#5016,#6036,.T.);
#3726=EDGE_CURVE('',#5015,#5019,#6037,.T.);
#3727=EDGE_CURVE('',#4864,#4824,#6038,.T.);
#3728=EDGE_CURVE('',#4802,#5019,#6039,.T.);
#3729=EDGE_CURVE('',#5020,#4868,#6040,.T.);
#3730=EDGE_CURVE('',#5020,#4826,#6041,.F.);
#3731=EDGE_CURVE('',#4863,#4825,#6042,.T.);
#3732=EDGE_CURVE('',#5021,#5018,#6043,.F.);
#3733=EDGE_CURVE('',#5021,#5017,#6044,.T.);
#3734=EDGE_CURVE('',#5020,#5021,#265,.T.);
#3735=EDGE_CURVE('',#4856,#4860,#266,.F.);
#3736=EDGE_CURVE('',#4978,#4856,#267,.T.);
#3737=EDGE_CURVE('',#4979,#4860,#268,.F.);
#3738=EDGE_CURVE('',#4980,#4859,#269,.T.);
#3739=EDGE_CURVE('',#4865,#4981,#270,.T.);
#3740=EDGE_CURVE('',#4865,#4859,#271,.T.);
#3741=EDGE_CURVE('',#5008,#4976,#272,.F.);
#3742=EDGE_CURVE('',#4977,#4997,#273,.T.);
#3743=EDGE_CURVE('',#4974,#4977,#274,.T.);
#3744=EDGE_CURVE('',#4974,#4997,#275,.F.);
#3745=EDGE_CURVE('',#4975,#4850,#276,.T.);
#3746=EDGE_CURVE('',#4972,#4975,#277,.T.);
#3747=EDGE_CURVE('',#4972,#4850,#278,.F.);
#3748=EDGE_CURVE('',#4973,#5010,#279,.F.);
#3749=EDGE_CURVE('',#4831,#5022,#6045,.T.);
#3750=EDGE_CURVE('',#5022,#4836,#6046,.T.);
#3751=EDGE_CURVE('',#5023,#4837,#6047,.T.);
#3752=EDGE_CURVE('',#4834,#5023,#6048,.T.);
#3753=EDGE_CURVE('',#5024,#5025,#280,.F.);
#3754=EDGE_CURVE('',#5024,#4800,#6049,.F.);
#3755=EDGE_CURVE('',#5023,#5022,#281,.T.);
#3756=EDGE_CURVE('',#4830,#5026,#6050,.T.);
#3757=EDGE_CURVE('',#5027,#5026,#282,.F.);
#3758=EDGE_CURVE('',#4827,#5027,#6051,.T.);
#3759=EDGE_CURVE('',#5028,#4801,#6052,.F.);
#3760=EDGE_CURVE('',#5025,#5028,#283,.F.);
#3761=EDGE_CURVE('',#5029,#4829,#6053,.T.);
#3762=EDGE_CURVE('',#5026,#5029,#6054,.T.);
#3763=EDGE_CURVE('',#5027,#5030,#6055,.T.);
#3764=EDGE_CURVE('',#5030,#4828,#6056,.T.);
#3765=EDGE_CURVE('',#5031,#5031,#284,.T.);
#3766=EDGE_CURVE('',#5032,#5032,#285,.T.);
#3767=EDGE_CURVE('',#5029,#5030,#6057,.T.);
#3768=EDGE_CURVE('',#5033,#5024,#6058,.T.);
#3769=EDGE_CURVE('',#5033,#4799,#6059,.T.);
#3770=EDGE_CURVE('',#5034,#4801,#6060,.T.);
#3771=EDGE_CURVE('',#5034,#5028,#6061,.T.);
#3772=EDGE_CURVE('',#5033,#5025,#6062,.T.);
#3773=EDGE_CURVE('',#5025,#5034,#6063,.T.);
#3774=EDGE_CURVE('',#5035,#5035,#286,.T.);
#3775=EDGE_CURVE('',#5036,#5036,#287,.T.);
#3776=EDGE_CURVE('',#5037,#5037,#288,.T.);
#3777=EDGE_CURVE('',#5038,#5038,#289,.T.);
#3778=EDGE_CURVE('',#5039,#5039,#290,.T.);
#3779=EDGE_CURVE('',#5040,#5040,#291,.T.);
#3780=EDGE_CURVE('',#5041,#5041,#292,.T.);
#3781=EDGE_CURVE('',#5042,#5042,#293,.T.);
#3782=EDGE_CURVE('',#5043,#5043,#294,.T.);
#3783=EDGE_CURVE('',#5044,#5044,#295,.T.);
#3784=EDGE_CURVE('',#5045,#5045,#296,.T.);
#3785=EDGE_CURVE('',#5046,#5046,#297,.T.);
#3786=EDGE_CURVE('',#5047,#5047,#298,.T.);
#3787=EDGE_CURVE('',#5048,#5048,#299,.T.);
#3788=EDGE_CURVE('',#5049,#5049,#300,.T.);
#3789=EDGE_CURVE('',#5050,#5050,#301,.T.);
#3790=EDGE_CURVE('',#5051,#5051,#302,.T.);
#3791=EDGE_CURVE('',#5052,#5052,#303,.T.);
#3792=EDGE_CURVE('',#5053,#5053,#304,.T.);
#3793=EDGE_CURVE('',#5054,#5054,#305,.T.);
#3794=EDGE_CURVE('',#5055,#5055,#306,.T.);
#3795=EDGE_CURVE('',#5056,#5056,#307,.T.);
#3796=EDGE_CURVE('',#5057,#5057,#308,.T.);
#3797=EDGE_CURVE('',#5058,#5058,#309,.T.);
#3798=EDGE_CURVE('',#5059,#5059,#310,.T.);
#3799=EDGE_CURVE('',#5060,#5060,#311,.T.);
#3800=EDGE_CURVE('',#5061,#5061,#312,.T.);
#3801=EDGE_CURVE('',#5062,#5062,#313,.T.);
#3802=EDGE_CURVE('',#5063,#5063,#314,.T.);
#3803=EDGE_CURVE('',#5064,#5064,#315,.T.);
#3804=EDGE_CURVE('',#5065,#5065,#316,.T.);
#3805=EDGE_CURVE('',#5066,#5066,#317,.T.);
#3806=EDGE_CURVE('',#5067,#5068,#318,.F.);
#3807=EDGE_CURVE('',#5069,#5068,#6064,.T.);
#3808=EDGE_CURVE('',#5070,#5069,#319,.T.);
#3809=EDGE_CURVE('',#5067,#5070,#6065,.F.);
#3810=EDGE_CURVE('',#5071,#5072,#6066,.T.);
#3811=EDGE_CURVE('',#5072,#5073,#6067,.F.);
#3812=EDGE_CURVE('',#5074,#5073,#6068,.T.);
#3813=EDGE_CURVE('',#5074,#5071,#6069,.T.);
#3814=EDGE_CURVE('',#5075,#5076,#320,.T.);
#3815=EDGE_CURVE('',#5068,#5075,#6070,.F.);
#3816=EDGE_CURVE('',#5077,#5068,#321,.T.);
#3817=EDGE_CURVE('',#5076,#5077,#6071,.T.);
#3818=EDGE_CURVE('',#5078,#5075,#6072,.T.);
#3819=EDGE_CURVE('',#5078,#5069,#6073,.T.);
#3820=EDGE_CURVE('',#5079,#5078,#322,.T.);
#3821=EDGE_CURVE('',#5080,#5079,#6074,.F.);
#3822=EDGE_CURVE('',#5080,#5069,#323,.F.);
#3823=EDGE_CURVE('',#5081,#5081,#324,.F.);
#3824=EDGE_CURVE('',#5082,#5082,#325,.F.);
#3825=EDGE_CURVE('',#5083,#5083,#326,.F.);
#3826=EDGE_CURVE('',#5084,#5084,#327,.F.);
#3827=EDGE_CURVE('',#5085,#5085,#328,.F.);
#3828=EDGE_CURVE('',#5086,#5086,#329,.F.);
#3829=EDGE_CURVE('',#5087,#5072,#10,.T.);
#3830=EDGE_CURVE('',#5088,#5087,#6075,.T.);
#3831=EDGE_CURVE('',#5073,#5088,#11,.F.);
#3832=EDGE_CURVE('',#5067,#5077,#330,.T.);
#3833=EDGE_CURVE('',#5080,#5070,#331,.T.);
#3834=EDGE_CURVE('',#5089,#5090,#6076,.T.);
#3835=EDGE_CURVE('',#5079,#5089,#6077,.T.);
#3836=EDGE_CURVE('',#5076,#5091,#6078,.T.);
#3837=EDGE_CURVE('',#5092,#5091,#6079,.T.);
#3838=EDGE_CURVE('',#5071,#5092,#6080,.T.);
#3839=EDGE_CURVE('',#5074,#5090,#6081,.T.);
#3840=EDGE_CURVE('',#5093,#5094,#332,.F.);
#3841=EDGE_CURVE('',#5077,#5093,#6082,.T.);
#3842=EDGE_CURVE('',#5094,#5067,#6083,.F.);
#3843=EDGE_CURVE('',#5093,#5091,#6084,.T.);
#3844=EDGE_CURVE('',#5095,#5096,#333,.F.);
#3845=EDGE_CURVE('',#5070,#5095,#6085,.T.);
#3846=EDGE_CURVE('',#5096,#5080,#6086,.F.);
#3847=EDGE_CURVE('',#5096,#5089,#6087,.T.);
#3848=EDGE_CURVE('',#5097,#5098,#334,.F.);
#3849=EDGE_CURVE('',#5098,#5099,#12,.F.);
#3850=EDGE_CURVE('',#5097,#5099,#6088,.F.);
#3851=EDGE_CURVE('',#5100,#5101,#13,.F.);
#3852=EDGE_CURVE('',#5101,#5102,#335,.F.);
#3853=EDGE_CURVE('',#5100,#5102,#6089,.T.);
#3854=EDGE_CURVE('',#5103,#5072,#6090,.F.);
#3855=EDGE_CURVE('',#5103,#5104,#336,.F.);
#3856=EDGE_CURVE('',#5087,#5104,#6091,.T.);
#3857=EDGE_CURVE('',#5105,#5088,#6092,.F.);
#3858=EDGE_CURVE('',#5105,#5106,#337,.F.);
#3859=EDGE_CURVE('',#5073,#5106,#6093,.T.);
#3860=EDGE_CURVE('',#5105,#5107,#6094,.T.);
#3861=EDGE_CURVE('',#5108,#5104,#6095,.T.);
#3862=EDGE_CURVE('',#5100,#5108,#6096,.T.);
#3863=EDGE_CURVE('',#5109,#5102,#6097,.T.);
#3864=EDGE_CURVE('',#5110,#5109,#6098,.T.);
#3865=EDGE_CURVE('',#5111,#5110,#6099,.T.);
#3866=EDGE_CURVE('',#5112,#5111,#6100,.T.);
#3867=EDGE_CURVE('',#5113,#5112,#6101,.T.);
#3868=EDGE_CURVE('',#5114,#5113,#6102,.T.);
#3869=EDGE_CURVE('',#5115,#5114,#6103,.T.);
#3870=EDGE_CURVE('',#5116,#5115,#6104,.T.);
#3871=EDGE_CURVE('',#5117,#5116,#6105,.T.);
#3872=EDGE_CURVE('',#5118,#5117,#6106,.T.);
#3873=EDGE_CURVE('',#5119,#5118,#6107,.T.);
#3874=EDGE_CURVE('',#5120,#5119,#6108,.T.);
#3875=EDGE_CURVE('',#5121,#5120,#6109,.T.);
#3876=EDGE_CURVE('',#5122,#5121,#6110,.T.);
#3877=EDGE_CURVE('',#5123,#5122,#6111,.T.);
#3878=EDGE_CURVE('',#5124,#5123,#6112,.T.);
#3879=EDGE_CURVE('',#5097,#5124,#6113,.T.);
#3880=EDGE_CURVE('',#5107,#5099,#6114,.T.);
#3881=EDGE_CURVE('',#5103,#5092,#6115,.T.);
#3882=EDGE_CURVE('',#5106,#5090,#6116,.T.);
#3883=EDGE_CURVE('',#5095,#5125,#6117,.T.);
#3884=EDGE_CURVE('',#5125,#5126,#6118,.T.);
#3885=EDGE_CURVE('',#5126,#5127,#6119,.T.);
#3886=EDGE_CURVE('',#5127,#5128,#6120,.T.);
#3887=EDGE_CURVE('',#5128,#5129,#6121,.T.);
#3888=EDGE_CURVE('',#5129,#5130,#6122,.T.);
#3889=EDGE_CURVE('',#5130,#5131,#6123,.T.);
#3890=EDGE_CURVE('',#5131,#5132,#6124,.T.);
#3891=EDGE_CURVE('',#5132,#5133,#6125,.T.);
#3892=EDGE_CURVE('',#5133,#5134,#6126,.T.);
#3893=EDGE_CURVE('',#5134,#5135,#6127,.T.);
#3894=EDGE_CURVE('',#5135,#5136,#6128,.T.);
#3895=EDGE_CURVE('',#5136,#5137,#6129,.T.);
#3896=EDGE_CURVE('',#5137,#5138,#6130,.T.);
#3897=EDGE_CURVE('',#5138,#5139,#6131,.T.);
#3898=EDGE_CURVE('',#5139,#5140,#6132,.T.);
#3899=EDGE_CURVE('',#5140,#5141,#6133,.T.);
#3900=EDGE_CURVE('',#5141,#5142,#6134,.T.);
#3901=EDGE_CURVE('',#5142,#5143,#6135,.T.);
#3902=EDGE_CURVE('',#5143,#5144,#6136,.T.);
#3903=EDGE_CURVE('',#5144,#5094,#6137,.T.);
#3904=EDGE_CURVE('',#5127,#5124,#6138,.T.);
#3905=EDGE_CURVE('',#5128,#5123,#6139,.T.);
#3906=EDGE_CURVE('',#5129,#5122,#6140,.T.);
#3907=EDGE_CURVE('',#5130,#5121,#6141,.T.);
#3908=EDGE_CURVE('',#5131,#5120,#6142,.T.);
#3909=EDGE_CURVE('',#5132,#5119,#6143,.T.);
#3910=EDGE_CURVE('',#5133,#5118,#6144,.T.);
#3911=EDGE_CURVE('',#5134,#5117,#6145,.T.);
#3912=EDGE_CURVE('',#5135,#5116,#6146,.T.);
#3913=EDGE_CURVE('',#5136,#5115,#6147,.T.);
#3914=EDGE_CURVE('',#5137,#5114,#6148,.T.);
#3915=EDGE_CURVE('',#5138,#5113,#6149,.T.);
#3916=EDGE_CURVE('',#5139,#5112,#6150,.T.);
#3917=EDGE_CURVE('',#5140,#5111,#6151,.T.);
#3918=EDGE_CURVE('',#5141,#5110,#6152,.T.);
#3919=EDGE_CURVE('',#5142,#5109,#6153,.T.);
#3920=EDGE_CURVE('',#5125,#5107,#6154,.T.);
#3921=EDGE_CURVE('',#5126,#5098,#6155,.T.);
#3922=EDGE_CURVE('',#5143,#5101,#6156,.T.);
#3923=EDGE_CURVE('',#5144,#5108,#6157,.T.);
#3924=EDGE_CURVE('',#5145,#5145,#338,.T.);
#3925=EDGE_CURVE('',#5146,#5146,#339,.T.);
#3926=EDGE_CURVE('',#5147,#5148,#6158,.T.);
#3927=EDGE_CURVE('',#5147,#5149,#6159,.T.);
#3928=EDGE_CURVE('',#5149,#5150,#6160,.T.);
#3929=EDGE_CURVE('',#5150,#5151,#6161,.F.);
#3930=EDGE_CURVE('',#5152,#5151,#6162,.T.);
#3931=EDGE_CURVE('',#5153,#5152,#6163,.T.);
#3932=EDGE_CURVE('',#5154,#5153,#6164,.T.);
#3933=EDGE_CURVE('',#5155,#5154,#6165,.T.);
#3934=EDGE_CURVE('',#5156,#5155,#6166,.T.);
#3935=EDGE_CURVE('',#5157,#5156,#6167,.T.);
#3936=EDGE_CURVE('',#5158,#5157,#6168,.T.);
#3937=EDGE_CURVE('',#5159,#5158,#6169,.T.);
#3938=EDGE_CURVE('',#5160,#5159,#6170,.T.);
#3939=EDGE_CURVE('',#5161,#5160,#6171,.T.);
#3940=EDGE_CURVE('',#5162,#5161,#6172,.T.);
#3941=EDGE_CURVE('',#5163,#5162,#6173,.T.);
#3942=EDGE_CURVE('',#5164,#5163,#6174,.T.);
#3943=EDGE_CURVE('',#5165,#5164,#6175,.T.);
#3944=EDGE_CURVE('',#5166,#5165,#6176,.T.);
#3945=EDGE_CURVE('',#5167,#5166,#6177,.T.);
#3946=EDGE_CURVE('',#5168,#5167,#6178,.T.);
#3947=EDGE_CURVE('',#5169,#5168,#6179,.T.);
#3948=EDGE_CURVE('',#5170,#5169,#6180,.T.);
#3949=EDGE_CURVE('',#5148,#5170,#6181,.T.);
#3950=EDGE_CURVE('',#5171,#5172,#6182,.T.);
#3951=EDGE_CURVE('',#5171,#5173,#6183,.T.);
#3952=EDGE_CURVE('',#5174,#5173,#6184,.T.);
#3953=EDGE_CURVE('',#5175,#5174,#6185,.T.);
#3954=EDGE_CURVE('',#5175,#5176,#6186,.T.);
#3955=EDGE_CURVE('',#5176,#5177,#340,.T.);
#3956=EDGE_CURVE('',#5177,#5178,#6187,.T.);
#3957=EDGE_CURVE('',#5178,#5179,#341,.T.);
#3958=EDGE_CURVE('',#5180,#5179,#6188,.T.);
#3959=EDGE_CURVE('',#5172,#5180,#6189,.T.);
#3960=EDGE_CURVE('',#5181,#5182,#6190,.F.);
#3961=EDGE_CURVE('',#5182,#5183,#6191,.T.);
#3962=EDGE_CURVE('',#5183,#5184,#6192,.T.);
#3963=EDGE_CURVE('',#5184,#5181,#6193,.T.);
#3964=EDGE_CURVE('',#5185,#5186,#6194,.F.);
#3965=EDGE_CURVE('',#5186,#5187,#6195,.T.);
#3966=EDGE_CURVE('',#5187,#5188,#6196,.T.);
#3967=EDGE_CURVE('',#5188,#5189,#6197,.T.);
#3968=EDGE_CURVE('',#5190,#5189,#342,.T.);
#3969=EDGE_CURVE('',#5190,#5191,#6198,.F.);
#3970=EDGE_CURVE('',#5192,#5191,#343,.T.);
#3971=EDGE_CURVE('',#5192,#5193,#6199,.F.);
#3972=EDGE_CURVE('',#5193,#5194,#6200,.T.);
#3973=EDGE_CURVE('',#5194,#5185,#6201,.T.);
#3974=EDGE_CURVE('',#5195,#5196,#6202,.T.);
#3975=EDGE_CURVE('',#5195,#5197,#6203,.T.);
#3976=EDGE_CURVE('',#5197,#5198,#6204,.F.);
#3977=EDGE_CURVE('',#5196,#5198,#6205,.T.);
#3978=EDGE_CURVE('',#5187,#5172,#6206,.T.);
#3979=EDGE_CURVE('',#5180,#5199,#6207,.T.);
#3980=EDGE_CURVE('',#5199,#5188,#344,.T.);
#3981=EDGE_CURVE('',#5183,#5196,#6208,.T.);
#3982=EDGE_CURVE('',#5198,#5200,#345,.T.);
#3983=EDGE_CURVE('',#5201,#5200,#6209,.T.);
#3984=EDGE_CURVE('',#5201,#5194,#346,.T.);
#3985=EDGE_CURVE('',#5193,#5202,#347,.T.);
#3986=EDGE_CURVE('',#5175,#5202,#6210,.T.);
#3987=EDGE_CURVE('',#5174,#5184,#6211,.T.);
#3988=EDGE_CURVE('',#5203,#5204,#6212,.F.);
#3989=EDGE_CURVE('',#5204,#5205,#6213,.T.);
#3990=EDGE_CURVE('',#5205,#5203,#6214,.T.);
#3991=EDGE_CURVE('',#5206,#5206,#348,.F.);
#3992=EDGE_CURVE('',#5207,#5207,#349,.F.);
#3993=EDGE_CURVE('',#5208,#5208,#350,.F.);
#3994=EDGE_CURVE('',#5209,#5209,#351,.F.);
#3995=EDGE_CURVE('',#5210,#5210,#352,.F.);
#3996=EDGE_CURVE('',#5211,#5211,#353,.F.);
#3997=EDGE_CURVE('',#5212,#5212,#354,.F.);
#3998=EDGE_CURVE('',#5213,#5213,#355,.F.);
#3999=EDGE_CURVE('',#5214,#5215,#6215,.F.);
#4000=EDGE_CURVE('',#5215,#5216,#6216,.T.);
#4001=EDGE_CURVE('',#5216,#5217,#6217,.T.);
#4002=EDGE_CURVE('',#5217,#5218,#6218,.T.);
#4003=EDGE_CURVE('',#5218,#5219,#6219,.T.);
#4004=EDGE_CURVE('',#5219,#5220,#6220,.T.);
#4005=EDGE_CURVE('',#5220,#5221,#6221,.T.);
#4006=EDGE_CURVE('',#5221,#5222,#6222,.T.);
#4007=EDGE_CURVE('',#5222,#5223,#6223,.T.);
#4008=EDGE_CURVE('',#5223,#5224,#6224,.T.);
#4009=EDGE_CURVE('',#5224,#5225,#6225,.T.);
#4010=EDGE_CURVE('',#5225,#5226,#6226,.T.);
#4011=EDGE_CURVE('',#5226,#5227,#6227,.T.);
#4012=EDGE_CURVE('',#5227,#5228,#6228,.T.);
#4013=EDGE_CURVE('',#5228,#5229,#6229,.T.);
#4014=EDGE_CURVE('',#5229,#5230,#6230,.T.);
#4015=EDGE_CURVE('',#5230,#5231,#6231,.T.);
#4016=EDGE_CURVE('',#5231,#5232,#6232,.T.);
#4017=EDGE_CURVE('',#5232,#5233,#6233,.T.);
#4018=EDGE_CURVE('',#5233,#5214,#6234,.F.);
#4019=EDGE_CURVE('',#5234,#5235,#6235,.T.);
#4020=EDGE_CURVE('',#5235,#5236,#6236,.T.);
#4021=EDGE_CURVE('',#5236,#5234,#6237,.T.);
#4022=EDGE_CURVE('',#5204,#5171,#356,.F.);
#4023=EDGE_CURVE('',#5237,#5203,#14,.F.);
#4024=EDGE_CURVE('',#5215,#5237,#357,.F.);
#4025=EDGE_CURVE('',#5173,#5214,#15,.F.);
#4026=EDGE_CURVE('',#5238,#5232,#358,.F.);
#4027=EDGE_CURVE('',#5235,#5238,#16,.F.);
#4028=EDGE_CURVE('',#5182,#5234,#359,.F.);
#4029=EDGE_CURVE('',#5233,#5181,#17,.T.);
#4030=EDGE_CURVE('',#5195,#5151,#360,.F.);
#4031=EDGE_CURVE('',#5150,#5197,#361,.F.);
#4032=EDGE_CURVE('',#5147,#5186,#362,.F.);
#4033=EDGE_CURVE('',#5185,#5149,#363,.F.);
#4034=EDGE_CURVE('',#5173,#5181,#6238,.T.);
#4035=EDGE_CURVE('',#5239,#5240,#6239,.F.);
#4036=EDGE_CURVE('',#5240,#5201,#6240,.F.);
#4037=EDGE_CURVE('',#5200,#5239,#6241,.T.);
#4038=EDGE_CURVE('',#5177,#5241,#6242,.T.);
#4039=EDGE_CURVE('',#5241,#5242,#6243,.T.);
#4040=EDGE_CURVE('',#5242,#5178,#6244,.F.);
#4041=EDGE_CURVE('',#5202,#5243,#6245,.T.);
#4042=EDGE_CURVE('',#5243,#5176,#6246,.F.);
#4043=EDGE_CURVE('',#5179,#5244,#6247,.T.);
#4044=EDGE_CURVE('',#5244,#5199,#6248,.F.);
#4045=EDGE_CURVE('',#5245,#5245,#364,.T.);
#4046=EDGE_CURVE('',#5246,#5246,#365,.T.);
#4047=EDGE_CURVE('',#5247,#5247,#366,.T.);
#4048=EDGE_CURVE('',#5248,#5248,#367,.T.);
#4049=EDGE_CURVE('',#5249,#5249,#368,.T.);
#4050=EDGE_CURVE('',#5250,#5250,#369,.T.);
#4051=EDGE_CURVE('',#5251,#5251,#370,.T.);
#4052=EDGE_CURVE('',#5252,#5252,#371,.T.);
#4053=EDGE_CURVE('',#5253,#5253,#372,.T.);
#4054=EDGE_CURVE('',#5254,#5254,#373,.T.);
#4055=EDGE_CURVE('',#5255,#5255,#374,.T.);
#4056=EDGE_CURVE('',#5256,#5256,#375,.T.);
#4057=EDGE_CURVE('',#5257,#5257,#376,.T.);
#4058=EDGE_CURVE('',#5258,#5258,#377,.T.);
#4059=EDGE_CURVE('',#5259,#5259,#378,.T.);
#4060=EDGE_CURVE('',#5260,#5260,#379,.T.);
#4061=EDGE_CURVE('',#5261,#5261,#380,.T.);
#4062=EDGE_CURVE('',#5262,#5262,#381,.T.);
#4063=EDGE_CURVE('',#5263,#5263,#382,.T.);
#4064=EDGE_CURVE('',#5264,#5264,#383,.T.);
#4065=EDGE_CURVE('',#5265,#5265,#384,.T.);
#4066=EDGE_CURVE('',#5266,#5266,#385,.T.);
#4067=EDGE_CURVE('',#5267,#5267,#386,.T.);
#4068=EDGE_CURVE('',#5268,#5268,#387,.T.);
#4069=EDGE_CURVE('',#5269,#5269,#388,.T.);
#4070=EDGE_CURVE('',#5270,#5270,#389,.T.);
#4071=EDGE_CURVE('',#5244,#5242,#390,.F.);
#4072=EDGE_CURVE('',#5189,#5244,#391,.T.);
#4073=EDGE_CURVE('',#5190,#5242,#392,.F.);
#4074=EDGE_CURVE('',#5191,#5241,#393,.T.);
#4075=EDGE_CURVE('',#5243,#5192,#394,.T.);
#4076=EDGE_CURVE('',#5243,#5241,#395,.T.);
#4077=EDGE_CURVE('',#5239,#5197,#396,.T.);
#4078=EDGE_CURVE('',#5239,#5150,#397,.F.);
#4079=EDGE_CURVE('',#5240,#5149,#398,.T.);
#4080=EDGE_CURVE('',#5185,#5240,#399,.T.);
#4081=EDGE_CURVE('',#5271,#5271,#400,.T.);
#4082=EDGE_CURVE('',#5272,#5272,#401,.T.);
#4083=EDGE_CURVE('',#5273,#5273,#402,.T.);
#4084=EDGE_CURVE('',#5274,#5274,#403,.T.);
#4085=EDGE_CURVE('',#5275,#5275,#404,.T.);
#4086=EDGE_CURVE('',#5276,#5276,#405,.T.);
#4087=EDGE_CURVE('',#5277,#5277,#406,.T.);
#4088=EDGE_CURVE('',#5278,#5278,#407,.T.);
#4089=EDGE_CURVE('',#5169,#5216,#6249,.T.);
#4090=EDGE_CURVE('',#5168,#5217,#6250,.T.);
#4091=EDGE_CURVE('',#5167,#5218,#6251,.T.);
#4092=EDGE_CURVE('',#5166,#5219,#6252,.T.);
#4093=EDGE_CURVE('',#5165,#5220,#6253,.T.);
#4094=EDGE_CURVE('',#5164,#5221,#6254,.T.);
#4095=EDGE_CURVE('',#5163,#5222,#6255,.T.);
#4096=EDGE_CURVE('',#5162,#5223,#6256,.T.);
#4097=EDGE_CURVE('',#5161,#5224,#6257,.T.);
#4098=EDGE_CURVE('',#5160,#5225,#6258,.T.);
#4099=EDGE_CURVE('',#5159,#5226,#6259,.T.);
#4100=EDGE_CURVE('',#5158,#5227,#6260,.T.);
#4101=EDGE_CURVE('',#5157,#5228,#6261,.T.);
#4102=EDGE_CURVE('',#5156,#5229,#6262,.T.);
#4103=EDGE_CURVE('',#5155,#5230,#6263,.T.);
#4104=EDGE_CURVE('',#5154,#5231,#6264,.T.);
#4105=EDGE_CURVE('',#5148,#5205,#6265,.T.);
#4106=EDGE_CURVE('',#5170,#5237,#6266,.T.);
#4107=EDGE_CURVE('',#5153,#5238,#6267,.T.);
#4108=EDGE_CURVE('',#5152,#5236,#6268,.T.);
#4109=EDGE_CURVE('',#5279,#5280,#6269,.T.);
#4110=EDGE_CURVE('',#5279,#5281,#6270,.T.);
#4111=EDGE_CURVE('',#5281,#5282,#6271,.T.);
#4112=EDGE_CURVE('',#5282,#5280,#6272,.T.);
#4113=EDGE_CURVE('',#5283,#5284,#408,.F.);
#4114=EDGE_CURVE('',#5285,#5284,#6273,.F.);
#4115=EDGE_CURVE('',#5286,#5285,#409,.T.);
#4116=EDGE_CURVE('',#5287,#5286,#6274,.T.);
#4117=EDGE_CURVE('',#5288,#5287,#32,.T.);
#4118=EDGE_CURVE('',#5289,#5288,#6275,.F.);
#4119=EDGE_CURVE('',#5290,#5289,#33,.F.);
#4120=EDGE_CURVE('',#5283,#5290,#6276,.T.);
#4121=EDGE_CURVE('',#5291,#5289,#410,.F.);
#4122=EDGE_CURVE('',#5292,#5288,#411,.T.);
#4123=EDGE_CURVE('',#5291,#5292,#6277,.T.);
#4124=EDGE_CURVE('',#5284,#5293,#6278,.T.);
#4125=EDGE_CURVE('',#5293,#5294,#6279,.T.);
#4126=EDGE_CURVE('',#5294,#5285,#6280,.F.);
#4127=EDGE_CURVE('',#5292,#5295,#6281,.T.);
#4128=EDGE_CURVE('',#5295,#5296,#6282,.T.);
#4129=EDGE_CURVE('',#5296,#5291,#6283,.F.);
#4130=EDGE_CURVE('',#5297,#5298,#6284,.T.);
#4131=EDGE_CURVE('',#5299,#5298,#6285,.T.);
#4132=EDGE_CURVE('',#5300,#5299,#6286,.T.);
#4133=EDGE_CURVE('',#5300,#5297,#6287,.T.);
#4134=EDGE_CURVE('',#5301,#5297,#6288,.T.);
#4135=EDGE_CURVE('',#5302,#5300,#6289,.T.);
#4136=EDGE_CURVE('',#5302,#5301,#6290,.T.);
#4137=EDGE_CURVE('',#5303,#5301,#6291,.T.);
#4138=EDGE_CURVE('',#5304,#5302,#6292,.T.);
#4139=EDGE_CURVE('',#5304,#5303,#6293,.T.);
#4140=EDGE_CURVE('',#5298,#5303,#6294,.T.);
#4141=EDGE_CURVE('',#5299,#5304,#6295,.T.);
#4142=EDGE_CURVE('',#5305,#5306,#6296,.T.);
#4143=EDGE_CURVE('',#5307,#5306,#6297,.T.);
#4144=EDGE_CURVE('',#5308,#5307,#6298,.T.);
#4145=EDGE_CURVE('',#5308,#5305,#6299,.T.);
#4146=EDGE_CURVE('',#5309,#5305,#6300,.T.);
#4147=EDGE_CURVE('',#5310,#5308,#6301,.T.);
#4148=EDGE_CURVE('',#5310,#5309,#6302,.T.);
#4149=EDGE_CURVE('',#5311,#5309,#6303,.T.);
#4150=EDGE_CURVE('',#5312,#5310,#6304,.T.);
#4151=EDGE_CURVE('',#5312,#5311,#6305,.T.);
#4152=EDGE_CURVE('',#5306,#5311,#6306,.T.);
#4153=EDGE_CURVE('',#5307,#5312,#6307,.T.);
#4154=EDGE_CURVE('',#5313,#5314,#6308,.T.);
#4155=EDGE_CURVE('',#5315,#5314,#6309,.T.);
#4156=EDGE_CURVE('',#5316,#5315,#6310,.T.);
#4157=EDGE_CURVE('',#5316,#5313,#6311,.T.);
#4158=EDGE_CURVE('',#5317,#5313,#6312,.T.);
#4159=EDGE_CURVE('',#5318,#5316,#6313,.T.);
#4160=EDGE_CURVE('',#5318,#5317,#6314,.T.);
#4161=EDGE_CURVE('',#5319,#5317,#6315,.T.);
#4162=EDGE_CURVE('',#5320,#5318,#6316,.T.);
#4163=EDGE_CURVE('',#5320,#5319,#6317,.T.);
#4164=EDGE_CURVE('',#5314,#5319,#6318,.T.);
#4165=EDGE_CURVE('',#5315,#5320,#6319,.T.);
#4166=EDGE_CURVE('',#5321,#5322,#6320,.T.);
#4167=EDGE_CURVE('',#5323,#5322,#6321,.T.);
#4168=EDGE_CURVE('',#5324,#5323,#6322,.T.);
#4169=EDGE_CURVE('',#5324,#5321,#6323,.T.);
#4170=EDGE_CURVE('',#5325,#5321,#6324,.T.);
#4171=EDGE_CURVE('',#5326,#5324,#6325,.T.);
#4172=EDGE_CURVE('',#5326,#5325,#6326,.T.);
#4173=EDGE_CURVE('',#5327,#5325,#6327,.T.);
#4174=EDGE_CURVE('',#5328,#5326,#6328,.T.);
#4175=EDGE_CURVE('',#5328,#5327,#6329,.T.);
#4176=EDGE_CURVE('',#5322,#5327,#6330,.T.);
#4177=EDGE_CURVE('',#5323,#5328,#6331,.T.);
#4178=EDGE_CURVE('',#5329,#5330,#6332,.T.);
#4179=EDGE_CURVE('',#5331,#5330,#6333,.T.);
#4180=EDGE_CURVE('',#5332,#5331,#6334,.T.);
#4181=EDGE_CURVE('',#5332,#5329,#6335,.T.);
#4182=EDGE_CURVE('',#5333,#5329,#6336,.T.);
#4183=EDGE_CURVE('',#5334,#5332,#6337,.T.);
#4184=EDGE_CURVE('',#5334,#5333,#6338,.T.);
#4185=EDGE_CURVE('',#5335,#5333,#6339,.T.);
#4186=EDGE_CURVE('',#5336,#5334,#6340,.T.);
#4187=EDGE_CURVE('',#5336,#5335,#6341,.T.);
#4188=EDGE_CURVE('',#5330,#5335,#6342,.T.);
#4189=EDGE_CURVE('',#5331,#5336,#6343,.T.);
#4190=EDGE_CURVE('',#5337,#5338,#6344,.T.);
#4191=EDGE_CURVE('',#5339,#5338,#6345,.T.);
#4192=EDGE_CURVE('',#5340,#5339,#6346,.T.);
#4193=EDGE_CURVE('',#5340,#5337,#6347,.T.);
#4194=EDGE_CURVE('',#5341,#5337,#6348,.T.);
#4195=EDGE_CURVE('',#5342,#5340,#6349,.T.);
#4196=EDGE_CURVE('',#5342,#5341,#6350,.T.);
#4197=EDGE_CURVE('',#5343,#5341,#6351,.T.);
#4198=EDGE_CURVE('',#5344,#5342,#6352,.T.);
#4199=EDGE_CURVE('',#5344,#5343,#6353,.T.);
#4200=EDGE_CURVE('',#5338,#5343,#6354,.T.);
#4201=EDGE_CURVE('',#5339,#5344,#6355,.T.);
#4202=EDGE_CURVE('',#5345,#5346,#6356,.T.);
#4203=EDGE_CURVE('',#5347,#5346,#6357,.T.);
#4204=EDGE_CURVE('',#5348,#5347,#6358,.T.);
#4205=EDGE_CURVE('',#5348,#5345,#6359,.T.);
#4206=EDGE_CURVE('',#5349,#5345,#6360,.T.);
#4207=EDGE_CURVE('',#5350,#5348,#6361,.T.);
#4208=EDGE_CURVE('',#5350,#5349,#6362,.T.);
#4209=EDGE_CURVE('',#5351,#5349,#6363,.T.);
#4210=EDGE_CURVE('',#5352,#5350,#6364,.T.);
#4211=EDGE_CURVE('',#5352,#5351,#6365,.T.);
#4212=EDGE_CURVE('',#5346,#5351,#6366,.T.);
#4213=EDGE_CURVE('',#5347,#5352,#6367,.T.);
#4214=EDGE_CURVE('',#5353,#5354,#6368,.T.);
#4215=EDGE_CURVE('',#5355,#5354,#6369,.T.);
#4216=EDGE_CURVE('',#5356,#5355,#6370,.T.);
#4217=EDGE_CURVE('',#5356,#5353,#6371,.T.);
#4218=EDGE_CURVE('',#5357,#5353,#6372,.T.);
#4219=EDGE_CURVE('',#5358,#5356,#6373,.T.);
#4220=EDGE_CURVE('',#5358,#5357,#6374,.T.);
#4221=EDGE_CURVE('',#5359,#5357,#6375,.T.);
#4222=EDGE_CURVE('',#5360,#5358,#6376,.T.);
#4223=EDGE_CURVE('',#5360,#5359,#6377,.T.);
#4224=EDGE_CURVE('',#5354,#5359,#6378,.T.);
#4225=EDGE_CURVE('',#5355,#5360,#6379,.T.);
#4226=EDGE_CURVE('',#5361,#5362,#6380,.T.);
#4227=EDGE_CURVE('',#5363,#5362,#6381,.T.);
#4228=EDGE_CURVE('',#5364,#5363,#6382,.T.);
#4229=EDGE_CURVE('',#5364,#5361,#6383,.T.);
#4230=EDGE_CURVE('',#5365,#5361,#6384,.T.);
#4231=EDGE_CURVE('',#5366,#5364,#6385,.T.);
#4232=EDGE_CURVE('',#5366,#5365,#6386,.T.);
#4233=EDGE_CURVE('',#5367,#5365,#6387,.T.);
#4234=EDGE_CURVE('',#5368,#5366,#6388,.T.);
#4235=EDGE_CURVE('',#5368,#5367,#6389,.T.);
#4236=EDGE_CURVE('',#5362,#5367,#6390,.T.);
#4237=EDGE_CURVE('',#5363,#5368,#6391,.T.);
#4238=EDGE_CURVE('',#5369,#5370,#6392,.T.);
#4239=EDGE_CURVE('',#5371,#5370,#6393,.T.);
#4240=EDGE_CURVE('',#5372,#5371,#6394,.T.);
#4241=EDGE_CURVE('',#5372,#5369,#6395,.T.);
#4242=EDGE_CURVE('',#5373,#5369,#6396,.T.);
#4243=EDGE_CURVE('',#5374,#5372,#6397,.T.);
#4244=EDGE_CURVE('',#5374,#5373,#6398,.T.);
#4245=EDGE_CURVE('',#5375,#5373,#6399,.T.);
#4246=EDGE_CURVE('',#5376,#5374,#6400,.T.);
#4247=EDGE_CURVE('',#5376,#5375,#6401,.T.);
#4248=EDGE_CURVE('',#5370,#5375,#6402,.T.);
#4249=EDGE_CURVE('',#5371,#5376,#6403,.T.);
#4250=EDGE_CURVE('',#5377,#5378,#6404,.T.);
#4251=EDGE_CURVE('',#5379,#5378,#6405,.T.);
#4252=EDGE_CURVE('',#5380,#5379,#6406,.T.);
#4253=EDGE_CURVE('',#5380,#5377,#6407,.T.);
#4254=EDGE_CURVE('',#5381,#5377,#6408,.T.);
#4255=EDGE_CURVE('',#5382,#5380,#6409,.T.);
#4256=EDGE_CURVE('',#5382,#5381,#6410,.T.);
#4257=EDGE_CURVE('',#5383,#5381,#6411,.T.);
#4258=EDGE_CURVE('',#5384,#5382,#6412,.T.);
#4259=EDGE_CURVE('',#5384,#5383,#6413,.T.);
#4260=EDGE_CURVE('',#5378,#5383,#6414,.T.);
#4261=EDGE_CURVE('',#5379,#5384,#6415,.T.);
#4262=EDGE_CURVE('',#5385,#5386,#6416,.T.);
#4263=EDGE_CURVE('',#5387,#5386,#6417,.T.);
#4264=EDGE_CURVE('',#5388,#5387,#6418,.T.);
#4265=EDGE_CURVE('',#5388,#5385,#6419,.T.);
#4266=EDGE_CURVE('',#5389,#5385,#6420,.T.);
#4267=EDGE_CURVE('',#5390,#5388,#6421,.T.);
#4268=EDGE_CURVE('',#5390,#5389,#6422,.T.);
#4269=EDGE_CURVE('',#5391,#5389,#6423,.T.);
#4270=EDGE_CURVE('',#5392,#5390,#6424,.T.);
#4271=EDGE_CURVE('',#5392,#5391,#6425,.T.);
#4272=EDGE_CURVE('',#5386,#5391,#6426,.T.);
#4273=EDGE_CURVE('',#5387,#5392,#6427,.T.);
#4274=EDGE_CURVE('',#5393,#5394,#6428,.T.);
#4275=EDGE_CURVE('',#5395,#5394,#6429,.T.);
#4276=EDGE_CURVE('',#5396,#5395,#6430,.T.);
#4277=EDGE_CURVE('',#5396,#5393,#6431,.T.);
#4278=EDGE_CURVE('',#5397,#5393,#6432,.T.);
#4279=EDGE_CURVE('',#5398,#5396,#6433,.T.);
#4280=EDGE_CURVE('',#5398,#5397,#6434,.T.);
#4281=EDGE_CURVE('',#5399,#5397,#6435,.T.);
#4282=EDGE_CURVE('',#5400,#5398,#6436,.T.);
#4283=EDGE_CURVE('',#5400,#5399,#6437,.T.);
#4284=EDGE_CURVE('',#5394,#5399,#6438,.T.);
#4285=EDGE_CURVE('',#5395,#5400,#6439,.T.);
#4286=EDGE_CURVE('',#5401,#5402,#6440,.T.);
#4287=EDGE_CURVE('',#5403,#5402,#6441,.T.);
#4288=EDGE_CURVE('',#5404,#5403,#6442,.T.);
#4289=EDGE_CURVE('',#5404,#5401,#6443,.T.);
#4290=EDGE_CURVE('',#5405,#5401,#6444,.T.);
#4291=EDGE_CURVE('',#5406,#5404,#6445,.T.);
#4292=EDGE_CURVE('',#5406,#5405,#6446,.T.);
#4293=EDGE_CURVE('',#5407,#5405,#6447,.T.);
#4294=EDGE_CURVE('',#5408,#5406,#6448,.T.);
#4295=EDGE_CURVE('',#5408,#5407,#6449,.T.);
#4296=EDGE_CURVE('',#5402,#5407,#6450,.T.);
#4297=EDGE_CURVE('',#5403,#5408,#6451,.T.);
#4298=EDGE_CURVE('',#5409,#5410,#6452,.T.);
#4299=EDGE_CURVE('',#5411,#5410,#6453,.T.);
#4300=EDGE_CURVE('',#5412,#5411,#6454,.T.);
#4301=EDGE_CURVE('',#5412,#5409,#6455,.T.);
#4302=EDGE_CURVE('',#5413,#5409,#6456,.T.);
#4303=EDGE_CURVE('',#5414,#5412,#6457,.T.);
#4304=EDGE_CURVE('',#5414,#5413,#6458,.T.);
#4305=EDGE_CURVE('',#5415,#5413,#6459,.T.);
#4306=EDGE_CURVE('',#5416,#5414,#6460,.T.);
#4307=EDGE_CURVE('',#5416,#5415,#6461,.T.);
#4308=EDGE_CURVE('',#5410,#5415,#6462,.T.);
#4309=EDGE_CURVE('',#5411,#5416,#6463,.T.);
#4310=EDGE_CURVE('',#5417,#5418,#6464,.T.);
#4311=EDGE_CURVE('',#5419,#5418,#6465,.T.);
#4312=EDGE_CURVE('',#5420,#5419,#6466,.T.);
#4313=EDGE_CURVE('',#5420,#5417,#6467,.T.);
#4314=EDGE_CURVE('',#5421,#5417,#6468,.T.);
#4315=EDGE_CURVE('',#5422,#5420,#6469,.T.);
#4316=EDGE_CURVE('',#5422,#5421,#6470,.T.);
#4317=EDGE_CURVE('',#5423,#5421,#6471,.T.);
#4318=EDGE_CURVE('',#5424,#5422,#6472,.T.);
#4319=EDGE_CURVE('',#5424,#5423,#6473,.T.);
#4320=EDGE_CURVE('',#5418,#5423,#6474,.T.);
#4321=EDGE_CURVE('',#5419,#5424,#6475,.T.);
#4322=EDGE_CURVE('',#5425,#5426,#6476,.T.);
#4323=EDGE_CURVE('',#5427,#5426,#6477,.T.);
#4324=EDGE_CURVE('',#5428,#5427,#6478,.T.);
#4325=EDGE_CURVE('',#5428,#5425,#6479,.T.);
#4326=EDGE_CURVE('',#5429,#5425,#6480,.T.);
#4327=EDGE_CURVE('',#5430,#5428,#6481,.T.);
#4328=EDGE_CURVE('',#5430,#5429,#6482,.T.);
#4329=EDGE_CURVE('',#5431,#5429,#6483,.T.);
#4330=EDGE_CURVE('',#5432,#5430,#6484,.T.);
#4331=EDGE_CURVE('',#5432,#5431,#6485,.T.);
#4332=EDGE_CURVE('',#5426,#5431,#6486,.T.);
#4333=EDGE_CURVE('',#5427,#5432,#6487,.T.);
#4334=EDGE_CURVE('',#5433,#5434,#6488,.T.);
#4335=EDGE_CURVE('',#5435,#5434,#6489,.T.);
#4336=EDGE_CURVE('',#5436,#5435,#6490,.T.);
#4337=EDGE_CURVE('',#5436,#5433,#6491,.T.);
#4338=EDGE_CURVE('',#5437,#5433,#6492,.T.);
#4339=EDGE_CURVE('',#5438,#5436,#6493,.T.);
#4340=EDGE_CURVE('',#5438,#5437,#6494,.T.);
#4341=EDGE_CURVE('',#5439,#5437,#6495,.T.);
#4342=EDGE_CURVE('',#5440,#5438,#6496,.T.);
#4343=EDGE_CURVE('',#5440,#5439,#6497,.T.);
#4344=EDGE_CURVE('',#5434,#5439,#6498,.T.);
#4345=EDGE_CURVE('',#5435,#5440,#6499,.T.);
#4346=EDGE_CURVE('',#5441,#5442,#6500,.T.);
#4347=EDGE_CURVE('',#5443,#5442,#6501,.T.);
#4348=EDGE_CURVE('',#5444,#5443,#6502,.T.);
#4349=EDGE_CURVE('',#5444,#5441,#6503,.T.);
#4350=EDGE_CURVE('',#5445,#5441,#6504,.T.);
#4351=EDGE_CURVE('',#5446,#5444,#6505,.T.);
#4352=EDGE_CURVE('',#5446,#5445,#6506,.T.);
#4353=EDGE_CURVE('',#5447,#5445,#6507,.T.);
#4354=EDGE_CURVE('',#5448,#5446,#6508,.T.);
#4355=EDGE_CURVE('',#5448,#5447,#6509,.T.);
#4356=EDGE_CURVE('',#5442,#5447,#6510,.T.);
#4357=EDGE_CURVE('',#5443,#5448,#6511,.T.);
#4358=EDGE_CURVE('',#5449,#5449,#412,.T.);
#4359=EDGE_CURVE('',#5450,#5450,#413,.T.);
#4360=EDGE_CURVE('',#5451,#5452,#6512,.T.);
#4361=EDGE_CURVE('',#5453,#5452,#6513,.T.);
#4362=EDGE_CURVE('',#5454,#5453,#6514,.T.);
#4363=EDGE_CURVE('',#5454,#5451,#6515,.T.);
#4364=EDGE_CURVE('',#5455,#5451,#6516,.T.);
#4365=EDGE_CURVE('',#5456,#5454,#6517,.T.);
#4366=EDGE_CURVE('',#5456,#5455,#6518,.T.);
#4367=EDGE_CURVE('',#5457,#5455,#6519,.T.);
#4368=EDGE_CURVE('',#5458,#5456,#6520,.T.);
#4369=EDGE_CURVE('',#5458,#5457,#6521,.T.);
#4370=EDGE_CURVE('',#5452,#5457,#6522,.T.);
#4371=EDGE_CURVE('',#5453,#5458,#6523,.T.);
#4372=EDGE_CURVE('',#5459,#5460,#6524,.T.);
#4373=EDGE_CURVE('',#5461,#5460,#6525,.T.);
#4374=EDGE_CURVE('',#5462,#5461,#6526,.T.);
#4375=EDGE_CURVE('',#5462,#5459,#6527,.T.);
#4376=EDGE_CURVE('',#5463,#5459,#6528,.T.);
#4377=EDGE_CURVE('',#5464,#5462,#6529,.T.);
#4378=EDGE_CURVE('',#5464,#5463,#6530,.T.);
#4379=EDGE_CURVE('',#5465,#5463,#6531,.T.);
#4380=EDGE_CURVE('',#5466,#5464,#6532,.T.);
#4381=EDGE_CURVE('',#5466,#5465,#6533,.T.);
#4382=EDGE_CURVE('',#5460,#5465,#6534,.T.);
#4383=EDGE_CURVE('',#5461,#5466,#6535,.T.);
#4384=EDGE_CURVE('',#5467,#5468,#6536,.T.);
#4385=EDGE_CURVE('',#5469,#5468,#6537,.T.);
#4386=EDGE_CURVE('',#5470,#5469,#6538,.T.);
#4387=EDGE_CURVE('',#5470,#5467,#6539,.T.);
#4388=EDGE_CURVE('',#5471,#5467,#6540,.T.);
#4389=EDGE_CURVE('',#5472,#5470,#6541,.T.);
#4390=EDGE_CURVE('',#5472,#5471,#6542,.T.);
#4391=EDGE_CURVE('',#5473,#5471,#6543,.T.);
#4392=EDGE_CURVE('',#5474,#5472,#6544,.T.);
#4393=EDGE_CURVE('',#5474,#5473,#6545,.T.);
#4394=EDGE_CURVE('',#5468,#5473,#6546,.T.);
#4395=EDGE_CURVE('',#5469,#5474,#6547,.T.);
#4396=EDGE_CURVE('',#5475,#5475,#414,.T.);
#4397=EDGE_CURVE('',#5476,#5476,#415,.T.);
#4398=EDGE_CURVE('',#5477,#5478,#6548,.T.);
#4399=EDGE_CURVE('',#5479,#5477,#6549,.T.);
#4400=EDGE_CURVE('',#5479,#5480,#6550,.T.);
#4401=EDGE_CURVE('',#5480,#5478,#6551,.T.);
#4402=EDGE_CURVE('',#5478,#5481,#6552,.T.);
#4403=EDGE_CURVE('',#5480,#5482,#6553,.T.);
#4404=EDGE_CURVE('',#5482,#5481,#6554,.T.);
#4405=EDGE_CURVE('',#5481,#5483,#6555,.T.);
#4406=EDGE_CURVE('',#5482,#5484,#6556,.T.);
#4407=EDGE_CURVE('',#5484,#5483,#6557,.T.);
#4408=EDGE_CURVE('',#5483,#5485,#6558,.T.);
#4409=EDGE_CURVE('',#5484,#5486,#6559,.T.);
#4410=EDGE_CURVE('',#5486,#5485,#6560,.T.);
#4411=EDGE_CURVE('',#5487,#5485,#6561,.T.);
#4412=EDGE_CURVE('',#5488,#5486,#6562,.T.);
#4413=EDGE_CURVE('',#5488,#5487,#6563,.T.);
#4414=EDGE_CURVE('',#5487,#5489,#6564,.T.);
#4415=EDGE_CURVE('',#5488,#5490,#6565,.T.);
#4416=EDGE_CURVE('',#5490,#5489,#6566,.T.);
#4417=EDGE_CURVE('',#5489,#5491,#6567,.T.);
#4418=EDGE_CURVE('',#5490,#5492,#6568,.T.);
#4419=EDGE_CURVE('',#5492,#5491,#6569,.T.);
#4420=EDGE_CURVE('',#5491,#5493,#6570,.T.);
#4421=EDGE_CURVE('',#5492,#5494,#6571,.T.);
#4422=EDGE_CURVE('',#5494,#5493,#6572,.T.);
#4423=EDGE_CURVE('',#5493,#5495,#6573,.T.);
#4424=EDGE_CURVE('',#5494,#5496,#6574,.T.);
#4425=EDGE_CURVE('',#5496,#5495,#6575,.T.);
#4426=EDGE_CURVE('',#5495,#5497,#6576,.T.);
#4427=EDGE_CURVE('',#5496,#5498,#6577,.T.);
#4428=EDGE_CURVE('',#5498,#5497,#6578,.T.);
#4429=EDGE_CURVE('',#5497,#5499,#6579,.T.);
#4430=EDGE_CURVE('',#5498,#5500,#6580,.T.);
#4431=EDGE_CURVE('',#5500,#5499,#6581,.T.);
#4432=EDGE_CURVE('',#5499,#5501,#6582,.T.);
#4433=EDGE_CURVE('',#5500,#5502,#6583,.T.);
#4434=EDGE_CURVE('',#5502,#5501,#6584,.T.);
#4435=EDGE_CURVE('',#5503,#5501,#6585,.T.);
#4436=EDGE_CURVE('',#5504,#5502,#6586,.T.);
#4437=EDGE_CURVE('',#5504,#5503,#6587,.T.);
#4438=EDGE_CURVE('',#5503,#5505,#6588,.T.);
#4439=EDGE_CURVE('',#5504,#5506,#6589,.T.);
#4440=EDGE_CURVE('',#5506,#5505,#6590,.T.);
#4441=EDGE_CURVE('',#5505,#5507,#6591,.T.);
#4442=EDGE_CURVE('',#5506,#5508,#6592,.T.);
#4443=EDGE_CURVE('',#5508,#5507,#6593,.T.);
#4444=EDGE_CURVE('',#5507,#5509,#6594,.T.);
#4445=EDGE_CURVE('',#5508,#5510,#6595,.T.);
#4446=EDGE_CURVE('',#5510,#5509,#6596,.T.);
#4447=EDGE_CURVE('',#5511,#5509,#6597,.T.);
#4448=EDGE_CURVE('',#5512,#5510,#6598,.T.);
#4449=EDGE_CURVE('',#5512,#5511,#6599,.T.);
#4450=EDGE_CURVE('',#5513,#5511,#6600,.T.);
#4451=EDGE_CURVE('',#5514,#5512,#6601,.T.);
#4452=EDGE_CURVE('',#5514,#5513,#6602,.T.);
#4453=EDGE_CURVE('',#5513,#5515,#6603,.T.);
#4454=EDGE_CURVE('',#5514,#5516,#6604,.T.);
#4455=EDGE_CURVE('',#5516,#5515,#6605,.T.);
#4456=EDGE_CURVE('',#5515,#5517,#6606,.T.);
#4457=EDGE_CURVE('',#5516,#5518,#6607,.T.);
#4458=EDGE_CURVE('',#5518,#5517,#6608,.T.);
#4459=EDGE_CURVE('',#5517,#5519,#6609,.T.);
#4460=EDGE_CURVE('',#5518,#5520,#6610,.T.);
#4461=EDGE_CURVE('',#5520,#5519,#6611,.T.);
#4462=EDGE_CURVE('',#5519,#5521,#6612,.T.);
#4463=EDGE_CURVE('',#5520,#5522,#6613,.T.);
#4464=EDGE_CURVE('',#5522,#5521,#6614,.T.);
#4465=EDGE_CURVE('',#5521,#5523,#6615,.T.);
#4466=EDGE_CURVE('',#5522,#5524,#6616,.T.);
#4467=EDGE_CURVE('',#5524,#5523,#6617,.T.);
#4468=EDGE_CURVE('',#5523,#5525,#6618,.T.);
#4469=EDGE_CURVE('',#5524,#5526,#6619,.T.);
#4470=EDGE_CURVE('',#5526,#5525,#6620,.T.);
#4471=EDGE_CURVE('',#5527,#5525,#6621,.T.);
#4472=EDGE_CURVE('',#5528,#5526,#6622,.T.);
#4473=EDGE_CURVE('',#5528,#5527,#6623,.T.);
#4474=EDGE_CURVE('',#5529,#5527,#6624,.T.);
#4475=EDGE_CURVE('',#5530,#5528,#6625,.T.);
#4476=EDGE_CURVE('',#5530,#5529,#6626,.T.);
#4477=EDGE_CURVE('',#5529,#5531,#6627,.T.);
#4478=EDGE_CURVE('',#5530,#5532,#6628,.T.);
#4479=EDGE_CURVE('',#5532,#5531,#6629,.T.);
#4480=EDGE_CURVE('',#5531,#5477,#6630,.T.);
#4481=EDGE_CURVE('',#5532,#5479,#6631,.T.);
#4482=EDGE_CURVE('',#5533,#5534,#6632,.T.);
#4483=EDGE_CURVE('',#5535,#5533,#6633,.T.);
#4484=EDGE_CURVE('',#5535,#5536,#6634,.T.);
#4485=EDGE_CURVE('',#5536,#5534,#6635,.T.);
#4486=EDGE_CURVE('',#5534,#5537,#6636,.T.);
#4487=EDGE_CURVE('',#5536,#5538,#6637,.T.);
#4488=EDGE_CURVE('',#5538,#5537,#6638,.T.);
#4489=EDGE_CURVE('',#5537,#5539,#6639,.T.);
#4490=EDGE_CURVE('',#5538,#5540,#6640,.T.);
#4491=EDGE_CURVE('',#5540,#5539,#6641,.T.);
#4492=EDGE_CURVE('',#5539,#5541,#6642,.T.);
#4493=EDGE_CURVE('',#5540,#5542,#6643,.T.);
#4494=EDGE_CURVE('',#5542,#5541,#6644,.T.);
#4495=EDGE_CURVE('',#5543,#5541,#6645,.T.);
#4496=EDGE_CURVE('',#5544,#5542,#6646,.T.);
#4497=EDGE_CURVE('',#5544,#5543,#6647,.T.);
#4498=EDGE_CURVE('',#5543,#5545,#6648,.T.);
#4499=EDGE_CURVE('',#5544,#5546,#6649,.T.);
#4500=EDGE_CURVE('',#5546,#5545,#6650,.T.);
#4501=EDGE_CURVE('',#5545,#5547,#6651,.T.);
#4502=EDGE_CURVE('',#5546,#5548,#6652,.T.);
#4503=EDGE_CURVE('',#5548,#5547,#6653,.T.);
#4504=EDGE_CURVE('',#5547,#5549,#6654,.T.);
#4505=EDGE_CURVE('',#5548,#5550,#6655,.T.);
#4506=EDGE_CURVE('',#5550,#5549,#6656,.T.);
#4507=EDGE_CURVE('',#5549,#5551,#6657,.T.);
#4508=EDGE_CURVE('',#5550,#5552,#6658,.T.);
#4509=EDGE_CURVE('',#5552,#5551,#6659,.T.);
#4510=EDGE_CURVE('',#5551,#5553,#6660,.T.);
#4511=EDGE_CURVE('',#5552,#5554,#6661,.T.);
#4512=EDGE_CURVE('',#5554,#5553,#6662,.T.);
#4513=EDGE_CURVE('',#5553,#5555,#6663,.T.);
#4514=EDGE_CURVE('',#5554,#5556,#6664,.T.);
#4515=EDGE_CURVE('',#5556,#5555,#6665,.T.);
#4516=EDGE_CURVE('',#5555,#5557,#6666,.T.);
#4517=EDGE_CURVE('',#5556,#5558,#6667,.T.);
#4518=EDGE_CURVE('',#5558,#5557,#6668,.T.);
#4519=EDGE_CURVE('',#5559,#5557,#6669,.T.);
#4520=EDGE_CURVE('',#5560,#5558,#6670,.T.);
#4521=EDGE_CURVE('',#5560,#5559,#6671,.T.);
#4522=EDGE_CURVE('',#5559,#5561,#6672,.T.);
#4523=EDGE_CURVE('',#5560,#5562,#6673,.T.);
#4524=EDGE_CURVE('',#5562,#5561,#6674,.T.);
#4525=EDGE_CURVE('',#5561,#5563,#6675,.T.);
#4526=EDGE_CURVE('',#5562,#5564,#6676,.T.);
#4527=EDGE_CURVE('',#5564,#5563,#6677,.T.);
#4528=EDGE_CURVE('',#5563,#5565,#6678,.T.);
#4529=EDGE_CURVE('',#5564,#5566,#6679,.T.);
#4530=EDGE_CURVE('',#5566,#5565,#6680,.T.);
#4531=EDGE_CURVE('',#5567,#5565,#6681,.T.);
#4532=EDGE_CURVE('',#5568,#5566,#6682,.T.);
#4533=EDGE_CURVE('',#5568,#5567,#6683,.T.);
#4534=EDGE_CURVE('',#5569,#5567,#6684,.T.);
#4535=EDGE_CURVE('',#5570,#5568,#6685,.T.);
#4536=EDGE_CURVE('',#5570,#5569,#6686,.T.);
#4537=EDGE_CURVE('',#5569,#5571,#6687,.T.);
#4538=EDGE_CURVE('',#5570,#5572,#6688,.T.);
#4539=EDGE_CURVE('',#5572,#5571,#6689,.T.);
#4540=EDGE_CURVE('',#5571,#5573,#6690,.T.);
#4541=EDGE_CURVE('',#5572,#5574,#6691,.T.);
#4542=EDGE_CURVE('',#5574,#5573,#6692,.T.);
#4543=EDGE_CURVE('',#5573,#5575,#6693,.T.);
#4544=EDGE_CURVE('',#5574,#5576,#6694,.T.);
#4545=EDGE_CURVE('',#5576,#5575,#6695,.T.);
#4546=EDGE_CURVE('',#5575,#5577,#6696,.T.);
#4547=EDGE_CURVE('',#5576,#5578,#6697,.T.);
#4548=EDGE_CURVE('',#5578,#5577,#6698,.T.);
#4549=EDGE_CURVE('',#5577,#5579,#6699,.T.);
#4550=EDGE_CURVE('',#5578,#5580,#6700,.T.);
#4551=EDGE_CURVE('',#5580,#5579,#6701,.T.);
#4552=EDGE_CURVE('',#5579,#5581,#6702,.T.);
#4553=EDGE_CURVE('',#5580,#5582,#6703,.T.);
#4554=EDGE_CURVE('',#5582,#5581,#6704,.T.);
#4555=EDGE_CURVE('',#5583,#5581,#6705,.T.);
#4556=EDGE_CURVE('',#5584,#5582,#6706,.T.);
#4557=EDGE_CURVE('',#5584,#5583,#6707,.T.);
#4558=EDGE_CURVE('',#5585,#5583,#6708,.T.);
#4559=EDGE_CURVE('',#5586,#5584,#6709,.T.);
#4560=EDGE_CURVE('',#5586,#5585,#6710,.T.);
#4561=EDGE_CURVE('',#5585,#5587,#6711,.T.);
#4562=EDGE_CURVE('',#5586,#5588,#6712,.T.);
#4563=EDGE_CURVE('',#5588,#5587,#6713,.T.);
#4564=EDGE_CURVE('',#5587,#5533,#6714,.T.);
#4565=EDGE_CURVE('',#5588,#5535,#6715,.T.);
#4566=EDGE_CURVE('',#5589,#5589,#416,.T.);
#4567=EDGE_CURVE('',#5590,#5590,#417,.T.);
#4568=EDGE_CURVE('',#5591,#5592,#6716,.T.);
#4569=EDGE_CURVE('',#5593,#5592,#6717,.T.);
#4570=EDGE_CURVE('',#5594,#5593,#6718,.T.);
#4571=EDGE_CURVE('',#5594,#5591,#6719,.T.);
#4572=EDGE_CURVE('',#5595,#5591,#6720,.T.);
#4573=EDGE_CURVE('',#5596,#5594,#6721,.T.);
#4574=EDGE_CURVE('',#5596,#5595,#6722,.T.);
#4575=EDGE_CURVE('',#5597,#5595,#6723,.T.);
#4576=EDGE_CURVE('',#5598,#5596,#6724,.T.);
#4577=EDGE_CURVE('',#5598,#5597,#6725,.T.);
#4578=EDGE_CURVE('',#5592,#5597,#6726,.T.);
#4579=EDGE_CURVE('',#5593,#5598,#6727,.T.);
#4580=EDGE_CURVE('',#5599,#5599,#418,.T.);
#4581=EDGE_CURVE('',#5600,#5600,#419,.T.);
#4582=EDGE_CURVE('',#5601,#5601,#420,.T.);
#4583=EDGE_CURVE('',#5602,#5602,#421,.T.);
#4584=EDGE_CURVE('',#5603,#5604,#6728,.T.);
#4585=EDGE_CURVE('',#5605,#5604,#6729,.T.);
#4586=EDGE_CURVE('',#5606,#5605,#6730,.T.);
#4587=EDGE_CURVE('',#5606,#5603,#6731,.T.);
#4588=EDGE_CURVE('',#5607,#5603,#6732,.T.);
#4589=EDGE_CURVE('',#5608,#5606,#6733,.T.);
#4590=EDGE_CURVE('',#5608,#5607,#6734,.T.);
#4591=EDGE_CURVE('',#5609,#5607,#6735,.T.);
#4592=EDGE_CURVE('',#5610,#5608,#6736,.T.);
#4593=EDGE_CURVE('',#5610,#5609,#6737,.T.);
#4594=EDGE_CURVE('',#5604,#5609,#6738,.T.);
#4595=EDGE_CURVE('',#5605,#5610,#6739,.T.);
#4596=EDGE_CURVE('',#5611,#5611,#422,.T.);
#4597=EDGE_CURVE('',#5612,#5612,#423,.T.);
#4598=EDGE_CURVE('',#5613,#5614,#6740,.T.);
#4599=EDGE_CURVE('',#5615,#5614,#6741,.T.);
#4600=EDGE_CURVE('',#5616,#5615,#6742,.T.);
#4601=EDGE_CURVE('',#5616,#5613,#6743,.T.);
#4602=EDGE_CURVE('',#5617,#5613,#6744,.T.);
#4603=EDGE_CURVE('',#5618,#5616,#6745,.T.);
#4604=EDGE_CURVE('',#5618,#5617,#6746,.T.);
#4605=EDGE_CURVE('',#5619,#5617,#6747,.T.);
#4606=EDGE_CURVE('',#5620,#5618,#6748,.T.);
#4607=EDGE_CURVE('',#5620,#5619,#6749,.T.);
#4608=EDGE_CURVE('',#5614,#5619,#6750,.T.);
#4609=EDGE_CURVE('',#5615,#5620,#6751,.T.);
#4610=EDGE_CURVE('',#5621,#5622,#6752,.T.);
#4611=EDGE_CURVE('',#5623,#5622,#6753,.T.);
#4612=EDGE_CURVE('',#5624,#5623,#6754,.T.);
#4613=EDGE_CURVE('',#5624,#5621,#6755,.T.);
#4614=EDGE_CURVE('',#5625,#5621,#6756,.T.);
#4615=EDGE_CURVE('',#5626,#5624,#6757,.T.);
#4616=EDGE_CURVE('',#5626,#5625,#6758,.T.);
#4617=EDGE_CURVE('',#5627,#5625,#6759,.T.);
#4618=EDGE_CURVE('',#5628,#5626,#6760,.T.);
#4619=EDGE_CURVE('',#5628,#5627,#6761,.T.);
#4620=EDGE_CURVE('',#5622,#5627,#6762,.T.);
#4621=EDGE_CURVE('',#5623,#5628,#6763,.T.);
#4622=EDGE_CURVE('',#5629,#5629,#424,.T.);
#4623=EDGE_CURVE('',#5630,#5630,#425,.T.);
#4624=EDGE_CURVE('',#5631,#5632,#6764,.T.);
#4625=EDGE_CURVE('',#5633,#5632,#6765,.T.);
#4626=EDGE_CURVE('',#5634,#5633,#6766,.T.);
#4627=EDGE_CURVE('',#5634,#5631,#6767,.T.);
#4628=EDGE_CURVE('',#5635,#5631,#6768,.T.);
#4629=EDGE_CURVE('',#5636,#5634,#6769,.T.);
#4630=EDGE_CURVE('',#5636,#5635,#6770,.T.);
#4631=EDGE_CURVE('',#5637,#5635,#6771,.T.);
#4632=EDGE_CURVE('',#5638,#5636,#6772,.T.);
#4633=EDGE_CURVE('',#5638,#5637,#6773,.T.);
#4634=EDGE_CURVE('',#5632,#5637,#6774,.T.);
#4635=EDGE_CURVE('',#5633,#5638,#6775,.T.);
#4636=EDGE_CURVE('',#5639,#5639,#426,.T.);
#4637=EDGE_CURVE('',#5640,#5640,#427,.T.);
#4638=EDGE_CURVE('',#5641,#5642,#6776,.T.);
#4639=EDGE_CURVE('',#5643,#5642,#6777,.T.);
#4640=EDGE_CURVE('',#5644,#5643,#6778,.T.);
#4641=EDGE_CURVE('',#5644,#5641,#6779,.T.);
#4642=EDGE_CURVE('',#5645,#5641,#6780,.T.);
#4643=EDGE_CURVE('',#5646,#5644,#6781,.T.);
#4644=EDGE_CURVE('',#5646,#5645,#6782,.T.);
#4645=EDGE_CURVE('',#5647,#5645,#6783,.T.);
#4646=EDGE_CURVE('',#5648,#5646,#6784,.T.);
#4647=EDGE_CURVE('',#5648,#5647,#6785,.T.);
#4648=EDGE_CURVE('',#5642,#5647,#6786,.T.);
#4649=EDGE_CURVE('',#5643,#5648,#6787,.T.);
#4650=EDGE_CURVE('',#5649,#5649,#428,.T.);
#4651=EDGE_CURVE('',#5650,#5650,#429,.T.);
#4652=EDGE_CURVE('',#5651,#5652,#6788,.T.);
#4653=EDGE_CURVE('',#5653,#5652,#6789,.T.);
#4654=EDGE_CURVE('',#5654,#5653,#6790,.T.);
#4655=EDGE_CURVE('',#5654,#5651,#6791,.T.);
#4656=EDGE_CURVE('',#5655,#5651,#6792,.T.);
#4657=EDGE_CURVE('',#5656,#5654,#6793,.T.);
#4658=EDGE_CURVE('',#5656,#5655,#6794,.T.);
#4659=EDGE_CURVE('',#5657,#5655,#6795,.T.);
#4660=EDGE_CURVE('',#5658,#5656,#6796,.T.);
#4661=EDGE_CURVE('',#5658,#5657,#6797,.T.);
#4662=EDGE_CURVE('',#5652,#5657,#6798,.T.);
#4663=EDGE_CURVE('',#5653,#5658,#6799,.T.);
#4664=EDGE_CURVE('',#5659,#5294,#430,.F.);
#4665=EDGE_CURVE('',#5660,#5659,#6800,.T.);
#4666=EDGE_CURVE('',#5285,#5660,#431,.T.);
#4667=EDGE_CURVE('',#5293,#5661,#432,.F.);
#4668=EDGE_CURVE('',#5662,#5284,#433,.T.);
#4669=EDGE_CURVE('',#5661,#5662,#6801,.F.);
#4670=EDGE_CURVE('',#5663,#5664,#6802,.T.);
#4671=EDGE_CURVE('',#5665,#5664,#6803,.T.);
#4672=EDGE_CURVE('',#5666,#5665,#6804,.T.);
#4673=EDGE_CURVE('',#5666,#5663,#6805,.T.);
#4674=EDGE_CURVE('',#5667,#5668,#6806,.T.);
#4675=EDGE_CURVE('',#5669,#5668,#6807,.T.);
#4676=EDGE_CURVE('',#5670,#5669,#6808,.T.);
#4677=EDGE_CURVE('',#5670,#5667,#6809,.T.);
#4678=EDGE_CURVE('',#5671,#5296,#434,.T.);
#4679=EDGE_CURVE('',#5672,#5671,#6810,.T.);
#4680=EDGE_CURVE('',#5291,#5672,#435,.F.);
#4681=EDGE_CURVE('',#5292,#5673,#436,.T.);
#4682=EDGE_CURVE('',#5674,#5673,#6811,.F.);
#4683=EDGE_CURVE('',#5295,#5674,#437,.T.);
#4684=EDGE_CURVE('',#5672,#5675,#438,.T.);
#4685=EDGE_CURVE('',#5675,#5676,#34,.T.);
#4686=EDGE_CURVE('',#5676,#5290,#439,.T.);
#4687=EDGE_CURVE('',#5676,#5283,#6812,.F.);
#4688=EDGE_CURVE('',#5283,#5662,#440,.T.);
#4689=EDGE_CURVE('',#5286,#5660,#441,.F.);
#4690=EDGE_CURVE('',#5286,#5677,#6813,.T.);
#4691=EDGE_CURVE('',#5287,#5677,#442,.T.);
#4692=EDGE_CURVE('',#5677,#5678,#35,.F.);
#4693=EDGE_CURVE('',#5678,#5673,#443,.T.);
#4694=EDGE_CURVE('',#5679,#5675,#6814,.F.);
#4695=EDGE_CURVE('',#5679,#5680,#444,.F.);
#4696=EDGE_CURVE('',#5662,#5680,#6815,.T.);
#4697=EDGE_CURVE('',#5681,#5672,#6816,.F.);
#4698=EDGE_CURVE('',#5681,#5679,#445,.F.);
#4699=EDGE_CURVE('',#5681,#5682,#6817,.T.);
#4700=EDGE_CURVE('',#5682,#5671,#6818,.T.);
#4701=EDGE_CURVE('',#5680,#5683,#6819,.T.);
#4702=EDGE_CURVE('',#5661,#5683,#6820,.T.);
#4703=EDGE_CURVE('',#5684,#5685,#6821,.T.);
#4704=EDGE_CURVE('',#5669,#5684,#6822,.T.);
#4705=EDGE_CURVE('',#5668,#5685,#6823,.T.);
#4706=EDGE_CURVE('',#5282,#5667,#6824,.T.);
#4707=EDGE_CURVE('',#5280,#5670,#6825,.T.);
#4708=EDGE_CURVE('',#5665,#5279,#6826,.T.);
#4709=EDGE_CURVE('',#5664,#5281,#6827,.T.);
#4710=EDGE_CURVE('',#5686,#5687,#6828,.T.);
#4711=EDGE_CURVE('',#5686,#5663,#6829,.T.);
#4712=EDGE_CURVE('',#5687,#5666,#6830,.T.);
#4713=EDGE_CURVE('',#5688,#5660,#6831,.F.);
#4714=EDGE_CURVE('',#5688,#5689,#446,.F.);
#4715=EDGE_CURVE('',#5678,#5689,#6832,.F.);
#4716=EDGE_CURVE('',#5689,#5690,#447,.F.);
#4717=EDGE_CURVE('',#5673,#5690,#6833,.T.);
#4718=EDGE_CURVE('',#5690,#5691,#6834,.T.);
#4719=EDGE_CURVE('',#5691,#5674,#6835,.T.);
#4720=EDGE_CURVE('',#5688,#5692,#6836,.T.);
#4721=EDGE_CURVE('',#5659,#5692,#6837,.T.);
#4722=EDGE_CURVE('',#5691,#5687,#6838,.T.);
#4723=EDGE_CURVE('',#5684,#5682,#6839,.T.);
#4724=EDGE_CURVE('',#5692,#5686,#6840,.T.);
#4725=EDGE_CURVE('',#5685,#5683,#6841,.T.);
#4726=VERTEX_POINT('',#14251);
#4727=VERTEX_POINT('',#14252);
#4728=VERTEX_POINT('',#14254);
#4729=VERTEX_POINT('',#14256);
#4730=VERTEX_POINT('',#14259);
#4731=VERTEX_POINT('',#14261);
#4732=VERTEX_POINT('',#14262);
#4733=VERTEX_POINT('',#14264);
#4734=VERTEX_POINT('',#14266);
#4735=VERTEX_POINT('',#14269);
#4736=VERTEX_POINT('',#14270);
#4737=VERTEX_POINT('',#14272);
#4738=VERTEX_POINT('',#14274);
#4739=VERTEX_POINT('',#14277);
#4740=VERTEX_POINT('',#14278);
#4741=VERTEX_POINT('',#14280);
#4742=VERTEX_POINT('',#14282);
#4743=VERTEX_POINT('',#14285);
#4744=VERTEX_POINT('',#14286);
#4745=VERTEX_POINT('',#14288);
#4746=VERTEX_POINT('',#14290);
#4747=VERTEX_POINT('',#14293);
#4748=VERTEX_POINT('',#14294);
#4749=VERTEX_POINT('',#14296);
#4750=VERTEX_POINT('',#14298);
#4751=VERTEX_POINT('',#14301);
#4752=VERTEX_POINT('',#14302);
#4753=VERTEX_POINT('',#14304);
#4754=VERTEX_POINT('',#14306);
#4755=VERTEX_POINT('',#14309);
#4756=VERTEX_POINT('',#14310);
#4757=VERTEX_POINT('',#14312);
#4758=VERTEX_POINT('',#14314);
#4759=VERTEX_POINT('',#14317);
#4760=VERTEX_POINT('',#14318);
#4761=VERTEX_POINT('',#14320);
#4762=VERTEX_POINT('',#14322);
#4763=VERTEX_POINT('',#14325);
#4764=VERTEX_POINT('',#14326);
#4765=VERTEX_POINT('',#14328);
#4766=VERTEX_POINT('',#14330);
#4767=VERTEX_POINT('',#14333);
#4768=VERTEX_POINT('',#14334);
#4769=VERTEX_POINT('',#14336);
#4770=VERTEX_POINT('',#14338);
#4771=VERTEX_POINT('',#14341);
#4772=VERTEX_POINT('',#14342);
#4773=VERTEX_POINT('',#14344);
#4774=VERTEX_POINT('',#14346);
#4775=VERTEX_POINT('',#14349);
#4776=VERTEX_POINT('',#14350);
#4777=VERTEX_POINT('',#14352);
#4778=VERTEX_POINT('',#14354);
#4779=VERTEX_POINT('',#14357);
#4780=VERTEX_POINT('',#14359);
#4781=VERTEX_POINT('',#14361);
#4782=VERTEX_POINT('',#14362);
#4783=VERTEX_POINT('',#14364);
#4784=VERTEX_POINT('',#14366);
#4785=VERTEX_POINT('',#14369);
#4786=VERTEX_POINT('',#14371);
#4787=VERTEX_POINT('',#14372);
#4788=VERTEX_POINT('',#14374);
#4789=VERTEX_POINT('',#14376);
#4790=VERTEX_POINT('',#14379);
#4791=VERTEX_POINT('',#14380);
#4792=VERTEX_POINT('',#14382);
#4793=VERTEX_POINT('',#14384);
#4794=VERTEX_POINT('',#14387);
#4795=VERTEX_POINT('',#14389);
#4796=VERTEX_POINT('',#14390);
#4797=VERTEX_POINT('',#14392);
#4798=VERTEX_POINT('',#14394);
#4799=VERTEX_POINT('',#14397);
#4800=VERTEX_POINT('',#14398);
#4801=VERTEX_POINT('',#14400);
#4802=VERTEX_POINT('',#14402);
#4803=VERTEX_POINT('',#14404);
#4804=VERTEX_POINT('',#14406);
#4805=VERTEX_POINT('',#14408);
#4806=VERTEX_POINT('',#14410);
#4807=VERTEX_POINT('',#14412);
#4808=VERTEX_POINT('',#14414);
#4809=VERTEX_POINT('',#14416);
#4810=VERTEX_POINT('',#14418);
#4811=VERTEX_POINT('',#14420);
#4812=VERTEX_POINT('',#14422);
#4813=VERTEX_POINT('',#14424);
#4814=VERTEX_POINT('',#14426);
#4815=VERTEX_POINT('',#14428);
#4816=VERTEX_POINT('',#14430);
#4817=VERTEX_POINT('',#14432);
#4818=VERTEX_POINT('',#14434);
#4819=VERTEX_POINT('',#14436);
#4820=VERTEX_POINT('',#14438);
#4821=VERTEX_POINT('',#14440);
#4822=VERTEX_POINT('',#14442);
#4823=VERTEX_POINT('',#14444);
#4824=VERTEX_POINT('',#14446);
#4825=VERTEX_POINT('',#14448);
#4826=VERTEX_POINT('',#14450);
#4827=VERTEX_POINT('',#14452);
#4828=VERTEX_POINT('',#14454);
#4829=VERTEX_POINT('',#14456);
#4830=VERTEX_POINT('',#14458);
#4831=VERTEX_POINT('',#14460);
#4832=VERTEX_POINT('',#14462);
#4833=VERTEX_POINT('',#14464);
#4834=VERTEX_POINT('',#14466);
#4835=VERTEX_POINT('',#14470);
#4836=VERTEX_POINT('',#14472);
#4837=VERTEX_POINT('',#14474);
#4838=VERTEX_POINT('',#14478);
#4839=VERTEX_POINT('',#14479);
#4840=VERTEX_POINT('',#14481);
#4841=VERTEX_POINT('',#14483);
#4842=VERTEX_POINT('',#14485);
#4843=VERTEX_POINT('',#14487);
#4844=VERTEX_POINT('',#14489);
#4845=VERTEX_POINT('',#14491);
#4846=VERTEX_POINT('',#14493);
#4847=VERTEX_POINT('',#14495);
#4848=VERTEX_POINT('',#14497);
#4849=VERTEX_POINT('',#14499);
#4850=VERTEX_POINT('',#14501);
#4851=VERTEX_POINT('',#14503);
#4852=VERTEX_POINT('',#14505);
#4853=VERTEX_POINT('',#14507);
#4854=VERTEX_POINT('',#14509);
#4855=VERTEX_POINT('',#14513);
#4856=VERTEX_POINT('',#14515);
#4857=VERTEX_POINT('',#14519);
#4858=VERTEX_POINT('',#14520);
#4859=VERTEX_POINT('',#14522);
#4860=VERTEX_POINT('',#14524);
#4861=VERTEX_POINT('',#14528);
#4862=VERTEX_POINT('',#14529);
#4863=VERTEX_POINT('',#14531);
#4864=VERTEX_POINT('',#14533);
#4865=VERTEX_POINT('',#14537);
#4866=VERTEX_POINT('',#14538);
#4867=VERTEX_POINT('',#14540);
#4868=VERTEX_POINT('',#14542);
#4869=VERTEX_POINT('',#14548);
#4870=VERTEX_POINT('',#14549);
#4871=VERTEX_POINT('',#14551);
#4872=VERTEX_POINT('',#14553);
#4873=VERTEX_POINT('',#14556);
#4874=VERTEX_POINT('',#14558);
#4875=VERTEX_POINT('',#14559);
#4876=VERTEX_POINT('',#14561);
#4877=VERTEX_POINT('',#14563);
#4878=VERTEX_POINT('',#14566);
#4879=VERTEX_POINT('',#14567);
#4880=VERTEX_POINT('',#14569);
#4881=VERTEX_POINT('',#14571);
#4882=VERTEX_POINT('',#14573);
#4883=VERTEX_POINT('',#14575);
#4884=VERTEX_POINT('',#14577);
#4885=VERTEX_POINT('',#14579);
#4886=VERTEX_POINT('',#14583);
#4887=VERTEX_POINT('',#14584);
#4888=VERTEX_POINT('',#14586);
#4889=VERTEX_POINT('',#14588);
#4890=VERTEX_POINT('',#14590);
#4891=VERTEX_POINT('',#14592);
#4892=VERTEX_POINT('',#14594);
#4893=VERTEX_POINT('',#14596);
#4894=VERTEX_POINT('',#14598);
#4895=VERTEX_POINT('',#14600);
#4896=VERTEX_POINT('',#14602);
#4897=VERTEX_POINT('',#14604);
#4898=VERTEX_POINT('',#14606);
#4899=VERTEX_POINT('',#14608);
#4900=VERTEX_POINT('',#14610);
#4901=VERTEX_POINT('',#14612);
#4902=VERTEX_POINT('',#14614);
#4903=VERTEX_POINT('',#14616);
#4904=VERTEX_POINT('',#14618);
#4905=VERTEX_POINT('',#14620);
#4906=VERTEX_POINT('',#14622);
#4907=VERTEX_POINT('',#14624);
#4908=VERTEX_POINT('',#14627);
#4909=VERTEX_POINT('',#14628);
#4910=VERTEX_POINT('',#14630);
#4911=VERTEX_POINT('',#14632);
#4912=VERTEX_POINT('',#14635);
#4913=VERTEX_POINT('',#14636);
#4914=VERTEX_POINT('',#14638);
#4915=VERTEX_POINT('',#14640);
#4916=VERTEX_POINT('',#14643);
#4917=VERTEX_POINT('',#14644);
#4918=VERTEX_POINT('',#14646);
#4919=VERTEX_POINT('',#14648);
#4920=VERTEX_POINT('',#14651);
#4921=VERTEX_POINT('',#14652);
#4922=VERTEX_POINT('',#14654);
#4923=VERTEX_POINT('',#14656);
#4924=VERTEX_POINT('',#14659);
#4925=VERTEX_POINT('',#14660);
#4926=VERTEX_POINT('',#14662);
#4927=VERTEX_POINT('',#14664);
#4928=VERTEX_POINT('',#14667);
#4929=VERTEX_POINT('',#14668);
#4930=VERTEX_POINT('',#14670);
#4931=VERTEX_POINT('',#14672);
#4932=VERTEX_POINT('',#14675);
#4933=VERTEX_POINT('',#14676);
#4934=VERTEX_POINT('',#14678);
#4935=VERTEX_POINT('',#14680);
#4936=VERTEX_POINT('',#14683);
#4937=VERTEX_POINT('',#14684);
#4938=VERTEX_POINT('',#14686);
#4939=VERTEX_POINT('',#14688);
#4940=VERTEX_POINT('',#14691);
#4941=VERTEX_POINT('',#14692);
#4942=VERTEX_POINT('',#14694);
#4943=VERTEX_POINT('',#14696);
#4944=VERTEX_POINT('',#14699);
#4945=VERTEX_POINT('',#14700);
#4946=VERTEX_POINT('',#14702);
#4947=VERTEX_POINT('',#14704);
#4948=VERTEX_POINT('',#14707);
#4949=VERTEX_POINT('',#14708);
#4950=VERTEX_POINT('',#14710);
#4951=VERTEX_POINT('',#14712);
#4952=VERTEX_POINT('',#14715);
#4953=VERTEX_POINT('',#14717);
#4954=VERTEX_POINT('',#14719);
#4955=VERTEX_POINT('',#14720);
#4956=VERTEX_POINT('',#14722);
#4957=VERTEX_POINT('',#14724);
#4958=VERTEX_POINT('',#14727);
#4959=VERTEX_POINT('',#14729);
#4960=VERTEX_POINT('',#14730);
#4961=VERTEX_POINT('',#14732);
#4962=VERTEX_POINT('',#14734);
#4963=VERTEX_POINT('',#14737);
#4964=VERTEX_POINT('',#14738);
#4965=VERTEX_POINT('',#14740);
#4966=VERTEX_POINT('',#14742);
#4967=VERTEX_POINT('',#14745);
#4968=VERTEX_POINT('',#14747);
#4969=VERTEX_POINT('',#14748);
#4970=VERTEX_POINT('',#14750);
#4971=VERTEX_POINT('',#14752);
#4972=VERTEX_POINT('',#14756);
#4973=VERTEX_POINT('',#14757);
#4974=VERTEX_POINT('',#14762);
#4975=VERTEX_POINT('',#14763);
#4976=VERTEX_POINT('',#14768);
#4977=VERTEX_POINT('',#14770);
#4978=VERTEX_POINT('',#14773);
#4979=VERTEX_POINT('',#14775);
#4980=VERTEX_POINT('',#14777);
#4981=VERTEX_POINT('',#14779);
#4982=VERTEX_POINT('',#14938);
#4983=VERTEX_POINT('',#14940);
#4984=VERTEX_POINT('',#14944);
#4985=VERTEX_POINT('',#14946);
#4986=VERTEX_POINT('',#14950);
#4987=VERTEX_POINT('',#14952);
#4988=VERTEX_POINT('',#14956);
#4989=VERTEX_POINT('',#14957);
#4990=VERTEX_POINT('',#14962);
#4991=VERTEX_POINT('',#14964);
#4992=VERTEX_POINT('',#14968);
#4993=VERTEX_POINT('',#14970);
#4994=VERTEX_POINT('',#14974);
#4995=VERTEX_POINT('',#14976);
#4996=VERTEX_POINT('',#14980);
#4997=VERTEX_POINT('',#14981);
#4998=VERTEX_POINT('',#14983);
#4999=VERTEX_POINT('',#14987);
#5000=VERTEX_POINT('',#14988);
#5001=VERTEX_POINT('',#14993);
#5002=VERTEX_POINT('',#14994);
#5003=VERTEX_POINT('',#14999);
#5004=VERTEX_POINT('',#15000);
#5005=VERTEX_POINT('',#15005);
#5006=VERTEX_POINT('',#15007);
#5007=VERTEX_POINT('',#15041);
#5008=VERTEX_POINT('',#15049);
#5009=VERTEX_POINT('',#15053);
#5010=VERTEX_POINT('',#15060);
#5011=VERTEX_POINT('',#15069);
#5012=VERTEX_POINT('',#15072);
#5013=VERTEX_POINT('',#15081);
#5014=VERTEX_POINT('',#15085);
#5015=VERTEX_POINT('',#15111);
#5016=VERTEX_POINT('',#15113);
#5017=VERTEX_POINT('',#15115);
#5018=VERTEX_POINT('',#15120);
#5019=VERTEX_POINT('',#15121);
#5020=VERTEX_POINT('',#15130);
#5021=VERTEX_POINT('',#15136);
#5022=VERTEX_POINT('',#15173);
#5023=VERTEX_POINT('',#15177);
#5024=VERTEX_POINT('',#15181);
#5025=VERTEX_POINT('',#15182);
#5026=VERTEX_POINT('',#15186);
#5027=VERTEX_POINT('',#15188);
#5028=VERTEX_POINT('',#15191);
#5029=VERTEX_POINT('',#15196);
#5030=VERTEX_POINT('',#15200);
#5031=VERTEX_POINT('',#15204);
#5032=VERTEX_POINT('',#15206);
#5033=VERTEX_POINT('',#15211);
#5034=VERTEX_POINT('',#15215);
#5035=VERTEX_POINT('',#15222);
#5036=VERTEX_POINT('',#15226);
#5037=VERTEX_POINT('',#15230);
#5038=VERTEX_POINT('',#15234);
#5039=VERTEX_POINT('',#15239);
#5040=VERTEX_POINT('',#15242);
#5041=VERTEX_POINT('',#15245);
#5042=VERTEX_POINT('',#15248);
#5043=VERTEX_POINT('',#15251);
#5044=VERTEX_POINT('',#15254);
#5045=VERTEX_POINT('',#15257);
#5046=VERTEX_POINT('',#15260);
#5047=VERTEX_POINT('',#15263);
#5048=VERTEX_POINT('',#15266);
#5049=VERTEX_POINT('',#15269);
#5050=VERTEX_POINT('',#15272);
#5051=VERTEX_POINT('',#15275);
#5052=VERTEX_POINT('',#15278);
#5053=VERTEX_POINT('',#15281);
#5054=VERTEX_POINT('',#15284);
#5055=VERTEX_POINT('',#15287);
#5056=VERTEX_POINT('',#15290);
#5057=VERTEX_POINT('',#15293);
#5058=VERTEX_POINT('',#15296);
#5059=VERTEX_POINT('',#15299);
#5060=VERTEX_POINT('',#15302);
#5061=VERTEX_POINT('',#15305);
#5062=VERTEX_POINT('',#15308);
#5063=VERTEX_POINT('',#15311);
#5064=VERTEX_POINT('',#15314);
#5065=VERTEX_POINT('',#15317);
#5066=VERTEX_POINT('',#15320);
#5067=VERTEX_POINT('',#15323);
#5068=VERTEX_POINT('',#15324);
#5069=VERTEX_POINT('',#15326);
#5070=VERTEX_POINT('',#15328);
#5071=VERTEX_POINT('',#15332);
#5072=VERTEX_POINT('',#15333);
#5073=VERTEX_POINT('',#15335);
#5074=VERTEX_POINT('',#15337);
#5075=VERTEX_POINT('',#15341);
#5076=VERTEX_POINT('',#15342);
#5077=VERTEX_POINT('',#15345);
#5078=VERTEX_POINT('',#15349);
#5079=VERTEX_POINT('',#15353);
#5080=VERTEX_POINT('',#15355);
#5081=VERTEX_POINT('',#15359);
#5082=VERTEX_POINT('',#15362);
#5083=VERTEX_POINT('',#15365);
#5084=VERTEX_POINT('',#15368);
#5085=VERTEX_POINT('',#15371);
#5086=VERTEX_POINT('',#15374);
#5087=VERTEX_POINT('',#15377);
#5088=VERTEX_POINT('',#15379);
#5089=VERTEX_POINT('',#15387);
#5090=VERTEX_POINT('',#15388);
#5091=VERTEX_POINT('',#15391);
#5092=VERTEX_POINT('',#15393);
#5093=VERTEX_POINT('',#15398);
#5094=VERTEX_POINT('',#15399);
#5095=VERTEX_POINT('',#15406);
#5096=VERTEX_POINT('',#15407);
#5097=VERTEX_POINT('',#15414);
#5098=VERTEX_POINT('',#15415);
#5099=VERTEX_POINT('',#15417);
#5100=VERTEX_POINT('',#15421);
#5101=VERTEX_POINT('',#15422);
#5102=VERTEX_POINT('',#15424);
#5103=VERTEX_POINT('',#15428);
#5104=VERTEX_POINT('',#15430);
#5105=VERTEX_POINT('',#15434);
#5106=VERTEX_POINT('',#15436);
#5107=VERTEX_POINT('',#15440);
#5108=VERTEX_POINT('',#15442);
#5109=VERTEX_POINT('',#15445);
#5110=VERTEX_POINT('',#15447);
#5111=VERTEX_POINT('',#15449);
#5112=VERTEX_POINT('',#15451);
#5113=VERTEX_POINT('',#15453);
#5114=VERTEX_POINT('',#15455);
#5115=VERTEX_POINT('',#15457);
#5116=VERTEX_POINT('',#15459);
#5117=VERTEX_POINT('',#15461);
#5118=VERTEX_POINT('',#15463);
#5119=VERTEX_POINT('',#15465);
#5120=VERTEX_POINT('',#15467);
#5121=VERTEX_POINT('',#15469);
#5122=VERTEX_POINT('',#15471);
#5123=VERTEX_POINT('',#15473);
#5124=VERTEX_POINT('',#15475);
#5125=VERTEX_POINT('',#15484);
#5126=VERTEX_POINT('',#15486);
#5127=VERTEX_POINT('',#15488);
#5128=VERTEX_POINT('',#15490);
#5129=VERTEX_POINT('',#15492);
#5130=VERTEX_POINT('',#15494);
#5131=VERTEX_POINT('',#15496);
#5132=VERTEX_POINT('',#15498);
#5133=VERTEX_POINT('',#15500);
#5134=VERTEX_POINT('',#15502);
#5135=VERTEX_POINT('',#15504);
#5136=VERTEX_POINT('',#15506);
#5137=VERTEX_POINT('',#15508);
#5138=VERTEX_POINT('',#15510);
#5139=VERTEX_POINT('',#15512);
#5140=VERTEX_POINT('',#15514);
#5141=VERTEX_POINT('',#15516);
#5142=VERTEX_POINT('',#15518);
#5143=VERTEX_POINT('',#15520);
#5144=VERTEX_POINT('',#15522);
#5145=VERTEX_POINT('',#15568);
#5146=VERTEX_POINT('',#15570);
#5147=VERTEX_POINT('',#15572);
#5148=VERTEX_POINT('',#15573);
#5149=VERTEX_POINT('',#15575);
#5150=VERTEX_POINT('',#15577);
#5151=VERTEX_POINT('',#15579);
#5152=VERTEX_POINT('',#15581);
#5153=VERTEX_POINT('',#15583);
#5154=VERTEX_POINT('',#15585);
#5155=VERTEX_POINT('',#15587);
#5156=VERTEX_POINT('',#15589);
#5157=VERTEX_POINT('',#15591);
#5158=VERTEX_POINT('',#15593);
#5159=VERTEX_POINT('',#15595);
#5160=VERTEX_POINT('',#15597);
#5161=VERTEX_POINT('',#15599);
#5162=VERTEX_POINT('',#15601);
#5163=VERTEX_POINT('',#15603);
#5164=VERTEX_POINT('',#15605);
#5165=VERTEX_POINT('',#15607);
#5166=VERTEX_POINT('',#15609);
#5167=VERTEX_POINT('',#15611);
#5168=VERTEX_POINT('',#15613);
#5169=VERTEX_POINT('',#15615);
#5170=VERTEX_POINT('',#15617);
#5171=VERTEX_POINT('',#15621);
#5172=VERTEX_POINT('',#15622);
#5173=VERTEX_POINT('',#15624);
#5174=VERTEX_POINT('',#15626);
#5175=VERTEX_POINT('',#15628);
#5176=VERTEX_POINT('',#15630);
#5177=VERTEX_POINT('',#15632);
#5178=VERTEX_POINT('',#15634);
#5179=VERTEX_POINT('',#15636);
#5180=VERTEX_POINT('',#15638);
#5181=VERTEX_POINT('',#15642);
#5182=VERTEX_POINT('',#15643);
#5183=VERTEX_POINT('',#15645);
#5184=VERTEX_POINT('',#15647);
#5185=VERTEX_POINT('',#15651);
#5186=VERTEX_POINT('',#15652);
#5187=VERTEX_POINT('',#15654);
#5188=VERTEX_POINT('',#15656);
#5189=VERTEX_POINT('',#15658);
#5190=VERTEX_POINT('',#15660);
#5191=VERTEX_POINT('',#15662);
#5192=VERTEX_POINT('',#15664);
#5193=VERTEX_POINT('',#15666);
#5194=VERTEX_POINT('',#15668);
#5195=VERTEX_POINT('',#15672);
#5196=VERTEX_POINT('',#15673);
#5197=VERTEX_POINT('',#15675);
#5198=VERTEX_POINT('',#15677);
#5199=VERTEX_POINT('',#15682);
#5200=VERTEX_POINT('',#15687);
#5201=VERTEX_POINT('',#15689);
#5202=VERTEX_POINT('',#15692);
#5203=VERTEX_POINT('',#15697);
#5204=VERTEX_POINT('',#15698);
#5205=VERTEX_POINT('',#15700);
#5206=VERTEX_POINT('',#15704);
#5207=VERTEX_POINT('',#15706);
#5208=VERTEX_POINT('',#15708);
#5209=VERTEX_POINT('',#15710);
#5210=VERTEX_POINT('',#15712);
#5211=VERTEX_POINT('',#15714);
#5212=VERTEX_POINT('',#15716);
#5213=VERTEX_POINT('',#15718);
#5214=VERTEX_POINT('',#15720);
#5215=VERTEX_POINT('',#15721);
#5216=VERTEX_POINT('',#15723);
#5217=VERTEX_POINT('',#15725);
#5218=VERTEX_POINT('',#15727);
#5219=VERTEX_POINT('',#15729);
#5220=VERTEX_POINT('',#15731);
#5221=VERTEX_POINT('',#15733);
#5222=VERTEX_POINT('',#15735);
#5223=VERTEX_POINT('',#15737);
#5224=VERTEX_POINT('',#15739);
#5225=VERTEX_POINT('',#15741);
#5226=VERTEX_POINT('',#15743);
#5227=VERTEX_POINT('',#15745);
#5228=VERTEX_POINT('',#15747);
#5229=VERTEX_POINT('',#15749);
#5230=VERTEX_POINT('',#15751);
#5231=VERTEX_POINT('',#15753);
#5232=VERTEX_POINT('',#15755);
#5233=VERTEX_POINT('',#15757);
#5234=VERTEX_POINT('',#15761);
#5235=VERTEX_POINT('',#15762);
#5236=VERTEX_POINT('',#15764);
#5237=VERTEX_POINT('',#15769);
#5238=VERTEX_POINT('',#15774);
#5239=VERTEX_POINT('',#15788);
#5240=VERTEX_POINT('',#15789);
#5241=VERTEX_POINT('',#15794);
#5242=VERTEX_POINT('',#15796);
#5243=VERTEX_POINT('',#15800);
#5244=VERTEX_POINT('',#15804);
#5245=VERTEX_POINT('',#15808);
#5246=VERTEX_POINT('',#15812);
#5247=VERTEX_POINT('',#15816);
#5248=VERTEX_POINT('',#15818);
#5249=VERTEX_POINT('',#15821);
#5250=VERTEX_POINT('',#15824);
#5251=VERTEX_POINT('',#15826);
#5252=VERTEX_POINT('',#15829);
#5253=VERTEX_POINT('',#15832);
#5254=VERTEX_POINT('',#15834);
#5255=VERTEX_POINT('',#15837);
#5256=VERTEX_POINT('',#15840);
#5257=VERTEX_POINT('',#15842);
#5258=VERTEX_POINT('',#15845);
#5259=VERTEX_POINT('',#15848);
#5260=VERTEX_POINT('',#15850);
#5261=VERTEX_POINT('',#15853);
#5262=VERTEX_POINT('',#15856);
#5263=VERTEX_POINT('',#15858);
#5264=VERTEX_POINT('',#15861);
#5265=VERTEX_POINT('',#15864);
#5266=VERTEX_POINT('',#15866);
#5267=VERTEX_POINT('',#15869);
#5268=VERTEX_POINT('',#15872);
#5269=VERTEX_POINT('',#15874);
#5270=VERTEX_POINT('',#15877);
#5271=VERTEX_POINT('',#15911);
#5272=VERTEX_POINT('',#15915);
#5273=VERTEX_POINT('',#15919);
#5274=VERTEX_POINT('',#15923);
#5275=VERTEX_POINT('',#15927);
#5276=VERTEX_POINT('',#15931);
#5277=VERTEX_POINT('',#15935);
#5278=VERTEX_POINT('',#15939);
#5279=VERTEX_POINT('',#15985);
#5280=VERTEX_POINT('',#15986);
#5281=VERTEX_POINT('',#15988);
#5282=VERTEX_POINT('',#15990);
#5283=VERTEX_POINT('',#15994);
#5284=VERTEX_POINT('',#15995);
#5285=VERTEX_POINT('',#15997);
#5286=VERTEX_POINT('',#15999);
#5287=VERTEX_POINT('',#16001);
#5288=VERTEX_POINT('',#16006);
#5289=VERTEX_POINT('',#16008);
#5290=VERTEX_POINT('',#16013);
#5291=VERTEX_POINT('',#16017);
#5292=VERTEX_POINT('',#16019);
#5293=VERTEX_POINT('',#16023);
#5294=VERTEX_POINT('',#16025);
#5295=VERTEX_POINT('',#16029);
#5296=VERTEX_POINT('',#16031);
#5297=VERTEX_POINT('',#16035);
#5298=VERTEX_POINT('',#16036);
#5299=VERTEX_POINT('',#16038);
#5300=VERTEX_POINT('',#16040);
#5301=VERTEX_POINT('',#16044);
#5302=VERTEX_POINT('',#16046);
#5303=VERTEX_POINT('',#16050);
#5304=VERTEX_POINT('',#16052);
#5305=VERTEX_POINT('',#16059);
#5306=VERTEX_POINT('',#16060);
#5307=VERTEX_POINT('',#16062);
#5308=VERTEX_POINT('',#16064);
#5309=VERTEX_POINT('',#16068);
#5310=VERTEX_POINT('',#16070);
#5311=VERTEX_POINT('',#16074);
#5312=VERTEX_POINT('',#16076);
#5313=VERTEX_POINT('',#16083);
#5314=VERTEX_POINT('',#16084);
#5315=VERTEX_POINT('',#16086);
#5316=VERTEX_POINT('',#16088);
#5317=VERTEX_POINT('',#16092);
#5318=VERTEX_POINT('',#16094);
#5319=VERTEX_POINT('',#16098);
#5320=VERTEX_POINT('',#16100);
#5321=VERTEX_POINT('',#16107);
#5322=VERTEX_POINT('',#16108);
#5323=VERTEX_POINT('',#16110);
#5324=VERTEX_POINT('',#16112);
#5325=VERTEX_POINT('',#16116);
#5326=VERTEX_POINT('',#16118);
#5327=VERTEX_POINT('',#16122);
#5328=VERTEX_POINT('',#16124);
#5329=VERTEX_POINT('',#16131);
#5330=VERTEX_POINT('',#16132);
#5331=VERTEX_POINT('',#16134);
#5332=VERTEX_POINT('',#16136);
#5333=VERTEX_POINT('',#16140);
#5334=VERTEX_POINT('',#16142);
#5335=VERTEX_POINT('',#16146);
#5336=VERTEX_POINT('',#16148);
#5337=VERTEX_POINT('',#16155);
#5338=VERTEX_POINT('',#16156);
#5339=VERTEX_POINT('',#16158);
#5340=VERTEX_POINT('',#16160);
#5341=VERTEX_POINT('',#16164);
#5342=VERTEX_POINT('',#16166);
#5343=VERTEX_POINT('',#16170);
#5344=VERTEX_POINT('',#16172);
#5345=VERTEX_POINT('',#16179);
#5346=VERTEX_POINT('',#16180);
#5347=VERTEX_POINT('',#16182);
#5348=VERTEX_POINT('',#16184);
#5349=VERTEX_POINT('',#16188);
#5350=VERTEX_POINT('',#16190);
#5351=VERTEX_POINT('',#16194);
#5352=VERTEX_POINT('',#16196);
#5353=VERTEX_POINT('',#16203);
#5354=VERTEX_POINT('',#16204);
#5355=VERTEX_POINT('',#16206);
#5356=VERTEX_POINT('',#16208);
#5357=VERTEX_POINT('',#16212);
#5358=VERTEX_POINT('',#16214);
#5359=VERTEX_POINT('',#16218);
#5360=VERTEX_POINT('',#16220);
#5361=VERTEX_POINT('',#16227);
#5362=VERTEX_POINT('',#16228);
#5363=VERTEX_POINT('',#16230);
#5364=VERTEX_POINT('',#16232);
#5365=VERTEX_POINT('',#16236);
#5366=VERTEX_POINT('',#16238);
#5367=VERTEX_POINT('',#16242);
#5368=VERTEX_POINT('',#16244);
#5369=VERTEX_POINT('',#16251);
#5370=VERTEX_POINT('',#16252);
#5371=VERTEX_POINT('',#16254);
#5372=VERTEX_POINT('',#16256);
#5373=VERTEX_POINT('',#16260);
#5374=VERTEX_POINT('',#16262);
#5375=VERTEX_POINT('',#16266);
#5376=VERTEX_POINT('',#16268);
#5377=VERTEX_POINT('',#16275);
#5378=VERTEX_POINT('',#16276);
#5379=VERTEX_POINT('',#16278);
#5380=VERTEX_POINT('',#16280);
#5381=VERTEX_POINT('',#16284);
#5382=VERTEX_POINT('',#16286);
#5383=VERTEX_POINT('',#16290);
#5384=VERTEX_POINT('',#16292);
#5385=VERTEX_POINT('',#16299);
#5386=VERTEX_POINT('',#16300);
#5387=VERTEX_POINT('',#16302);
#5388=VERTEX_POINT('',#16304);
#5389=VERTEX_POINT('',#16308);
#5390=VERTEX_POINT('',#16310);
#5391=VERTEX_POINT('',#16314);
#5392=VERTEX_POINT('',#16316);
#5393=VERTEX_POINT('',#16323);
#5394=VERTEX_POINT('',#16324);
#5395=VERTEX_POINT('',#16326);
#5396=VERTEX_POINT('',#16328);
#5397=VERTEX_POINT('',#16332);
#5398=VERTEX_POINT('',#16334);
#5399=VERTEX_POINT('',#16338);
#5400=VERTEX_POINT('',#16340);
#5401=VERTEX_POINT('',#16347);
#5402=VERTEX_POINT('',#16348);
#5403=VERTEX_POINT('',#16350);
#5404=VERTEX_POINT('',#16352);
#5405=VERTEX_POINT('',#16356);
#5406=VERTEX_POINT('',#16358);
#5407=VERTEX_POINT('',#16362);
#5408=VERTEX_POINT('',#16364);
#5409=VERTEX_POINT('',#16371);
#5410=VERTEX_POINT('',#16372);
#5411=VERTEX_POINT('',#16374);
#5412=VERTEX_POINT('',#16376);
#5413=VERTEX_POINT('',#16380);
#5414=VERTEX_POINT('',#16382);
#5415=VERTEX_POINT('',#16386);
#5416=VERTEX_POINT('',#16388);
#5417=VERTEX_POINT('',#16395);
#5418=VERTEX_POINT('',#16396);
#5419=VERTEX_POINT('',#16398);
#5420=VERTEX_POINT('',#16400);
#5421=VERTEX_POINT('',#16404);
#5422=VERTEX_POINT('',#16406);
#5423=VERTEX_POINT('',#16410);
#5424=VERTEX_POINT('',#16412);
#5425=VERTEX_POINT('',#16419);
#5426=VERTEX_POINT('',#16420);
#5427=VERTEX_POINT('',#16422);
#5428=VERTEX_POINT('',#16424);
#5429=VERTEX_POINT('',#16428);
#5430=VERTEX_POINT('',#16430);
#5431=VERTEX_POINT('',#16434);
#5432=VERTEX_POINT('',#16436);
#5433=VERTEX_POINT('',#16443);
#5434=VERTEX_POINT('',#16444);
#5435=VERTEX_POINT('',#16446);
#5436=VERTEX_POINT('',#16448);
#5437=VERTEX_POINT('',#16452);
#5438=VERTEX_POINT('',#16454);
#5439=VERTEX_POINT('',#16458);
#5440=VERTEX_POINT('',#16460);
#5441=VERTEX_POINT('',#16467);
#5442=VERTEX_POINT('',#16468);
#5443=VERTEX_POINT('',#16470);
#5444=VERTEX_POINT('',#16472);
#5445=VERTEX_POINT('',#16476);
#5446=VERTEX_POINT('',#16478);
#5447=VERTEX_POINT('',#16482);
#5448=VERTEX_POINT('',#16484);
#5449=VERTEX_POINT('',#16491);
#5450=VERTEX_POINT('',#16493);
#5451=VERTEX_POINT('',#16496);
#5452=VERTEX_POINT('',#16497);
#5453=VERTEX_POINT('',#16499);
#5454=VERTEX_POINT('',#16501);
#5455=VERTEX_POINT('',#16505);
#5456=VERTEX_POINT('',#16507);
#5457=VERTEX_POINT('',#16511);
#5458=VERTEX_POINT('',#16513);
#5459=VERTEX_POINT('',#16520);
#5460=VERTEX_POINT('',#16521);
#5461=VERTEX_POINT('',#16523);
#5462=VERTEX_POINT('',#16525);
#5463=VERTEX_POINT('',#16529);
#5464=VERTEX_POINT('',#16531);
#5465=VERTEX_POINT('',#16535);
#5466=VERTEX_POINT('',#16537);
#5467=VERTEX_POINT('',#16544);
#5468=VERTEX_POINT('',#16545);
#5469=VERTEX_POINT('',#16547);
#5470=VERTEX_POINT('',#16549);
#5471=VERTEX_POINT('',#16553);
#5472=VERTEX_POINT('',#16555);
#5473=VERTEX_POINT('',#16559);
#5474=VERTEX_POINT('',#16561);
#5475=VERTEX_POINT('',#16568);
#5476=VERTEX_POINT('',#16570);
#5477=VERTEX_POINT('',#16573);
#5478=VERTEX_POINT('',#16574);
#5479=VERTEX_POINT('',#16576);
#5480=VERTEX_POINT('',#16578);
#5481=VERTEX_POINT('',#16582);
#5482=VERTEX_POINT('',#16584);
#5483=VERTEX_POINT('',#16588);
#5484=VERTEX_POINT('',#16590);
#5485=VERTEX_POINT('',#16594);
#5486=VERTEX_POINT('',#16596);
#5487=VERTEX_POINT('',#16600);
#5488=VERTEX_POINT('',#16602);
#5489=VERTEX_POINT('',#16606);
#5490=VERTEX_POINT('',#16608);
#5491=VERTEX_POINT('',#16612);
#5492=VERTEX_POINT('',#16614);
#5493=VERTEX_POINT('',#16618);
#5494=VERTEX_POINT('',#16620);
#5495=VERTEX_POINT('',#16624);
#5496=VERTEX_POINT('',#16626);
#5497=VERTEX_POINT('',#16630);
#5498=VERTEX_POINT('',#16632);
#5499=VERTEX_POINT('',#16636);
#5500=VERTEX_POINT('',#16638);
#5501=VERTEX_POINT('',#16642);
#5502=VERTEX_POINT('',#16644);
#5503=VERTEX_POINT('',#16648);
#5504=VERTEX_POINT('',#16650);
#5505=VERTEX_POINT('',#16654);
#5506=VERTEX_POINT('',#16656);
#5507=VERTEX_POINT('',#16660);
#5508=VERTEX_POINT('',#16662);
#5509=VERTEX_POINT('',#16666);
#5510=VERTEX_POINT('',#16668);
#5511=VERTEX_POINT('',#16672);
#5512=VERTEX_POINT('',#16674);
#5513=VERTEX_POINT('',#16678);
#5514=VERTEX_POINT('',#16680);
#5515=VERTEX_POINT('',#16684);
#5516=VERTEX_POINT('',#16686);
#5517=VERTEX_POINT('',#16690);
#5518=VERTEX_POINT('',#16692);
#5519=VERTEX_POINT('',#16696);
#5520=VERTEX_POINT('',#16698);
#5521=VERTEX_POINT('',#16702);
#5522=VERTEX_POINT('',#16704);
#5523=VERTEX_POINT('',#16708);
#5524=VERTEX_POINT('',#16710);
#5525=VERTEX_POINT('',#16714);
#5526=VERTEX_POINT('',#16716);
#5527=VERTEX_POINT('',#16720);
#5528=VERTEX_POINT('',#16722);
#5529=VERTEX_POINT('',#16726);
#5530=VERTEX_POINT('',#16728);
#5531=VERTEX_POINT('',#16732);
#5532=VERTEX_POINT('',#16734);
#5533=VERTEX_POINT('',#16741);
#5534=VERTEX_POINT('',#16742);
#5535=VERTEX_POINT('',#16744);
#5536=VERTEX_POINT('',#16746);
#5537=VERTEX_POINT('',#16750);
#5538=VERTEX_POINT('',#16752);
#5539=VERTEX_POINT('',#16756);
#5540=VERTEX_POINT('',#16758);
#5541=VERTEX_POINT('',#16762);
#5542=VERTEX_POINT('',#16764);
#5543=VERTEX_POINT('',#16768);
#5544=VERTEX_POINT('',#16770);
#5545=VERTEX_POINT('',#16774);
#5546=VERTEX_POINT('',#16776);
#5547=VERTEX_POINT('',#16780);
#5548=VERTEX_POINT('',#16782);
#5549=VERTEX_POINT('',#16786);
#5550=VERTEX_POINT('',#16788);
#5551=VERTEX_POINT('',#16792);
#5552=VERTEX_POINT('',#16794);
#5553=VERTEX_POINT('',#16798);
#5554=VERTEX_POINT('',#16800);
#5555=VERTEX_POINT('',#16804);
#5556=VERTEX_POINT('',#16806);
#5557=VERTEX_POINT('',#16810);
#5558=VERTEX_POINT('',#16812);
#5559=VERTEX_POINT('',#16816);
#5560=VERTEX_POINT('',#16818);
#5561=VERTEX_POINT('',#16822);
#5562=VERTEX_POINT('',#16824);
#5563=VERTEX_POINT('',#16828);
#5564=VERTEX_POINT('',#16830);
#5565=VERTEX_POINT('',#16834);
#5566=VERTEX_POINT('',#16836);
#5567=VERTEX_POINT('',#16840);
#5568=VERTEX_POINT('',#16842);
#5569=VERTEX_POINT('',#16846);
#5570=VERTEX_POINT('',#16848);
#5571=VERTEX_POINT('',#16852);
#5572=VERTEX_POINT('',#16854);
#5573=VERTEX_POINT('',#16858);
#5574=VERTEX_POINT('',#16860);
#5575=VERTEX_POINT('',#16864);
#5576=VERTEX_POINT('',#16866);
#5577=VERTEX_POINT('',#16870);
#5578=VERTEX_POINT('',#16872);
#5579=VERTEX_POINT('',#16876);
#5580=VERTEX_POINT('',#16878);
#5581=VERTEX_POINT('',#16882);
#5582=VERTEX_POINT('',#16884);
#5583=VERTEX_POINT('',#16888);
#5584=VERTEX_POINT('',#16890);
#5585=VERTEX_POINT('',#16894);
#5586=VERTEX_POINT('',#16896);
#5587=VERTEX_POINT('',#16900);
#5588=VERTEX_POINT('',#16902);
#5589=VERTEX_POINT('',#16909);
#5590=VERTEX_POINT('',#16911);
#5591=VERTEX_POINT('',#16914);
#5592=VERTEX_POINT('',#16915);
#5593=VERTEX_POINT('',#16917);
#5594=VERTEX_POINT('',#16919);
#5595=VERTEX_POINT('',#16923);
#5596=VERTEX_POINT('',#16925);
#5597=VERTEX_POINT('',#16929);
#5598=VERTEX_POINT('',#16931);
#5599=VERTEX_POINT('',#16938);
#5600=VERTEX_POINT('',#16940);
#5601=VERTEX_POINT('',#16943);
#5602=VERTEX_POINT('',#16945);
#5603=VERTEX_POINT('',#16948);
#5604=VERTEX_POINT('',#16949);
#5605=VERTEX_POINT('',#16951);
#5606=VERTEX_POINT('',#16953);
#5607=VERTEX_POINT('',#16957);
#5608=VERTEX_POINT('',#16959);
#5609=VERTEX_POINT('',#16963);
#5610=VERTEX_POINT('',#16965);
#5611=VERTEX_POINT('',#16972);
#5612=VERTEX_POINT('',#16974);
#5613=VERTEX_POINT('',#16977);
#5614=VERTEX_POINT('',#16978);
#5615=VERTEX_POINT('',#16980);
#5616=VERTEX_POINT('',#16982);
#5617=VERTEX_POINT('',#16986);
#5618=VERTEX_POINT('',#16988);
#5619=VERTEX_POINT('',#16992);
#5620=VERTEX_POINT('',#16994);
#5621=VERTEX_POINT('',#17001);
#5622=VERTEX_POINT('',#17002);
#5623=VERTEX_POINT('',#17004);
#5624=VERTEX_POINT('',#17006);
#5625=VERTEX_POINT('',#17010);
#5626=VERTEX_POINT('',#17012);
#5627=VERTEX_POINT('',#17016);
#5628=VERTEX_POINT('',#17018);
#5629=VERTEX_POINT('',#17025);
#5630=VERTEX_POINT('',#17027);
#5631=VERTEX_POINT('',#17030);
#5632=VERTEX_POINT('',#17031);
#5633=VERTEX_POINT('',#17033);
#5634=VERTEX_POINT('',#17035);
#5635=VERTEX_POINT('',#17039);
#5636=VERTEX_POINT('',#17041);
#5637=VERTEX_POINT('',#17045);
#5638=VERTEX_POINT('',#17047);
#5639=VERTEX_POINT('',#17054);
#5640=VERTEX_POINT('',#17056);
#5641=VERTEX_POINT('',#17059);
#5642=VERTEX_POINT('',#17060);
#5643=VERTEX_POINT('',#17062);
#5644=VERTEX_POINT('',#17064);
#5645=VERTEX_POINT('',#17068);
#5646=VERTEX_POINT('',#17070);
#5647=VERTEX_POINT('',#17074);
#5648=VERTEX_POINT('',#17076);
#5649=VERTEX_POINT('',#17083);
#5650=VERTEX_POINT('',#17085);
#5651=VERTEX_POINT('',#17088);
#5652=VERTEX_POINT('',#17089);
#5653=VERTEX_POINT('',#17091);
#5654=VERTEX_POINT('',#17093);
#5655=VERTEX_POINT('',#17097);
#5656=VERTEX_POINT('',#17099);
#5657=VERTEX_POINT('',#17103);
#5658=VERTEX_POINT('',#17105);
#5659=VERTEX_POINT('',#17112);
#5660=VERTEX_POINT('',#17114);
#5661=VERTEX_POINT('',#17118);
#5662=VERTEX_POINT('',#17120);
#5663=VERTEX_POINT('',#17124);
#5664=VERTEX_POINT('',#17125);
#5665=VERTEX_POINT('',#17127);
#5666=VERTEX_POINT('',#17129);
#5667=VERTEX_POINT('',#17133);
#5668=VERTEX_POINT('',#17134);
#5669=VERTEX_POINT('',#17136);
#5670=VERTEX_POINT('',#17138);
#5671=VERTEX_POINT('',#17142);
#5672=VERTEX_POINT('',#17144);
#5673=VERTEX_POINT('',#17148);
#5674=VERTEX_POINT('',#17150);
#5675=VERTEX_POINT('',#17154);
#5676=VERTEX_POINT('',#17159);
#5677=VERTEX_POINT('',#17169);
#5678=VERTEX_POINT('',#17176);
#5679=VERTEX_POINT('',#17180);
#5680=VERTEX_POINT('',#17182);
#5681=VERTEX_POINT('',#17186);
#5682=VERTEX_POINT('',#17190);
#5683=VERTEX_POINT('',#17194);
#5684=VERTEX_POINT('',#17198);
#5685=VERTEX_POINT('',#17199);
#5686=VERTEX_POINT('',#17210);
#5687=VERTEX_POINT('',#17211);
#5688=VERTEX_POINT('',#17216);
#5689=VERTEX_POINT('',#17218);
#5690=VERTEX_POINT('',#17222);
#5691=VERTEX_POINT('',#17226);
#5692=VERTEX_POINT('',#17230);
#5693=LINE('',#14250,#6842);
#5694=LINE('',#14253,#6843);
#5695=LINE('',#14255,#6844);
#5696=LINE('',#14257,#6845);
#5697=LINE('',#14260,#6846);
#5698=LINE('',#14263,#6847);
#5699=LINE('',#14265,#6848);
#5700=LINE('',#14267,#6849);
#5701=LINE('',#14268,#6850);
#5702=LINE('',#14271,#6851);
#5703=LINE('',#14273,#6852);
#5704=LINE('',#14275,#6853);
#5705=LINE('',#14276,#6854);
#5706=LINE('',#14279,#6855);
#5707=LINE('',#14281,#6856);
#5708=LINE('',#14283,#6857);
#5709=LINE('',#14284,#6858);
#5710=LINE('',#14287,#6859);
#5711=LINE('',#14289,#6860);
#5712=LINE('',#14291,#6861);
#5713=LINE('',#14292,#6862);
#5714=LINE('',#14295,#6863);
#5715=LINE('',#14297,#6864);
#5716=LINE('',#14299,#6865);
#5717=LINE('',#14300,#6866);
#5718=LINE('',#14303,#6867);
#5719=LINE('',#14305,#6868);
#5720=LINE('',#14307,#6869);
#5721=LINE('',#14308,#6870);
#5722=LINE('',#14311,#6871);
#5723=LINE('',#14313,#6872);
#5724=LINE('',#14315,#6873);
#5725=LINE('',#14316,#6874);
#5726=LINE('',#14319,#6875);
#5727=LINE('',#14321,#6876);
#5728=LINE('',#14323,#6877);
#5729=LINE('',#14324,#6878);
#5730=LINE('',#14327,#6879);
#5731=LINE('',#14329,#6880);
#5732=LINE('',#14331,#6881);
#5733=LINE('',#14332,#6882);
#5734=LINE('',#14335,#6883);
#5735=LINE('',#14337,#6884);
#5736=LINE('',#14339,#6885);
#5737=LINE('',#14340,#6886);
#5738=LINE('',#14343,#6887);
#5739=LINE('',#14345,#6888);
#5740=LINE('',#14347,#6889);
#5741=LINE('',#14348,#6890);
#5742=LINE('',#14351,#6891);
#5743=LINE('',#14353,#6892);
#5744=LINE('',#14355,#6893);
#5745=LINE('',#14360,#6894);
#5746=LINE('',#14363,#6895);
#5747=LINE('',#14365,#6896);
#5748=LINE('',#14367,#6897);
#5749=LINE('',#14370,#6898);
#5750=LINE('',#14373,#6899);
#5751=LINE('',#14375,#6900);
#5752=LINE('',#14377,#6901);
#5753=LINE('',#14378,#6902);
#5754=LINE('',#14381,#6903);
#5755=LINE('',#14383,#6904);
#5756=LINE('',#14385,#6905);
#5757=LINE('',#14388,#6906);
#5758=LINE('',#14391,#6907);
#5759=LINE('',#14393,#6908);
#5760=LINE('',#14395,#6909);
#5761=LINE('',#14396,#6910);
#5762=LINE('',#14399,#6911);
#5763=LINE('',#14403,#6912);
#5764=LINE('',#14405,#6913);
#5765=LINE('',#14407,#6914);
#5766=LINE('',#14411,#6915);
#5767=LINE('',#14415,#6916);
#5768=LINE('',#14419,#6917);
#5769=LINE('',#14421,#6918);
#5770=LINE('',#14423,#6919);
#5771=LINE('',#14425,#6920);
#5772=LINE('',#14427,#6921);
#5773=LINE('',#14429,#6922);
#5774=LINE('',#14431,#6923);
#5775=LINE('',#14433,#6924);
#5776=LINE('',#14435,#6925);
#5777=LINE('',#14437,#6926);
#5778=LINE('',#14439,#6927);
#5779=LINE('',#14443,#6928);
#5780=LINE('',#14445,#6929);
#5781=LINE('',#14447,#6930);
#5782=LINE('',#14449,#6931);
#5783=LINE('',#14453,#6932);
#5784=LINE('',#14455,#6933);
#5785=LINE('',#14457,#6934);
#5786=LINE('',#14461,#6935);
#5787=LINE('',#14465,#6936);
#5788=LINE('',#14471,#6937);
#5789=LINE('',#14475,#6938);
#5790=LINE('',#14480,#6939);
#5791=LINE('',#14484,#6940);
#5792=LINE('',#14488,#6941);
#5793=LINE('',#14490,#6942);
#5794=LINE('',#14492,#6943);
#5795=LINE('',#14496,#6944);
#5796=LINE('',#14500,#6945);
#5797=LINE('',#14502,#6946);
#5798=LINE('',#14506,#6947);
#5799=LINE('',#14510,#6948);
#5800=LINE('',#14512,#6949);
#5801=LINE('',#14514,#6950);
#5802=LINE('',#14516,#6951);
#5803=LINE('',#14518,#6952);
#5804=LINE('',#14521,#6953);
#5805=LINE('',#14523,#6954);
#5806=LINE('',#14525,#6955);
#5807=LINE('',#14527,#6956);
#5808=LINE('',#14530,#6957);
#5809=LINE('',#14532,#6958);
#5810=LINE('',#14534,#6959);
#5811=LINE('',#14536,#6960);
#5812=LINE('',#14539,#6961);
#5813=LINE('',#14541,#6962);
#5814=LINE('',#14543,#6963);
#5815=LINE('',#14544,#6964);
#5816=LINE('',#14545,#6965);
#5817=LINE('',#14547,#6966);
#5818=LINE('',#14550,#6967);
#5819=LINE('',#14552,#6968);
#5820=LINE('',#14554,#6969);
#5821=LINE('',#14557,#6970);
#5822=LINE('',#14560,#6971);
#5823=LINE('',#14562,#6972);
#5824=LINE('',#14564,#6973);
#5825=LINE('',#14565,#6974);
#5826=LINE('',#14570,#6975);
#5827=LINE('',#14574,#6976);
#5828=LINE('',#14578,#6977);
#5829=LINE('',#14582,#6978);
#5830=LINE('',#14585,#6979);
#5831=LINE('',#14589,#6980);
#5832=LINE('',#14593,#6981);
#5833=LINE('',#14597,#6982);
#5834=LINE('',#14601,#6983);
#5835=LINE('',#14605,#6984);
#5836=LINE('',#14609,#6985);
#5837=LINE('',#14611,#6986);
#5838=LINE('',#14613,#6987);
#5839=LINE('',#14615,#6988);
#5840=LINE('',#14617,#6989);
#5841=LINE('',#14619,#6990);
#5842=LINE('',#14621,#6991);
#5843=LINE('',#14623,#6992);
#5844=LINE('',#14625,#6993);
#5845=LINE('',#14626,#6994);
#5846=LINE('',#14629,#6995);
#5847=LINE('',#14631,#6996);
#5848=LINE('',#14633,#6997);
#5849=LINE('',#14634,#6998);
#5850=LINE('',#14637,#6999);
#5851=LINE('',#14639,#7000);
#5852=LINE('',#14641,#7001);
#5853=LINE('',#14642,#7002);
#5854=LINE('',#14645,#7003);
#5855=LINE('',#14647,#7004);
#5856=LINE('',#14649,#7005);
#5857=LINE('',#14650,#7006);
#5858=LINE('',#14653,#7007);
#5859=LINE('',#14655,#7008);
#5860=LINE('',#14657,#7009);
#5861=LINE('',#14658,#7010);
#5862=LINE('',#14661,#7011);
#5863=LINE('',#14663,#7012);
#5864=LINE('',#14665,#7013);
#5865=LINE('',#14666,#7014);
#5866=LINE('',#14669,#7015);
#5867=LINE('',#14671,#7016);
#5868=LINE('',#14673,#7017);
#5869=LINE('',#14674,#7018);
#5870=LINE('',#14677,#7019);
#5871=LINE('',#14679,#7020);
#5872=LINE('',#14681,#7021);
#5873=LINE('',#14682,#7022);
#5874=LINE('',#14685,#7023);
#5875=LINE('',#14687,#7024);
#5876=LINE('',#14689,#7025);
#5877=LINE('',#14690,#7026);
#5878=LINE('',#14693,#7027);
#5879=LINE('',#14695,#7028);
#5880=LINE('',#14697,#7029);
#5881=LINE('',#14698,#7030);
#5882=LINE('',#14701,#7031);
#5883=LINE('',#14703,#7032);
#5884=LINE('',#14705,#7033);
#5885=LINE('',#14706,#7034);
#5886=LINE('',#14709,#7035);
#5887=LINE('',#14711,#7036);
#5888=LINE('',#14713,#7037);
#5889=LINE('',#14718,#7038);
#5890=LINE('',#14721,#7039);
#5891=LINE('',#14723,#7040);
#5892=LINE('',#14725,#7041);
#5893=LINE('',#14728,#7042);
#5894=LINE('',#14731,#7043);
#5895=LINE('',#14733,#7044);
#5896=LINE('',#14735,#7045);
#5897=LINE('',#14736,#7046);
#5898=LINE('',#14739,#7047);
#5899=LINE('',#14741,#7048);
#5900=LINE('',#14743,#7049);
#5901=LINE('',#14746,#7050);
#5902=LINE('',#14749,#7051);
#5903=LINE('',#14751,#7052);
#5904=LINE('',#14753,#7053);
#5905=LINE('',#14755,#7054);
#5906=LINE('',#14758,#7055);
#5907=LINE('',#14759,#7056);
#5908=LINE('',#14761,#7057);
#5909=LINE('',#14764,#7058);
#5910=LINE('',#14765,#7059);
#5911=LINE('',#14767,#7060);
#5912=LINE('',#14769,#7061);
#5913=LINE('',#14771,#7062);
#5914=LINE('',#14772,#7063);
#5915=LINE('',#14776,#7064);
#5916=LINE('',#14780,#7065);
#5917=LINE('',#14782,#7066);
#5918=LINE('',#14783,#7067);
#5919=LINE('',#14785,#7068);
#5920=LINE('',#14787,#7069);
#5921=LINE('',#14789,#7070);
#5922=LINE('',#14790,#7071);
#5923=LINE('',#14792,#7072);
#5924=LINE('',#14794,#7073);
#5925=LINE('',#14796,#7074);
#5926=LINE('',#14797,#7075);
#5927=LINE('',#14799,#7076);
#5928=LINE('',#14801,#7077);
#5929=LINE('',#14803,#7078);
#5930=LINE('',#14804,#7079);
#5931=LINE('',#14806,#7080);
#5932=LINE('',#14808,#7081);
#5933=LINE('',#14810,#7082);
#5934=LINE('',#14811,#7083);
#5935=LINE('',#14813,#7084);
#5936=LINE('',#14815,#7085);
#5937=LINE('',#14817,#7086);
#5938=LINE('',#14818,#7087);
#5939=LINE('',#14820,#7088);
#5940=LINE('',#14822,#7089);
#5941=LINE('',#14823,#7090);
#5942=LINE('',#14825,#7091);
#5943=LINE('',#14827,#7092);
#5944=LINE('',#14829,#7093);
#5945=LINE('',#14830,#7094);
#5946=LINE('',#14832,#7095);
#5947=LINE('',#14834,#7096);
#5948=LINE('',#14836,#7097);
#5949=LINE('',#14837,#7098);
#5950=LINE('',#14839,#7099);
#5951=LINE('',#14841,#7100);
#5952=LINE('',#14843,#7101);
#5953=LINE('',#14844,#7102);
#5954=LINE('',#14846,#7103);
#5955=LINE('',#14848,#7104);
#5956=LINE('',#14849,#7105);
#5957=LINE('',#14851,#7106);
#5958=LINE('',#14853,#7107);
#5959=LINE('',#14855,#7108);
#5960=LINE('',#14856,#7109);
#5961=LINE('',#14858,#7110);
#5962=LINE('',#14860,#7111);
#5963=LINE('',#14862,#7112);
#5964=LINE('',#14863,#7113);
#5965=LINE('',#14865,#7114);
#5966=LINE('',#14867,#7115);
#5967=LINE('',#14869,#7116);
#5968=LINE('',#14870,#7117);
#5969=LINE('',#14872,#7118);
#5970=LINE('',#14874,#7119);
#5971=LINE('',#14876,#7120);
#5972=LINE('',#14877,#7121);
#5973=LINE('',#14879,#7122);
#5974=LINE('',#14881,#7123);
#5975=LINE('',#14883,#7124);
#5976=LINE('',#14884,#7125);
#5977=LINE('',#14886,#7126);
#5978=LINE('',#14888,#7127);
#5979=LINE('',#14890,#7128);
#5980=LINE('',#14891,#7129);
#5981=LINE('',#14893,#7130);
#5982=LINE('',#14895,#7131);
#5983=LINE('',#14897,#7132);
#5984=LINE('',#14898,#7133);
#5985=LINE('',#14900,#7134);
#5986=LINE('',#14902,#7135);
#5987=LINE('',#14904,#7136);
#5988=LINE('',#14905,#7137);
#5989=LINE('',#14907,#7138);
#5990=LINE('',#14909,#7139);
#5991=LINE('',#14917,#7140);
#5992=LINE('',#14922,#7141);
#5993=LINE('',#14937,#7142);
#5994=LINE('',#14939,#7143);
#5995=LINE('',#14941,#7144);
#5996=LINE('',#14943,#7145);
#5997=LINE('',#14945,#7146);
#5998=LINE('',#14947,#7147);
#5999=LINE('',#14949,#7148);
#6000=LINE('',#14951,#7149);
#6001=LINE('',#14953,#7150);
#6002=LINE('',#14955,#7151);
#6003=LINE('',#14958,#7152);
#6004=LINE('',#14959,#7153);
#6005=LINE('',#14961,#7154);
#6006=LINE('',#14963,#7155);
#6007=LINE('',#14965,#7156);
#6008=LINE('',#14967,#7157);
#6009=LINE('',#14969,#7158);
#6010=LINE('',#14971,#7159);
#6011=LINE('',#14973,#7160);
#6012=LINE('',#14975,#7161);
#6013=LINE('',#14977,#7162);
#6014=LINE('',#14979,#7163);
#6015=LINE('',#14982,#7164);
#6016=LINE('',#14986,#7165);
#6017=LINE('',#14989,#7166);
#6018=LINE('',#14990,#7167);
#6019=LINE('',#14992,#7168);
#6020=LINE('',#14995,#7169);
#6021=LINE('',#14996,#7170);
#6022=LINE('',#14998,#7171);
#6023=LINE('',#15001,#7172);
#6024=LINE('',#15002,#7173);
#6025=LINE('',#15004,#7174);
#6026=LINE('',#15006,#7175);
#6027=LINE('',#15008,#7176);
#6028=LINE('',#15050,#7177);
#6029=LINE('',#15061,#7178);
#6030=LINE('',#15082,#7179);
#6031=LINE('',#15084,#7180);
#6032=LINE('',#15110,#7181);
#6033=LINE('',#15112,#7182);
#6034=LINE('',#15114,#7183);
#6035=LINE('',#15116,#7184);
#6036=LINE('',#15122,#7185);
#6037=LINE('',#15123,#7186);
#6038=LINE('',#15125,#7187);
#6039=LINE('',#15127,#7188);
#6040=LINE('',#15129,#7189);
#6041=LINE('',#15131,#7190);
#6042=LINE('',#15132,#7191);
#6043=LINE('',#15135,#7192);
#6044=LINE('',#15137,#7193);
#6045=LINE('',#15172,#7194);
#6046=LINE('',#15174,#7195);
#6047=LINE('',#15176,#7196);
#6048=LINE('',#15178,#7197);
#6049=LINE('',#15183,#7198);
#6050=LINE('',#15185,#7199);
#6051=LINE('',#15189,#7200);
#6052=LINE('',#15190,#7201);
#6053=LINE('',#15195,#7202);
#6054=LINE('',#15197,#7203);
#6055=LINE('',#15199,#7204);
#6056=LINE('',#15201,#7205);
#6057=LINE('',#15207,#7206);
#6058=LINE('',#15210,#7207);
#6059=LINE('',#15212,#7208);
#6060=LINE('',#15214,#7209);
#6061=LINE('',#15216,#7210);
#6062=LINE('',#15218,#7211);
#6063=LINE('',#15219,#7212);
#6064=LINE('',#15325,#7213);
#6065=LINE('',#15329,#7214);
#6066=LINE('',#15331,#7215);
#6067=LINE('',#15334,#7216);
#6068=LINE('',#15336,#7217);
#6069=LINE('',#15338,#7218);
#6070=LINE('',#15343,#7219);
#6071=LINE('',#15346,#7220);
#6072=LINE('',#15348,#7221);
#6073=LINE('',#15350,#7222);
#6074=LINE('',#15354,#7223);
#6075=LINE('',#15378,#7224);
#6076=LINE('',#15386,#7225);
#6077=LINE('',#15389,#7226);
#6078=LINE('',#15390,#7227);
#6079=LINE('',#15392,#7228);
#6080=LINE('',#15394,#7229);
#6081=LINE('',#15395,#7230);
#6082=LINE('',#15400,#7231);
#6083=LINE('',#15401,#7232);
#6084=LINE('',#15403,#7233);
#6085=LINE('',#15408,#7234);
#6086=LINE('',#15409,#7235);
#6087=LINE('',#15411,#7236);
#6088=LINE('',#15418,#7237);
#6089=LINE('',#15425,#7238);
#6090=LINE('',#15427,#7239);
#6091=LINE('',#15431,#7240);
#6092=LINE('',#15433,#7241);
#6093=LINE('',#15437,#7242);
#6094=LINE('',#15439,#7243);
#6095=LINE('',#15441,#7244);
#6096=LINE('',#15443,#7245);
#6097=LINE('',#15444,#7246);
#6098=LINE('',#15446,#7247);
#6099=LINE('',#15448,#7248);
#6100=LINE('',#15450,#7249);
#6101=LINE('',#15452,#7250);
#6102=LINE('',#15454,#7251);
#6103=LINE('',#15456,#7252);
#6104=LINE('',#15458,#7253);
#6105=LINE('',#15460,#7254);
#6106=LINE('',#15462,#7255);
#6107=LINE('',#15464,#7256);
#6108=LINE('',#15466,#7257);
#6109=LINE('',#15468,#7258);
#6110=LINE('',#15470,#7259);
#6111=LINE('',#15472,#7260);
#6112=LINE('',#15474,#7261);
#6113=LINE('',#15476,#7262);
#6114=LINE('',#15477,#7263);
#6115=LINE('',#15479,#7264);
#6116=LINE('',#15481,#7265);
#6117=LINE('',#15483,#7266);
#6118=LINE('',#15485,#7267);
#6119=LINE('',#15487,#7268);
#6120=LINE('',#15489,#7269);
#6121=LINE('',#15491,#7270);
#6122=LINE('',#15493,#7271);
#6123=LINE('',#15495,#7272);
#6124=LINE('',#15497,#7273);
#6125=LINE('',#15499,#7274);
#6126=LINE('',#15501,#7275);
#6127=LINE('',#15503,#7276);
#6128=LINE('',#15505,#7277);
#6129=LINE('',#15507,#7278);
#6130=LINE('',#15509,#7279);
#6131=LINE('',#15511,#7280);
#6132=LINE('',#15513,#7281);
#6133=LINE('',#15515,#7282);
#6134=LINE('',#15517,#7283);
#6135=LINE('',#15519,#7284);
#6136=LINE('',#15521,#7285);
#6137=LINE('',#15523,#7286);
#6138=LINE('',#15525,#7287);
#6139=LINE('',#15526,#7288);
#6140=LINE('',#15528,#7289);
#6141=LINE('',#15530,#7290);
#6142=LINE('',#15532,#7291);
#6143=LINE('',#15534,#7292);
#6144=LINE('',#15536,#7293);
#6145=LINE('',#15538,#7294);
#6146=LINE('',#15540,#7295);
#6147=LINE('',#15542,#7296);
#6148=LINE('',#15544,#7297);
#6149=LINE('',#15546,#7298);
#6150=LINE('',#15548,#7299);
#6151=LINE('',#15550,#7300);
#6152=LINE('',#15552,#7301);
#6153=LINE('',#15554,#7302);
#6154=LINE('',#15556,#7303);
#6155=LINE('',#15557,#7304);
#6156=LINE('',#15560,#7305);
#6157=LINE('',#15562,#7306);
#6158=LINE('',#15571,#7307);
#6159=LINE('',#15574,#7308);
#6160=LINE('',#15576,#7309);
#6161=LINE('',#15578,#7310);
#6162=LINE('',#15580,#7311);
#6163=LINE('',#15582,#7312);
#6164=LINE('',#15584,#7313);
#6165=LINE('',#15586,#7314);
#6166=LINE('',#15588,#7315);
#6167=LINE('',#15590,#7316);
#6168=LINE('',#15592,#7317);
#6169=LINE('',#15594,#7318);
#6170=LINE('',#15596,#7319);
#6171=LINE('',#15598,#7320);
#6172=LINE('',#15600,#7321);
#6173=LINE('',#15602,#7322);
#6174=LINE('',#15604,#7323);
#6175=LINE('',#15606,#7324);
#6176=LINE('',#15608,#7325);
#6177=LINE('',#15610,#7326);
#6178=LINE('',#15612,#7327);
#6179=LINE('',#15614,#7328);
#6180=LINE('',#15616,#7329);
#6181=LINE('',#15618,#7330);
#6182=LINE('',#15620,#7331);
#6183=LINE('',#15623,#7332);
#6184=LINE('',#15625,#7333);
#6185=LINE('',#15627,#7334);
#6186=LINE('',#15629,#7335);
#6187=LINE('',#15633,#7336);
#6188=LINE('',#15637,#7337);
#6189=LINE('',#15639,#7338);
#6190=LINE('',#15641,#7339);
#6191=LINE('',#15644,#7340);
#6192=LINE('',#15646,#7341);
#6193=LINE('',#15648,#7342);
#6194=LINE('',#15650,#7343);
#6195=LINE('',#15653,#7344);
#6196=LINE('',#15655,#7345);
#6197=LINE('',#15657,#7346);
#6198=LINE('',#15661,#7347);
#6199=LINE('',#15665,#7348);
#6200=LINE('',#15667,#7349);
#6201=LINE('',#15669,#7350);
#6202=LINE('',#15671,#7351);
#6203=LINE('',#15674,#7352);
#6204=LINE('',#15676,#7353);
#6205=LINE('',#15678,#7354);
#6206=LINE('',#15680,#7355);
#6207=LINE('',#15681,#7356);
#6208=LINE('',#15685,#7357);
#6209=LINE('',#15688,#7358);
#6210=LINE('',#15693,#7359);
#6211=LINE('',#15694,#7360);
#6212=LINE('',#15696,#7361);
#6213=LINE('',#15699,#7362);
#6214=LINE('',#15701,#7363);
#6215=LINE('',#15719,#7364);
#6216=LINE('',#15722,#7365);
#6217=LINE('',#15724,#7366);
#6218=LINE('',#15726,#7367);
#6219=LINE('',#15728,#7368);
#6220=LINE('',#15730,#7369);
#6221=LINE('',#15732,#7370);
#6222=LINE('',#15734,#7371);
#6223=LINE('',#15736,#7372);
#6224=LINE('',#15738,#7373);
#6225=LINE('',#15740,#7374);
#6226=LINE('',#15742,#7375);
#6227=LINE('',#15744,#7376);
#6228=LINE('',#15746,#7377);
#6229=LINE('',#15748,#7378);
#6230=LINE('',#15750,#7379);
#6231=LINE('',#15752,#7380);
#6232=LINE('',#15754,#7381);
#6233=LINE('',#15756,#7382);
#6234=LINE('',#15758,#7383);
#6235=LINE('',#15760,#7384);
#6236=LINE('',#15763,#7385);
#6237=LINE('',#15765,#7386);
#6238=LINE('',#15785,#7387);
#6239=LINE('',#15787,#7388);
#6240=LINE('',#15790,#7389);
#6241=LINE('',#15791,#7390);
#6242=LINE('',#15793,#7391);
#6243=LINE('',#15795,#7392);
#6244=LINE('',#15797,#7393);
#6245=LINE('',#15799,#7394);
#6246=LINE('',#15801,#7395);
#6247=LINE('',#15803,#7396);
#6248=LINE('',#15805,#7397);
#6249=LINE('',#15942,#7398);
#6250=LINE('',#15943,#7399);
#6251=LINE('',#15945,#7400);
#6252=LINE('',#15947,#7401);
#6253=LINE('',#15949,#7402);
#6254=LINE('',#15951,#7403);
#6255=LINE('',#15953,#7404);
#6256=LINE('',#15955,#7405);
#6257=LINE('',#15957,#7406);
#6258=LINE('',#15959,#7407);
#6259=LINE('',#15961,#7408);
#6260=LINE('',#15963,#7409);
#6261=LINE('',#15965,#7410);
#6262=LINE('',#15967,#7411);
#6263=LINE('',#15969,#7412);
#6264=LINE('',#15971,#7413);
#6265=LINE('',#15973,#7414);
#6266=LINE('',#15974,#7415);
#6267=LINE('',#15977,#7416);
#6268=LINE('',#15979,#7417);
#6269=LINE('',#15984,#7418);
#6270=LINE('',#15987,#7419);
#6271=LINE('',#15989,#7420);
#6272=LINE('',#15991,#7421);
#6273=LINE('',#15996,#7422);
#6274=LINE('',#16000,#7423);
#6275=LINE('',#16007,#7424);
#6276=LINE('',#16014,#7425);
#6277=LINE('',#16020,#7426);
#6278=LINE('',#16022,#7427);
#6279=LINE('',#16024,#7428);
#6280=LINE('',#16026,#7429);
#6281=LINE('',#16028,#7430);
#6282=LINE('',#16030,#7431);
#6283=LINE('',#16032,#7432);
#6284=LINE('',#16034,#7433);
#6285=LINE('',#16037,#7434);
#6286=LINE('',#16039,#7435);
#6287=LINE('',#16041,#7436);
#6288=LINE('',#16043,#7437);
#6289=LINE('',#16045,#7438);
#6290=LINE('',#16047,#7439);
#6291=LINE('',#16049,#7440);
#6292=LINE('',#16051,#7441);
#6293=LINE('',#16053,#7442);
#6294=LINE('',#16055,#7443);
#6295=LINE('',#16056,#7444);
#6296=LINE('',#16058,#7445);
#6297=LINE('',#16061,#7446);
#6298=LINE('',#16063,#7447);
#6299=LINE('',#16065,#7448);
#6300=LINE('',#16067,#7449);
#6301=LINE('',#16069,#7450);
#6302=LINE('',#16071,#7451);
#6303=LINE('',#16073,#7452);
#6304=LINE('',#16075,#7453);
#6305=LINE('',#16077,#7454);
#6306=LINE('',#16079,#7455);
#6307=LINE('',#16080,#7456);
#6308=LINE('',#16082,#7457);
#6309=LINE('',#16085,#7458);
#6310=LINE('',#16087,#7459);
#6311=LINE('',#16089,#7460);
#6312=LINE('',#16091,#7461);
#6313=LINE('',#16093,#7462);
#6314=LINE('',#16095,#7463);
#6315=LINE('',#16097,#7464);
#6316=LINE('',#16099,#7465);
#6317=LINE('',#16101,#7466);
#6318=LINE('',#16103,#7467);
#6319=LINE('',#16104,#7468);
#6320=LINE('',#16106,#7469);
#6321=LINE('',#16109,#7470);
#6322=LINE('',#16111,#7471);
#6323=LINE('',#16113,#7472);
#6324=LINE('',#16115,#7473);
#6325=LINE('',#16117,#7474);
#6326=LINE('',#16119,#7475);
#6327=LINE('',#16121,#7476);
#6328=LINE('',#16123,#7477);
#6329=LINE('',#16125,#7478);
#6330=LINE('',#16127,#7479);
#6331=LINE('',#16128,#7480);
#6332=LINE('',#16130,#7481);
#6333=LINE('',#16133,#7482);
#6334=LINE('',#16135,#7483);
#6335=LINE('',#16137,#7484);
#6336=LINE('',#16139,#7485);
#6337=LINE('',#16141,#7486);
#6338=LINE('',#16143,#7487);
#6339=LINE('',#16145,#7488);
#6340=LINE('',#16147,#7489);
#6341=LINE('',#16149,#7490);
#6342=LINE('',#16151,#7491);
#6343=LINE('',#16152,#7492);
#6344=LINE('',#16154,#7493);
#6345=LINE('',#16157,#7494);
#6346=LINE('',#16159,#7495);
#6347=LINE('',#16161,#7496);
#6348=LINE('',#16163,#7497);
#6349=LINE('',#16165,#7498);
#6350=LINE('',#16167,#7499);
#6351=LINE('',#16169,#7500);
#6352=LINE('',#16171,#7501);
#6353=LINE('',#16173,#7502);
#6354=LINE('',#16175,#7503);
#6355=LINE('',#16176,#7504);
#6356=LINE('',#16178,#7505);
#6357=LINE('',#16181,#7506);
#6358=LINE('',#16183,#7507);
#6359=LINE('',#16185,#7508);
#6360=LINE('',#16187,#7509);
#6361=LINE('',#16189,#7510);
#6362=LINE('',#16191,#7511);
#6363=LINE('',#16193,#7512);
#6364=LINE('',#16195,#7513);
#6365=LINE('',#16197,#7514);
#6366=LINE('',#16199,#7515);
#6367=LINE('',#16200,#7516);
#6368=LINE('',#16202,#7517);
#6369=LINE('',#16205,#7518);
#6370=LINE('',#16207,#7519);
#6371=LINE('',#16209,#7520);
#6372=LINE('',#16211,#7521);
#6373=LINE('',#16213,#7522);
#6374=LINE('',#16215,#7523);
#6375=LINE('',#16217,#7524);
#6376=LINE('',#16219,#7525);
#6377=LINE('',#16221,#7526);
#6378=LINE('',#16223,#7527);
#6379=LINE('',#16224,#7528);
#6380=LINE('',#16226,#7529);
#6381=LINE('',#16229,#7530);
#6382=LINE('',#16231,#7531);
#6383=LINE('',#16233,#7532);
#6384=LINE('',#16235,#7533);
#6385=LINE('',#16237,#7534);
#6386=LINE('',#16239,#7535);
#6387=LINE('',#16241,#7536);
#6388=LINE('',#16243,#7537);
#6389=LINE('',#16245,#7538);
#6390=LINE('',#16247,#7539);
#6391=LINE('',#16248,#7540);
#6392=LINE('',#16250,#7541);
#6393=LINE('',#16253,#7542);
#6394=LINE('',#16255,#7543);
#6395=LINE('',#16257,#7544);
#6396=LINE('',#16259,#7545);
#6397=LINE('',#16261,#7546);
#6398=LINE('',#16263,#7547);
#6399=LINE('',#16265,#7548);
#6400=LINE('',#16267,#7549);
#6401=LINE('',#16269,#7550);
#6402=LINE('',#16271,#7551);
#6403=LINE('',#16272,#7552);
#6404=LINE('',#16274,#7553);
#6405=LINE('',#16277,#7554);
#6406=LINE('',#16279,#7555);
#6407=LINE('',#16281,#7556);
#6408=LINE('',#16283,#7557);
#6409=LINE('',#16285,#7558);
#6410=LINE('',#16287,#7559);
#6411=LINE('',#16289,#7560);
#6412=LINE('',#16291,#7561);
#6413=LINE('',#16293,#7562);
#6414=LINE('',#16295,#7563);
#6415=LINE('',#16296,#7564);
#6416=LINE('',#16298,#7565);
#6417=LINE('',#16301,#7566);
#6418=LINE('',#16303,#7567);
#6419=LINE('',#16305,#7568);
#6420=LINE('',#16307,#7569);
#6421=LINE('',#16309,#7570);
#6422=LINE('',#16311,#7571);
#6423=LINE('',#16313,#7572);
#6424=LINE('',#16315,#7573);
#6425=LINE('',#16317,#7574);
#6426=LINE('',#16319,#7575);
#6427=LINE('',#16320,#7576);
#6428=LINE('',#16322,#7577);
#6429=LINE('',#16325,#7578);
#6430=LINE('',#16327,#7579);
#6431=LINE('',#16329,#7580);
#6432=LINE('',#16331,#7581);
#6433=LINE('',#16333,#7582);
#6434=LINE('',#16335,#7583);
#6435=LINE('',#16337,#7584);
#6436=LINE('',#16339,#7585);
#6437=LINE('',#16341,#7586);
#6438=LINE('',#16343,#7587);
#6439=LINE('',#16344,#7588);
#6440=LINE('',#16346,#7589);
#6441=LINE('',#16349,#7590);
#6442=LINE('',#16351,#7591);
#6443=LINE('',#16353,#7592);
#6444=LINE('',#16355,#7593);
#6445=LINE('',#16357,#7594);
#6446=LINE('',#16359,#7595);
#6447=LINE('',#16361,#7596);
#6448=LINE('',#16363,#7597);
#6449=LINE('',#16365,#7598);
#6450=LINE('',#16367,#7599);
#6451=LINE('',#16368,#7600);
#6452=LINE('',#16370,#7601);
#6453=LINE('',#16373,#7602);
#6454=LINE('',#16375,#7603);
#6455=LINE('',#16377,#7604);
#6456=LINE('',#16379,#7605);
#6457=LINE('',#16381,#7606);
#6458=LINE('',#16383,#7607);
#6459=LINE('',#16385,#7608);
#6460=LINE('',#16387,#7609);
#6461=LINE('',#16389,#7610);
#6462=LINE('',#16391,#7611);
#6463=LINE('',#16392,#7612);
#6464=LINE('',#16394,#7613);
#6465=LINE('',#16397,#7614);
#6466=LINE('',#16399,#7615);
#6467=LINE('',#16401,#7616);
#6468=LINE('',#16403,#7617);
#6469=LINE('',#16405,#7618);
#6470=LINE('',#16407,#7619);
#6471=LINE('',#16409,#7620);
#6472=LINE('',#16411,#7621);
#6473=LINE('',#16413,#7622);
#6474=LINE('',#16415,#7623);
#6475=LINE('',#16416,#7624);
#6476=LINE('',#16418,#7625);
#6477=LINE('',#16421,#7626);
#6478=LINE('',#16423,#7627);
#6479=LINE('',#16425,#7628);
#6480=LINE('',#16427,#7629);
#6481=LINE('',#16429,#7630);
#6482=LINE('',#16431,#7631);
#6483=LINE('',#16433,#7632);
#6484=LINE('',#16435,#7633);
#6485=LINE('',#16437,#7634);
#6486=LINE('',#16439,#7635);
#6487=LINE('',#16440,#7636);
#6488=LINE('',#16442,#7637);
#6489=LINE('',#16445,#7638);
#6490=LINE('',#16447,#7639);
#6491=LINE('',#16449,#7640);
#6492=LINE('',#16451,#7641);
#6493=LINE('',#16453,#7642);
#6494=LINE('',#16455,#7643);
#6495=LINE('',#16457,#7644);
#6496=LINE('',#16459,#7645);
#6497=LINE('',#16461,#7646);
#6498=LINE('',#16463,#7647);
#6499=LINE('',#16464,#7648);
#6500=LINE('',#16466,#7649);
#6501=LINE('',#16469,#7650);
#6502=LINE('',#16471,#7651);
#6503=LINE('',#16473,#7652);
#6504=LINE('',#16475,#7653);
#6505=LINE('',#16477,#7654);
#6506=LINE('',#16479,#7655);
#6507=LINE('',#16481,#7656);
#6508=LINE('',#16483,#7657);
#6509=LINE('',#16485,#7658);
#6510=LINE('',#16487,#7659);
#6511=LINE('',#16488,#7660);
#6512=LINE('',#16495,#7661);
#6513=LINE('',#16498,#7662);
#6514=LINE('',#16500,#7663);
#6515=LINE('',#16502,#7664);
#6516=LINE('',#16504,#7665);
#6517=LINE('',#16506,#7666);
#6518=LINE('',#16508,#7667);
#6519=LINE('',#16510,#7668);
#6520=LINE('',#16512,#7669);
#6521=LINE('',#16514,#7670);
#6522=LINE('',#16516,#7671);
#6523=LINE('',#16517,#7672);
#6524=LINE('',#16519,#7673);
#6525=LINE('',#16522,#7674);
#6526=LINE('',#16524,#7675);
#6527=LINE('',#16526,#7676);
#6528=LINE('',#16528,#7677);
#6529=LINE('',#16530,#7678);
#6530=LINE('',#16532,#7679);
#6531=LINE('',#16534,#7680);
#6532=LINE('',#16536,#7681);
#6533=LINE('',#16538,#7682);
#6534=LINE('',#16540,#7683);
#6535=LINE('',#16541,#7684);
#6536=LINE('',#16543,#7685);
#6537=LINE('',#16546,#7686);
#6538=LINE('',#16548,#7687);
#6539=LINE('',#16550,#7688);
#6540=LINE('',#16552,#7689);
#6541=LINE('',#16554,#7690);
#6542=LINE('',#16556,#7691);
#6543=LINE('',#16558,#7692);
#6544=LINE('',#16560,#7693);
#6545=LINE('',#16562,#7694);
#6546=LINE('',#16564,#7695);
#6547=LINE('',#16565,#7696);
#6548=LINE('',#16572,#7697);
#6549=LINE('',#16575,#7698);
#6550=LINE('',#16577,#7699);
#6551=LINE('',#16579,#7700);
#6552=LINE('',#16581,#7701);
#6553=LINE('',#16583,#7702);
#6554=LINE('',#16585,#7703);
#6555=LINE('',#16587,#7704);
#6556=LINE('',#16589,#7705);
#6557=LINE('',#16591,#7706);
#6558=LINE('',#16593,#7707);
#6559=LINE('',#16595,#7708);
#6560=LINE('',#16597,#7709);
#6561=LINE('',#16599,#7710);
#6562=LINE('',#16601,#7711);
#6563=LINE('',#16603,#7712);
#6564=LINE('',#16605,#7713);
#6565=LINE('',#16607,#7714);
#6566=LINE('',#16609,#7715);
#6567=LINE('',#16611,#7716);
#6568=LINE('',#16613,#7717);
#6569=LINE('',#16615,#7718);
#6570=LINE('',#16617,#7719);
#6571=LINE('',#16619,#7720);
#6572=LINE('',#16621,#7721);
#6573=LINE('',#16623,#7722);
#6574=LINE('',#16625,#7723);
#6575=LINE('',#16627,#7724);
#6576=LINE('',#16629,#7725);
#6577=LINE('',#16631,#7726);
#6578=LINE('',#16633,#7727);
#6579=LINE('',#16635,#7728);
#6580=LINE('',#16637,#7729);
#6581=LINE('',#16639,#7730);
#6582=LINE('',#16641,#7731);
#6583=LINE('',#16643,#7732);
#6584=LINE('',#16645,#7733);
#6585=LINE('',#16647,#7734);
#6586=LINE('',#16649,#7735);
#6587=LINE('',#16651,#7736);
#6588=LINE('',#16653,#7737);
#6589=LINE('',#16655,#7738);
#6590=LINE('',#16657,#7739);
#6591=LINE('',#16659,#7740);
#6592=LINE('',#16661,#7741);
#6593=LINE('',#16663,#7742);
#6594=LINE('',#16665,#7743);
#6595=LINE('',#16667,#7744);
#6596=LINE('',#16669,#7745);
#6597=LINE('',#16671,#7746);
#6598=LINE('',#16673,#7747);
#6599=LINE('',#16675,#7748);
#6600=LINE('',#16677,#7749);
#6601=LINE('',#16679,#7750);
#6602=LINE('',#16681,#7751);
#6603=LINE('',#16683,#7752);
#6604=LINE('',#16685,#7753);
#6605=LINE('',#16687,#7754);
#6606=LINE('',#16689,#7755);
#6607=LINE('',#16691,#7756);
#6608=LINE('',#16693,#7757);
#6609=LINE('',#16695,#7758);
#6610=LINE('',#16697,#7759);
#6611=LINE('',#16699,#7760);
#6612=LINE('',#16701,#7761);
#6613=LINE('',#16703,#7762);
#6614=LINE('',#16705,#7763);
#6615=LINE('',#16707,#7764);
#6616=LINE('',#16709,#7765);
#6617=LINE('',#16711,#7766);
#6618=LINE('',#16713,#7767);
#6619=LINE('',#16715,#7768);
#6620=LINE('',#16717,#7769);
#6621=LINE('',#16719,#7770);
#6622=LINE('',#16721,#7771);
#6623=LINE('',#16723,#7772);
#6624=LINE('',#16725,#7773);
#6625=LINE('',#16727,#7774);
#6626=LINE('',#16729,#7775);
#6627=LINE('',#16731,#7776);
#6628=LINE('',#16733,#7777);
#6629=LINE('',#16735,#7778);
#6630=LINE('',#16737,#7779);
#6631=LINE('',#16738,#7780);
#6632=LINE('',#16740,#7781);
#6633=LINE('',#16743,#7782);
#6634=LINE('',#16745,#7783);
#6635=LINE('',#16747,#7784);
#6636=LINE('',#16749,#7785);
#6637=LINE('',#16751,#7786);
#6638=LINE('',#16753,#7787);
#6639=LINE('',#16755,#7788);
#6640=LINE('',#16757,#7789);
#6641=LINE('',#16759,#7790);
#6642=LINE('',#16761,#7791);
#6643=LINE('',#16763,#7792);
#6644=LINE('',#16765,#7793);
#6645=LINE('',#16767,#7794);
#6646=LINE('',#16769,#7795);
#6647=LINE('',#16771,#7796);
#6648=LINE('',#16773,#7797);
#6649=LINE('',#16775,#7798);
#6650=LINE('',#16777,#7799);
#6651=LINE('',#16779,#7800);
#6652=LINE('',#16781,#7801);
#6653=LINE('',#16783,#7802);
#6654=LINE('',#16785,#7803);
#6655=LINE('',#16787,#7804);
#6656=LINE('',#16789,#7805);
#6657=LINE('',#16791,#7806);
#6658=LINE('',#16793,#7807);
#6659=LINE('',#16795,#7808);
#6660=LINE('',#16797,#7809);
#6661=LINE('',#16799,#7810);
#6662=LINE('',#16801,#7811);
#6663=LINE('',#16803,#7812);
#6664=LINE('',#16805,#7813);
#6665=LINE('',#16807,#7814);
#6666=LINE('',#16809,#7815);
#6667=LINE('',#16811,#7816);
#6668=LINE('',#16813,#7817);
#6669=LINE('',#16815,#7818);
#6670=LINE('',#16817,#7819);
#6671=LINE('',#16819,#7820);
#6672=LINE('',#16821,#7821);
#6673=LINE('',#16823,#7822);
#6674=LINE('',#16825,#7823);
#6675=LINE('',#16827,#7824);
#6676=LINE('',#16829,#7825);
#6677=LINE('',#16831,#7826);
#6678=LINE('',#16833,#7827);
#6679=LINE('',#16835,#7828);
#6680=LINE('',#16837,#7829);
#6681=LINE('',#16839,#7830);
#6682=LINE('',#16841,#7831);
#6683=LINE('',#16843,#7832);
#6684=LINE('',#16845,#7833);
#6685=LINE('',#16847,#7834);
#6686=LINE('',#16849,#7835);
#6687=LINE('',#16851,#7836);
#6688=LINE('',#16853,#7837);
#6689=LINE('',#16855,#7838);
#6690=LINE('',#16857,#7839);
#6691=LINE('',#16859,#7840);
#6692=LINE('',#16861,#7841);
#6693=LINE('',#16863,#7842);
#6694=LINE('',#16865,#7843);
#6695=LINE('',#16867,#7844);
#6696=LINE('',#16869,#7845);
#6697=LINE('',#16871,#7846);
#6698=LINE('',#16873,#7847);
#6699=LINE('',#16875,#7848);
#6700=LINE('',#16877,#7849);
#6701=LINE('',#16879,#7850);
#6702=LINE('',#16881,#7851);
#6703=LINE('',#16883,#7852);
#6704=LINE('',#16885,#7853);
#6705=LINE('',#16887,#7854);
#6706=LINE('',#16889,#7855);
#6707=LINE('',#16891,#7856);
#6708=LINE('',#16893,#7857);
#6709=LINE('',#16895,#7858);
#6710=LINE('',#16897,#7859);
#6711=LINE('',#16899,#7860);
#6712=LINE('',#16901,#7861);
#6713=LINE('',#16903,#7862);
#6714=LINE('',#16905,#7863);
#6715=LINE('',#16906,#7864);
#6716=LINE('',#16913,#7865);
#6717=LINE('',#16916,#7866);
#6718=LINE('',#16918,#7867);
#6719=LINE('',#16920,#7868);
#6720=LINE('',#16922,#7869);
#6721=LINE('',#16924,#7870);
#6722=LINE('',#16926,#7871);
#6723=LINE('',#16928,#7872);
#6724=LINE('',#16930,#7873);
#6725=LINE('',#16932,#7874);
#6726=LINE('',#16934,#7875);
#6727=LINE('',#16935,#7876);
#6728=LINE('',#16947,#7877);
#6729=LINE('',#16950,#7878);
#6730=LINE('',#16952,#7879);
#6731=LINE('',#16954,#7880);
#6732=LINE('',#16956,#7881);
#6733=LINE('',#16958,#7882);
#6734=LINE('',#16960,#7883);
#6735=LINE('',#16962,#7884);
#6736=LINE('',#16964,#7885);
#6737=LINE('',#16966,#7886);
#6738=LINE('',#16968,#7887);
#6739=LINE('',#16969,#7888);
#6740=LINE('',#16976,#7889);
#6741=LINE('',#16979,#7890);
#6742=LINE('',#16981,#7891);
#6743=LINE('',#16983,#7892);
#6744=LINE('',#16985,#7893);
#6745=LINE('',#16987,#7894);
#6746=LINE('',#16989,#7895);
#6747=LINE('',#16991,#7896);
#6748=LINE('',#16993,#7897);
#6749=LINE('',#16995,#7898);
#6750=LINE('',#16997,#7899);
#6751=LINE('',#16998,#7900);
#6752=LINE('',#17000,#7901);
#6753=LINE('',#17003,#7902);
#6754=LINE('',#17005,#7903);
#6755=LINE('',#17007,#7904);
#6756=LINE('',#17009,#7905);
#6757=LINE('',#17011,#7906);
#6758=LINE('',#17013,#7907);
#6759=LINE('',#17015,#7908);
#6760=LINE('',#17017,#7909);
#6761=LINE('',#17019,#7910);
#6762=LINE('',#17021,#7911);
#6763=LINE('',#17022,#7912);
#6764=LINE('',#17029,#7913);
#6765=LINE('',#17032,#7914);
#6766=LINE('',#17034,#7915);
#6767=LINE('',#17036,#7916);
#6768=LINE('',#17038,#7917);
#6769=LINE('',#17040,#7918);
#6770=LINE('',#17042,#7919);
#6771=LINE('',#17044,#7920);
#6772=LINE('',#17046,#7921);
#6773=LINE('',#17048,#7922);
#6774=LINE('',#17050,#7923);
#6775=LINE('',#17051,#7924);
#6776=LINE('',#17058,#7925);
#6777=LINE('',#17061,#7926);
#6778=LINE('',#17063,#7927);
#6779=LINE('',#17065,#7928);
#6780=LINE('',#17067,#7929);
#6781=LINE('',#17069,#7930);
#6782=LINE('',#17071,#7931);
#6783=LINE('',#17073,#7932);
#6784=LINE('',#17075,#7933);
#6785=LINE('',#17077,#7934);
#6786=LINE('',#17079,#7935);
#6787=LINE('',#17080,#7936);
#6788=LINE('',#17087,#7937);
#6789=LINE('',#17090,#7938);
#6790=LINE('',#17092,#7939);
#6791=LINE('',#17094,#7940);
#6792=LINE('',#17096,#7941);
#6793=LINE('',#17098,#7942);
#6794=LINE('',#17100,#7943);
#6795=LINE('',#17102,#7944);
#6796=LINE('',#17104,#7945);
#6797=LINE('',#17106,#7946);
#6798=LINE('',#17108,#7947);
#6799=LINE('',#17109,#7948);
#6800=LINE('',#17113,#7949);
#6801=LINE('',#17121,#7950);
#6802=LINE('',#17123,#7951);
#6803=LINE('',#17126,#7952);
#6804=LINE('',#17128,#7953);
#6805=LINE('',#17130,#7954);
#6806=LINE('',#17132,#7955);
#6807=LINE('',#17135,#7956);
#6808=LINE('',#17137,#7957);
#6809=LINE('',#17139,#7958);
#6810=LINE('',#17143,#7959);
#6811=LINE('',#17149,#7960);
#6812=LINE('',#17162,#7961);
#6813=LINE('',#17168,#7962);
#6814=LINE('',#17179,#7963);
#6815=LINE('',#17183,#7964);
#6816=LINE('',#17185,#7965);
#6817=LINE('',#17189,#7966);
#6818=LINE('',#17191,#7967);
#6819=LINE('',#17193,#7968);
#6820=LINE('',#17195,#7969);
#6821=LINE('',#17197,#7970);
#6822=LINE('',#17200,#7971);
#6823=LINE('',#17201,#7972);
#6824=LINE('',#17203,#7973);
#6825=LINE('',#17204,#7974);
#6826=LINE('',#17206,#7975);
#6827=LINE('',#17207,#7976);
#6828=LINE('',#17209,#7977);
#6829=LINE('',#17212,#7978);
#6830=LINE('',#17213,#7979);
#6831=LINE('',#17215,#7980);
#6832=LINE('',#17219,#7981);
#6833=LINE('',#17223,#7982);
#6834=LINE('',#17225,#7983);
#6835=LINE('',#17227,#7984);
#6836=LINE('',#17229,#7985);
#6837=LINE('',#17231,#7986);
#6838=LINE('',#17233,#7987);
#6839=LINE('',#17234,#7988);
#6840=LINE('',#17236,#7989);
#6841=LINE('',#17237,#7990);
#6842=VECTOR('',#11431,1.);
#6843=VECTOR('',#11432,1.);
#6844=VECTOR('',#11433,1.);
#6845=VECTOR('',#11434,1.);
#6846=VECTOR('',#11437,1.);
#6847=VECTOR('',#11438,1.);
#6848=VECTOR('',#11439,1.);
#6849=VECTOR('',#11440,1.);
#6850=VECTOR('',#11441,1.);
#6851=VECTOR('',#11442,1.);
#6852=VECTOR('',#11443,1.);
#6853=VECTOR('',#11444,1.);
#6854=VECTOR('',#11445,1.);
#6855=VECTOR('',#11446,1.);
#6856=VECTOR('',#11447,1.);
#6857=VECTOR('',#11448,1.);
#6858=VECTOR('',#11449,1.);
#6859=VECTOR('',#11450,1.);
#6860=VECTOR('',#11451,1.);
#6861=VECTOR('',#11452,1.);
#6862=VECTOR('',#11453,1.);
#6863=VECTOR('',#11454,1.);
#6864=VECTOR('',#11455,1.);
#6865=VECTOR('',#11456,1.);
#6866=VECTOR('',#11457,1.);
#6867=VECTOR('',#11458,1.);
#6868=VECTOR('',#11459,1.);
#6869=VECTOR('',#11460,1.);
#6870=VECTOR('',#11461,1.);
#6871=VECTOR('',#11462,1.);
#6872=VECTOR('',#11463,1.);
#6873=VECTOR('',#11464,1.);
#6874=VECTOR('',#11465,1.);
#6875=VECTOR('',#11466,1.);
#6876=VECTOR('',#11467,1.);
#6877=VECTOR('',#11468,1.);
#6878=VECTOR('',#11469,1.);
#6879=VECTOR('',#11470,1.);
#6880=VECTOR('',#11471,1.);
#6881=VECTOR('',#11472,1.);
#6882=VECTOR('',#11473,1.);
#6883=VECTOR('',#11474,1.);
#6884=VECTOR('',#11475,1.);
#6885=VECTOR('',#11476,1.);
#6886=VECTOR('',#11477,1.);
#6887=VECTOR('',#11478,1.);
#6888=VECTOR('',#11479,1.);
#6889=VECTOR('',#11480,1.);
#6890=VECTOR('',#11481,1.);
#6891=VECTOR('',#11482,1.);
#6892=VECTOR('',#11483,1.);
#6893=VECTOR('',#11484,1.);
#6894=VECTOR('',#11489,1.);
#6895=VECTOR('',#11490,1.);
#6896=VECTOR('',#11491,1.);
#6897=VECTOR('',#11492,1.);
#6898=VECTOR('',#11495,1.);
#6899=VECTOR('',#11496,1.);
#6900=VECTOR('',#11497,1.);
#6901=VECTOR('',#11498,1.);
#6902=VECTOR('',#11499,1.);
#6903=VECTOR('',#11500,1.);
#6904=VECTOR('',#11501,1.);
#6905=VECTOR('',#11502,1.);
#6906=VECTOR('',#11505,1.);
#6907=VECTOR('',#11506,1.);
#6908=VECTOR('',#11507,1.);
#6909=VECTOR('',#11508,1.);
#6910=VECTOR('',#11509,1.);
#6911=VECTOR('',#11510,1.);
#6912=VECTOR('',#11513,1.);
#6913=VECTOR('',#11514,1.);
#6914=VECTOR('',#11515,1.);
#6915=VECTOR('',#11518,1.);
#6916=VECTOR('',#11521,1.);
#6917=VECTOR('',#11524,1.);
#6918=VECTOR('',#11525,1.);
#6919=VECTOR('',#11526,1.);
#6920=VECTOR('',#11527,1.);
#6921=VECTOR('',#11528,1.);
#6922=VECTOR('',#11529,1.);
#6923=VECTOR('',#11530,1.);
#6924=VECTOR('',#11531,1.);
#6925=VECTOR('',#11532,1.);
#6926=VECTOR('',#11533,1.);
#6927=VECTOR('',#11534,1.);
#6928=VECTOR('',#11537,1.);
#6929=VECTOR('',#11538,1.);
#6930=VECTOR('',#11539,1.);
#6931=VECTOR('',#11540,1.);
#6932=VECTOR('',#11543,1.);
#6933=VECTOR('',#11544,1.);
#6934=VECTOR('',#11545,1.);
#6935=VECTOR('',#11548,1.);
#6936=VECTOR('',#11551,1.);
#6937=VECTOR('',#11558,1.);
#6938=VECTOR('',#11561,1.);
#6939=VECTOR('',#11566,1.);
#6940=VECTOR('',#11569,1.);
#6941=VECTOR('',#11572,1.);
#6942=VECTOR('',#11573,1.);
#6943=VECTOR('',#11574,1.);
#6944=VECTOR('',#11577,1.);
#6945=VECTOR('',#11580,1.);
#6946=VECTOR('',#11581,1.);
#6947=VECTOR('',#11584,1.);
#6948=VECTOR('',#11587,1.);
#6949=VECTOR('',#11590,1.);
#6950=VECTOR('',#11591,1.);
#6951=VECTOR('',#11592,1.);
#6952=VECTOR('',#11595,1.);
#6953=VECTOR('',#11596,1.);
#6954=VECTOR('',#11597,1.);
#6955=VECTOR('',#11598,1.);
#6956=VECTOR('',#11601,1.);
#6957=VECTOR('',#11602,1.);
#6958=VECTOR('',#11603,1.);
#6959=VECTOR('',#11604,1.);
#6960=VECTOR('',#11607,1.);
#6961=VECTOR('',#11608,1.);
#6962=VECTOR('',#11609,1.);
#6963=VECTOR('',#11610,1.);
#6964=VECTOR('',#11611,1.);
#6965=VECTOR('',#11612,1.);
#6966=VECTOR('',#11615,1.);
#6967=VECTOR('',#11616,1.);
#6968=VECTOR('',#11617,1.);
#6969=VECTOR('',#11618,1.);
#6970=VECTOR('',#11621,1.);
#6971=VECTOR('',#11622,1.);
#6972=VECTOR('',#11623,1.);
#6973=VECTOR('',#11624,1.);
#6974=VECTOR('',#11625,1.);
#6975=VECTOR('',#11628,1.);
#6976=VECTOR('',#11631,1.);
#6977=VECTOR('',#11634,1.);
#6978=VECTOR('',#11639,1.);
#6979=VECTOR('',#11640,1.);
#6980=VECTOR('',#11643,1.);
#6981=VECTOR('',#11646,1.);
#6982=VECTOR('',#11649,1.);
#6983=VECTOR('',#11652,1.);
#6984=VECTOR('',#11655,1.);
#6985=VECTOR('',#11658,1.);
#6986=VECTOR('',#11659,1.);
#6987=VECTOR('',#11660,1.);
#6988=VECTOR('',#11661,1.);
#6989=VECTOR('',#11662,1.);
#6990=VECTOR('',#11663,1.);
#6991=VECTOR('',#11664,1.);
#6992=VECTOR('',#11665,1.);
#6993=VECTOR('',#11666,1.);
#6994=VECTOR('',#11667,1.);
#6995=VECTOR('',#11668,1.);
#6996=VECTOR('',#11669,1.);
#6997=VECTOR('',#11670,1.);
#6998=VECTOR('',#11671,1.);
#6999=VECTOR('',#11672,1.);
#7000=VECTOR('',#11673,1.);
#7001=VECTOR('',#11674,1.);
#7002=VECTOR('',#11675,1.);
#7003=VECTOR('',#11676,1.);
#7004=VECTOR('',#11677,1.);
#7005=VECTOR('',#11678,1.);
#7006=VECTOR('',#11679,1.);
#7007=VECTOR('',#11680,1.);
#7008=VECTOR('',#11681,1.);
#7009=VECTOR('',#11682,1.);
#7010=VECTOR('',#11683,1.);
#7011=VECTOR('',#11684,1.);
#7012=VECTOR('',#11685,1.);
#7013=VECTOR('',#11686,1.);
#7014=VECTOR('',#11687,1.);
#7015=VECTOR('',#11688,1.);
#7016=VECTOR('',#11689,1.);
#7017=VECTOR('',#11690,1.);
#7018=VECTOR('',#11691,1.);
#7019=VECTOR('',#11692,1.);
#7020=VECTOR('',#11693,1.);
#7021=VECTOR('',#11694,1.);
#7022=VECTOR('',#11695,1.);
#7023=VECTOR('',#11696,1.);
#7024=VECTOR('',#11697,1.);
#7025=VECTOR('',#11698,1.);
#7026=VECTOR('',#11699,1.);
#7027=VECTOR('',#11700,1.);
#7028=VECTOR('',#11701,1.);
#7029=VECTOR('',#11702,1.);
#7030=VECTOR('',#11703,1.);
#7031=VECTOR('',#11704,1.);
#7032=VECTOR('',#11705,1.);
#7033=VECTOR('',#11706,1.);
#7034=VECTOR('',#11707,1.);
#7035=VECTOR('',#11708,1.);
#7036=VECTOR('',#11709,1.);
#7037=VECTOR('',#11710,1.);
#7038=VECTOR('',#11715,1.);
#7039=VECTOR('',#11716,1.);
#7040=VECTOR('',#11717,1.);
#7041=VECTOR('',#11718,1.);
#7042=VECTOR('',#11721,1.);
#7043=VECTOR('',#11722,1.);
#7044=VECTOR('',#11723,1.);
#7045=VECTOR('',#11724,1.);
#7046=VECTOR('',#11725,1.);
#7047=VECTOR('',#11726,1.);
#7048=VECTOR('',#11727,1.);
#7049=VECTOR('',#11728,1.);
#7050=VECTOR('',#11731,1.);
#7051=VECTOR('',#11732,1.);
#7052=VECTOR('',#11733,1.);
#7053=VECTOR('',#11734,1.);
#7054=VECTOR('',#11737,1.);
#7055=VECTOR('',#11738,1.);
#7056=VECTOR('',#11739,1.);
#7057=VECTOR('',#11742,1.);
#7058=VECTOR('',#11743,1.);
#7059=VECTOR('',#11744,1.);
#7060=VECTOR('',#11747,1.);
#7061=VECTOR('',#11748,1.);
#7062=VECTOR('',#11749,1.);
#7063=VECTOR('',#11750,1.);
#7064=VECTOR('',#11753,1.);
#7065=VECTOR('',#11756,1.);
#7066=VECTOR('',#11759,1.);
#7067=VECTOR('',#11760,1.);
#7068=VECTOR('',#11763,1.);
#7069=VECTOR('',#11766,1.);
#7070=VECTOR('',#11769,1.);
#7071=VECTOR('',#11770,1.);
#7072=VECTOR('',#11773,1.);
#7073=VECTOR('',#11776,1.);
#7074=VECTOR('',#11779,1.);
#7075=VECTOR('',#11780,1.);
#7076=VECTOR('',#11783,1.);
#7077=VECTOR('',#11786,1.);
#7078=VECTOR('',#11789,1.);
#7079=VECTOR('',#11790,1.);
#7080=VECTOR('',#11793,1.);
#7081=VECTOR('',#11796,1.);
#7082=VECTOR('',#11799,1.);
#7083=VECTOR('',#11800,1.);
#7084=VECTOR('',#11803,1.);
#7085=VECTOR('',#11806,1.);
#7086=VECTOR('',#11809,1.);
#7087=VECTOR('',#11810,1.);
#7088=VECTOR('',#11813,1.);
#7089=VECTOR('',#11816,1.);
#7090=VECTOR('',#11817,1.);
#7091=VECTOR('',#11820,1.);
#7092=VECTOR('',#11823,1.);
#7093=VECTOR('',#11826,1.);
#7094=VECTOR('',#11827,1.);
#7095=VECTOR('',#11830,1.);
#7096=VECTOR('',#11833,1.);
#7097=VECTOR('',#11836,1.);
#7098=VECTOR('',#11837,1.);
#7099=VECTOR('',#11840,1.);
#7100=VECTOR('',#11843,1.);
#7101=VECTOR('',#11846,1.);
#7102=VECTOR('',#11847,1.);
#7103=VECTOR('',#11850,1.);
#7104=VECTOR('',#11853,1.);
#7105=VECTOR('',#11854,1.);
#7106=VECTOR('',#11857,1.);
#7107=VECTOR('',#11860,1.);
#7108=VECTOR('',#11863,1.);
#7109=VECTOR('',#11864,1.);
#7110=VECTOR('',#11867,1.);
#7111=VECTOR('',#11870,1.);
#7112=VECTOR('',#11873,1.);
#7113=VECTOR('',#11874,1.);
#7114=VECTOR('',#11877,1.);
#7115=VECTOR('',#11880,1.);
#7116=VECTOR('',#11883,1.);
#7117=VECTOR('',#11884,1.);
#7118=VECTOR('',#11887,1.);
#7119=VECTOR('',#11890,1.);
#7120=VECTOR('',#11893,1.);
#7121=VECTOR('',#11894,1.);
#7122=VECTOR('',#11897,1.);
#7123=VECTOR('',#11900,1.);
#7124=VECTOR('',#11903,1.);
#7125=VECTOR('',#11904,1.);
#7126=VECTOR('',#11907,1.);
#7127=VECTOR('',#11910,1.);
#7128=VECTOR('',#11913,1.);
#7129=VECTOR('',#11914,1.);
#7130=VECTOR('',#11917,1.);
#7131=VECTOR('',#11920,1.);
#7132=VECTOR('',#11923,1.);
#7133=VECTOR('',#11924,1.);
#7134=VECTOR('',#11927,1.);
#7135=VECTOR('',#11930,1.);
#7136=VECTOR('',#11933,1.);
#7137=VECTOR('',#11934,1.);
#7138=VECTOR('',#11937,1.);
#7139=VECTOR('',#11940,1.);
#7140=VECTOR('',#11955,1.);
#7141=VECTOR('',#11964,1.);
#7142=VECTOR('',#11993,1.);
#7143=VECTOR('',#11994,1.);
#7144=VECTOR('',#11995,1.);
#7145=VECTOR('',#11998,1.);
#7146=VECTOR('',#11999,1.);
#7147=VECTOR('',#12000,1.);
#7148=VECTOR('',#12003,1.);
#7149=VECTOR('',#12004,1.);
#7150=VECTOR('',#12005,1.);
#7151=VECTOR('',#12008,1.);
#7152=VECTOR('',#12009,1.);
#7153=VECTOR('',#12010,1.);
#7154=VECTOR('',#12013,1.);
#7155=VECTOR('',#12014,1.);
#7156=VECTOR('',#12015,1.);
#7157=VECTOR('',#12018,1.);
#7158=VECTOR('',#12019,1.);
#7159=VECTOR('',#12020,1.);
#7160=VECTOR('',#12023,1.);
#7161=VECTOR('',#12024,1.);
#7162=VECTOR('',#12025,1.);
#7163=VECTOR('',#12028,1.);
#7164=VECTOR('',#12029,1.);
#7165=VECTOR('',#12034,1.);
#7166=VECTOR('',#12035,1.);
#7167=VECTOR('',#12036,1.);
#7168=VECTOR('',#12039,1.);
#7169=VECTOR('',#12040,1.);
#7170=VECTOR('',#12041,1.);
#7171=VECTOR('',#12044,1.);
#7172=VECTOR('',#12045,1.);
#7173=VECTOR('',#12046,1.);
#7174=VECTOR('',#12049,1.);
#7175=VECTOR('',#12050,1.);
#7176=VECTOR('',#12051,1.);
#7177=VECTOR('',#12122,1.);
#7178=VECTOR('',#12131,1.);
#7179=VECTOR('',#12150,1.);
#7180=VECTOR('',#12153,1.);
#7181=VECTOR('',#12186,1.);
#7182=VECTOR('',#12187,1.);
#7183=VECTOR('',#12188,1.);
#7184=VECTOR('',#12189,1.);
#7185=VECTOR('',#12196,1.);
#7186=VECTOR('',#12197,1.);
#7187=VECTOR('',#12200,1.);
#7188=VECTOR('',#12203,1.);
#7189=VECTOR('',#12206,1.);
#7190=VECTOR('',#12207,1.);
#7191=VECTOR('',#12208,1.);
#7192=VECTOR('',#12213,1.);
#7193=VECTOR('',#12214,1.);
#7194=VECTOR('',#12283,1.);
#7195=VECTOR('',#12284,1.);
#7196=VECTOR('',#12287,1.);
#7197=VECTOR('',#12288,1.);
#7198=VECTOR('',#12293,1.);
#7199=VECTOR('',#12296,1.);
#7200=VECTOR('',#12299,1.);
#7201=VECTOR('',#12300,1.);
#7202=VECTOR('',#12307,1.);
#7203=VECTOR('',#12308,1.);
#7204=VECTOR('',#12311,1.);
#7205=VECTOR('',#12312,1.);
#7206=VECTOR('',#12319,1.);
#7207=VECTOR('',#12324,1.);
#7208=VECTOR('',#12325,1.);
#7209=VECTOR('',#12328,1.);
#7210=VECTOR('',#12329,1.);
#7211=VECTOR('',#12332,1.);
#7212=VECTOR('',#12333,1.);
#7213=VECTOR('',#12476,1.);
#7214=VECTOR('',#12479,1.);
#7215=VECTOR('',#12482,1.);
#7216=VECTOR('',#12483,1.);
#7217=VECTOR('',#12484,1.);
#7218=VECTOR('',#12485,1.);
#7219=VECTOR('',#12490,1.);
#7220=VECTOR('',#12493,1.);
#7221=VECTOR('',#12496,1.);
#7222=VECTOR('',#12497,1.);
#7223=VECTOR('',#12502,1.);
#7224=VECTOR('',#12533,1.);
#7225=VECTOR('',#12546,1.);
#7226=VECTOR('',#12547,1.);
#7227=VECTOR('',#12548,1.);
#7228=VECTOR('',#12549,1.);
#7229=VECTOR('',#12550,1.);
#7230=VECTOR('',#12551,1.);
#7231=VECTOR('',#12556,1.);
#7232=VECTOR('',#12557,1.);
#7233=VECTOR('',#12560,1.);
#7234=VECTOR('',#12565,1.);
#7235=VECTOR('',#12566,1.);
#7236=VECTOR('',#12569,1.);
#7237=VECTOR('',#12576,1.);
#7238=VECTOR('',#12583,1.);
#7239=VECTOR('',#12586,1.);
#7240=VECTOR('',#12589,1.);
#7241=VECTOR('',#12592,1.);
#7242=VECTOR('',#12595,1.);
#7243=VECTOR('',#12598,1.);
#7244=VECTOR('',#12599,1.);
#7245=VECTOR('',#12600,1.);
#7246=VECTOR('',#12601,1.);
#7247=VECTOR('',#12602,1.);
#7248=VECTOR('',#12603,1.);
#7249=VECTOR('',#12604,1.);
#7250=VECTOR('',#12605,1.);
#7251=VECTOR('',#12606,1.);
#7252=VECTOR('',#12607,1.);
#7253=VECTOR('',#12608,1.);
#7254=VECTOR('',#12609,1.);
#7255=VECTOR('',#12610,1.);
#7256=VECTOR('',#12611,1.);
#7257=VECTOR('',#12612,1.);
#7258=VECTOR('',#12613,1.);
#7259=VECTOR('',#12614,1.);
#7260=VECTOR('',#12615,1.);
#7261=VECTOR('',#12616,1.);
#7262=VECTOR('',#12617,1.);
#7263=VECTOR('',#12618,1.);
#7264=VECTOR('',#12621,1.);
#7265=VECTOR('',#12624,1.);
#7266=VECTOR('',#12627,1.);
#7267=VECTOR('',#12628,1.);
#7268=VECTOR('',#12629,1.);
#7269=VECTOR('',#12630,1.);
#7270=VECTOR('',#12631,1.);
#7271=VECTOR('',#12632,1.);
#7272=VECTOR('',#12633,1.);
#7273=VECTOR('',#12634,1.);
#7274=VECTOR('',#12635,1.);
#7275=VECTOR('',#12636,1.);
#7276=VECTOR('',#12637,1.);
#7277=VECTOR('',#12638,1.);
#7278=VECTOR('',#12639,1.);
#7279=VECTOR('',#12640,1.);
#7280=VECTOR('',#12641,1.);
#7281=VECTOR('',#12642,1.);
#7282=VECTOR('',#12643,1.);
#7283=VECTOR('',#12644,1.);
#7284=VECTOR('',#12645,1.);
#7285=VECTOR('',#12646,1.);
#7286=VECTOR('',#12647,1.);
#7287=VECTOR('',#12650,1.);
#7288=VECTOR('',#12651,1.);
#7289=VECTOR('',#12654,1.);
#7290=VECTOR('',#12657,1.);
#7291=VECTOR('',#12660,1.);
#7292=VECTOR('',#12663,1.);
#7293=VECTOR('',#12666,1.);
#7294=VECTOR('',#12669,1.);
#7295=VECTOR('',#12672,1.);
#7296=VECTOR('',#12675,1.);
#7297=VECTOR('',#12678,1.);
#7298=VECTOR('',#12681,1.);
#7299=VECTOR('',#12684,1.);
#7300=VECTOR('',#12687,1.);
#7301=VECTOR('',#12690,1.);
#7302=VECTOR('',#12693,1.);
#7303=VECTOR('',#12696,1.);
#7304=VECTOR('',#12697,1.);
#7305=VECTOR('',#12702,1.);
#7306=VECTOR('',#12705,1.);
#7307=VECTOR('',#12718,1.);
#7308=VECTOR('',#12719,1.);
#7309=VECTOR('',#12720,1.);
#7310=VECTOR('',#12721,1.);
#7311=VECTOR('',#12722,1.);
#7312=VECTOR('',#12723,1.);
#7313=VECTOR('',#12724,1.);
#7314=VECTOR('',#12725,1.);
#7315=VECTOR('',#12726,1.);
#7316=VECTOR('',#12727,1.);
#7317=VECTOR('',#12728,1.);
#7318=VECTOR('',#12729,1.);
#7319=VECTOR('',#12730,1.);
#7320=VECTOR('',#12731,1.);
#7321=VECTOR('',#12732,1.);
#7322=VECTOR('',#12733,1.);
#7323=VECTOR('',#12734,1.);
#7324=VECTOR('',#12735,1.);
#7325=VECTOR('',#12736,1.);
#7326=VECTOR('',#12737,1.);
#7327=VECTOR('',#12738,1.);
#7328=VECTOR('',#12739,1.);
#7329=VECTOR('',#12740,1.);
#7330=VECTOR('',#12741,1.);
#7331=VECTOR('',#12744,1.);
#7332=VECTOR('',#12745,1.);
#7333=VECTOR('',#12746,1.);
#7334=VECTOR('',#12747,1.);
#7335=VECTOR('',#12748,1.);
#7336=VECTOR('',#12751,1.);
#7337=VECTOR('',#12754,1.);
#7338=VECTOR('',#12755,1.);
#7339=VECTOR('',#12758,1.);
#7340=VECTOR('',#12759,1.);
#7341=VECTOR('',#12760,1.);
#7342=VECTOR('',#12761,1.);
#7343=VECTOR('',#12764,1.);
#7344=VECTOR('',#12765,1.);
#7345=VECTOR('',#12766,1.);
#7346=VECTOR('',#12767,1.);
#7347=VECTOR('',#12770,1.);
#7348=VECTOR('',#12773,1.);
#7349=VECTOR('',#12774,1.);
#7350=VECTOR('',#12775,1.);
#7351=VECTOR('',#12778,1.);
#7352=VECTOR('',#12779,1.);
#7353=VECTOR('',#12780,1.);
#7354=VECTOR('',#12781,1.);
#7355=VECTOR('',#12784,1.);
#7356=VECTOR('',#12785,1.);
#7357=VECTOR('',#12790,1.);
#7358=VECTOR('',#12793,1.);
#7359=VECTOR('',#12798,1.);
#7360=VECTOR('',#12799,1.);
#7361=VECTOR('',#12802,1.);
#7362=VECTOR('',#12803,1.);
#7363=VECTOR('',#12804,1.);
#7364=VECTOR('',#12823,1.);
#7365=VECTOR('',#12824,1.);
#7366=VECTOR('',#12825,1.);
#7367=VECTOR('',#12826,1.);
#7368=VECTOR('',#12827,1.);
#7369=VECTOR('',#12828,1.);
#7370=VECTOR('',#12829,1.);
#7371=VECTOR('',#12830,1.);
#7372=VECTOR('',#12831,1.);
#7373=VECTOR('',#12832,1.);
#7374=VECTOR('',#12833,1.);
#7375=VECTOR('',#12834,1.);
#7376=VECTOR('',#12835,1.);
#7377=VECTOR('',#12836,1.);
#7378=VECTOR('',#12837,1.);
#7379=VECTOR('',#12838,1.);
#7380=VECTOR('',#12839,1.);
#7381=VECTOR('',#12840,1.);
#7382=VECTOR('',#12841,1.);
#7383=VECTOR('',#12842,1.);
#7384=VECTOR('',#12845,1.);
#7385=VECTOR('',#12846,1.);
#7386=VECTOR('',#12847,1.);
#7387=VECTOR('',#12882,1.);
#7388=VECTOR('',#12885,1.);
#7389=VECTOR('',#12886,1.);
#7390=VECTOR('',#12887,1.);
#7391=VECTOR('',#12890,1.);
#7392=VECTOR('',#12891,1.);
#7393=VECTOR('',#12892,1.);
#7394=VECTOR('',#12895,1.);
#7395=VECTOR('',#12896,1.);
#7396=VECTOR('',#12899,1.);
#7397=VECTOR('',#12900,1.);
#7398=VECTOR('',#13105,1.);
#7399=VECTOR('',#13106,1.);
#7400=VECTOR('',#13109,1.);
#7401=VECTOR('',#13112,1.);
#7402=VECTOR('',#13115,1.);
#7403=VECTOR('',#13118,1.);
#7404=VECTOR('',#13121,1.);
#7405=VECTOR('',#13124,1.);
#7406=VECTOR('',#13127,1.);
#7407=VECTOR('',#13130,1.);
#7408=VECTOR('',#13133,1.);
#7409=VECTOR('',#13136,1.);
#7410=VECTOR('',#13139,1.);
#7411=VECTOR('',#13142,1.);
#7412=VECTOR('',#13145,1.);
#7413=VECTOR('',#13148,1.);
#7414=VECTOR('',#13151,1.);
#7415=VECTOR('',#13152,1.);
#7416=VECTOR('',#13157,1.);
#7417=VECTOR('',#13160,1.);
#7418=VECTOR('',#13169,1.);
#7419=VECTOR('',#13170,1.);
#7420=VECTOR('',#13171,1.);
#7421=VECTOR('',#13172,1.);
#7422=VECTOR('',#13177,1.);
#7423=VECTOR('',#13180,1.);
#7424=VECTOR('',#13181,1.);
#7425=VECTOR('',#13182,1.);
#7426=VECTOR('',#13189,1.);
#7427=VECTOR('',#13192,1.);
#7428=VECTOR('',#13193,1.);
#7429=VECTOR('',#13194,1.);
#7430=VECTOR('',#13197,1.);
#7431=VECTOR('',#13198,1.);
#7432=VECTOR('',#13199,1.);
#7433=VECTOR('',#13202,1.);
#7434=VECTOR('',#13203,1.);
#7435=VECTOR('',#13204,1.);
#7436=VECTOR('',#13205,1.);
#7437=VECTOR('',#13208,1.);
#7438=VECTOR('',#13209,1.);
#7439=VECTOR('',#13210,1.);
#7440=VECTOR('',#13213,1.);
#7441=VECTOR('',#13214,1.);
#7442=VECTOR('',#13215,1.);
#7443=VECTOR('',#13218,1.);
#7444=VECTOR('',#13219,1.);
#7445=VECTOR('',#13222,1.);
#7446=VECTOR('',#13223,1.);
#7447=VECTOR('',#13224,1.);
#7448=VECTOR('',#13225,1.);
#7449=VECTOR('',#13228,1.);
#7450=VECTOR('',#13229,1.);
#7451=VECTOR('',#13230,1.);
#7452=VECTOR('',#13233,1.);
#7453=VECTOR('',#13234,1.);
#7454=VECTOR('',#13235,1.);
#7455=VECTOR('',#13238,1.);
#7456=VECTOR('',#13239,1.);
#7457=VECTOR('',#13242,1.);
#7458=VECTOR('',#13243,1.);
#7459=VECTOR('',#13244,1.);
#7460=VECTOR('',#13245,1.);
#7461=VECTOR('',#13248,1.);
#7462=VECTOR('',#13249,1.);
#7463=VECTOR('',#13250,1.);
#7464=VECTOR('',#13253,1.);
#7465=VECTOR('',#13254,1.);
#7466=VECTOR('',#13255,1.);
#7467=VECTOR('',#13258,1.);
#7468=VECTOR('',#13259,1.);
#7469=VECTOR('',#13262,1.);
#7470=VECTOR('',#13263,1.);
#7471=VECTOR('',#13264,1.);
#7472=VECTOR('',#13265,1.);
#7473=VECTOR('',#13268,1.);
#7474=VECTOR('',#13269,1.);
#7475=VECTOR('',#13270,1.);
#7476=VECTOR('',#13273,1.);
#7477=VECTOR('',#13274,1.);
#7478=VECTOR('',#13275,1.);
#7479=VECTOR('',#13278,1.);
#7480=VECTOR('',#13279,1.);
#7481=VECTOR('',#13282,1.);
#7482=VECTOR('',#13283,1.);
#7483=VECTOR('',#13284,1.);
#7484=VECTOR('',#13285,1.);
#7485=VECTOR('',#13288,1.);
#7486=VECTOR('',#13289,1.);
#7487=VECTOR('',#13290,1.);
#7488=VECTOR('',#13293,1.);
#7489=VECTOR('',#13294,1.);
#7490=VECTOR('',#13295,1.);
#7491=VECTOR('',#13298,1.);
#7492=VECTOR('',#13299,1.);
#7493=VECTOR('',#13302,1.);
#7494=VECTOR('',#13303,1.);
#7495=VECTOR('',#13304,1.);
#7496=VECTOR('',#13305,1.);
#7497=VECTOR('',#13308,1.);
#7498=VECTOR('',#13309,1.);
#7499=VECTOR('',#13310,1.);
#7500=VECTOR('',#13313,1.);
#7501=VECTOR('',#13314,1.);
#7502=VECTOR('',#13315,1.);
#7503=VECTOR('',#13318,1.);
#7504=VECTOR('',#13319,1.);
#7505=VECTOR('',#13322,1.);
#7506=VECTOR('',#13323,1.);
#7507=VECTOR('',#13324,1.);
#7508=VECTOR('',#13325,1.);
#7509=VECTOR('',#13328,1.);
#7510=VECTOR('',#13329,1.);
#7511=VECTOR('',#13330,1.);
#7512=VECTOR('',#13333,1.);
#7513=VECTOR('',#13334,1.);
#7514=VECTOR('',#13335,1.);
#7515=VECTOR('',#13338,1.);
#7516=VECTOR('',#13339,1.);
#7517=VECTOR('',#13342,1.);
#7518=VECTOR('',#13343,1.);
#7519=VECTOR('',#13344,1.);
#7520=VECTOR('',#13345,1.);
#7521=VECTOR('',#13348,1.);
#7522=VECTOR('',#13349,1.);
#7523=VECTOR('',#13350,1.);
#7524=VECTOR('',#13353,1.);
#7525=VECTOR('',#13354,1.);
#7526=VECTOR('',#13355,1.);
#7527=VECTOR('',#13358,1.);
#7528=VECTOR('',#13359,1.);
#7529=VECTOR('',#13362,1.);
#7530=VECTOR('',#13363,1.);
#7531=VECTOR('',#13364,1.);
#7532=VECTOR('',#13365,1.);
#7533=VECTOR('',#13368,1.);
#7534=VECTOR('',#13369,1.);
#7535=VECTOR('',#13370,1.);
#7536=VECTOR('',#13373,1.);
#7537=VECTOR('',#13374,1.);
#7538=VECTOR('',#13375,1.);
#7539=VECTOR('',#13378,1.);
#7540=VECTOR('',#13379,1.);
#7541=VECTOR('',#13382,1.);
#7542=VECTOR('',#13383,1.);
#7543=VECTOR('',#13384,1.);
#7544=VECTOR('',#13385,1.);
#7545=VECTOR('',#13388,1.);
#7546=VECTOR('',#13389,1.);
#7547=VECTOR('',#13390,1.);
#7548=VECTOR('',#13393,1.);
#7549=VECTOR('',#13394,1.);
#7550=VECTOR('',#13395,1.);
#7551=VECTOR('',#13398,1.);
#7552=VECTOR('',#13399,1.);
#7553=VECTOR('',#13402,1.);
#7554=VECTOR('',#13403,1.);
#7555=VECTOR('',#13404,1.);
#7556=VECTOR('',#13405,1.);
#7557=VECTOR('',#13408,1.);
#7558=VECTOR('',#13409,1.);
#7559=VECTOR('',#13410,1.);
#7560=VECTOR('',#13413,1.);
#7561=VECTOR('',#13414,1.);
#7562=VECTOR('',#13415,1.);
#7563=VECTOR('',#13418,1.);
#7564=VECTOR('',#13419,1.);
#7565=VECTOR('',#13422,1.);
#7566=VECTOR('',#13423,1.);
#7567=VECTOR('',#13424,1.);
#7568=VECTOR('',#13425,1.);
#7569=VECTOR('',#13428,1.);
#7570=VECTOR('',#13429,1.);
#7571=VECTOR('',#13430,1.);
#7572=VECTOR('',#13433,1.);
#7573=VECTOR('',#13434,1.);
#7574=VECTOR('',#13435,1.);
#7575=VECTOR('',#13438,1.);
#7576=VECTOR('',#13439,1.);
#7577=VECTOR('',#13442,1.);
#7578=VECTOR('',#13443,1.);
#7579=VECTOR('',#13444,1.);
#7580=VECTOR('',#13445,1.);
#7581=VECTOR('',#13448,1.);
#7582=VECTOR('',#13449,1.);
#7583=VECTOR('',#13450,1.);
#7584=VECTOR('',#13453,1.);
#7585=VECTOR('',#13454,1.);
#7586=VECTOR('',#13455,1.);
#7587=VECTOR('',#13458,1.);
#7588=VECTOR('',#13459,1.);
#7589=VECTOR('',#13462,1.);
#7590=VECTOR('',#13463,1.);
#7591=VECTOR('',#13464,1.);
#7592=VECTOR('',#13465,1.);
#7593=VECTOR('',#13468,1.);
#7594=VECTOR('',#13469,1.);
#7595=VECTOR('',#13470,1.);
#7596=VECTOR('',#13473,1.);
#7597=VECTOR('',#13474,1.);
#7598=VECTOR('',#13475,1.);
#7599=VECTOR('',#13478,1.);
#7600=VECTOR('',#13479,1.);
#7601=VECTOR('',#13482,1.);
#7602=VECTOR('',#13483,1.);
#7603=VECTOR('',#13484,1.);
#7604=VECTOR('',#13485,1.);
#7605=VECTOR('',#13488,1.);
#7606=VECTOR('',#13489,1.);
#7607=VECTOR('',#13490,1.);
#7608=VECTOR('',#13493,1.);
#7609=VECTOR('',#13494,1.);
#7610=VECTOR('',#13495,1.);
#7611=VECTOR('',#13498,1.);
#7612=VECTOR('',#13499,1.);
#7613=VECTOR('',#13502,1.);
#7614=VECTOR('',#13503,1.);
#7615=VECTOR('',#13504,1.);
#7616=VECTOR('',#13505,1.);
#7617=VECTOR('',#13508,1.);
#7618=VECTOR('',#13509,1.);
#7619=VECTOR('',#13510,1.);
#7620=VECTOR('',#13513,1.);
#7621=VECTOR('',#13514,1.);
#7622=VECTOR('',#13515,1.);
#7623=VECTOR('',#13518,1.);
#7624=VECTOR('',#13519,1.);
#7625=VECTOR('',#13522,1.);
#7626=VECTOR('',#13523,1.);
#7627=VECTOR('',#13524,1.);
#7628=VECTOR('',#13525,1.);
#7629=VECTOR('',#13528,1.);
#7630=VECTOR('',#13529,1.);
#7631=VECTOR('',#13530,1.);
#7632=VECTOR('',#13533,1.);
#7633=VECTOR('',#13534,1.);
#7634=VECTOR('',#13535,1.);
#7635=VECTOR('',#13538,1.);
#7636=VECTOR('',#13539,1.);
#7637=VECTOR('',#13542,1.);
#7638=VECTOR('',#13543,1.);
#7639=VECTOR('',#13544,1.);
#7640=VECTOR('',#13545,1.);
#7641=VECTOR('',#13548,1.);
#7642=VECTOR('',#13549,1.);
#7643=VECTOR('',#13550,1.);
#7644=VECTOR('',#13553,1.);
#7645=VECTOR('',#13554,1.);
#7646=VECTOR('',#13555,1.);
#7647=VECTOR('',#13558,1.);
#7648=VECTOR('',#13559,1.);
#7649=VECTOR('',#13562,1.);
#7650=VECTOR('',#13563,1.);
#7651=VECTOR('',#13564,1.);
#7652=VECTOR('',#13565,1.);
#7653=VECTOR('',#13568,1.);
#7654=VECTOR('',#13569,1.);
#7655=VECTOR('',#13570,1.);
#7656=VECTOR('',#13573,1.);
#7657=VECTOR('',#13574,1.);
#7658=VECTOR('',#13575,1.);
#7659=VECTOR('',#13578,1.);
#7660=VECTOR('',#13579,1.);
#7661=VECTOR('',#13588,1.);
#7662=VECTOR('',#13589,1.);
#7663=VECTOR('',#13590,1.);
#7664=VECTOR('',#13591,1.);
#7665=VECTOR('',#13594,1.);
#7666=VECTOR('',#13595,1.);
#7667=VECTOR('',#13596,1.);
#7668=VECTOR('',#13599,1.);
#7669=VECTOR('',#13600,1.);
#7670=VECTOR('',#13601,1.);
#7671=VECTOR('',#13604,1.);
#7672=VECTOR('',#13605,1.);
#7673=VECTOR('',#13608,1.);
#7674=VECTOR('',#13609,1.);
#7675=VECTOR('',#13610,1.);
#7676=VECTOR('',#13611,1.);
#7677=VECTOR('',#13614,1.);
#7678=VECTOR('',#13615,1.);
#7679=VECTOR('',#13616,1.);
#7680=VECTOR('',#13619,1.);
#7681=VECTOR('',#13620,1.);
#7682=VECTOR('',#13621,1.);
#7683=VECTOR('',#13624,1.);
#7684=VECTOR('',#13625,1.);
#7685=VECTOR('',#13628,1.);
#7686=VECTOR('',#13629,1.);
#7687=VECTOR('',#13630,1.);
#7688=VECTOR('',#13631,1.);
#7689=VECTOR('',#13634,1.);
#7690=VECTOR('',#13635,1.);
#7691=VECTOR('',#13636,1.);
#7692=VECTOR('',#13639,1.);
#7693=VECTOR('',#13640,1.);
#7694=VECTOR('',#13641,1.);
#7695=VECTOR('',#13644,1.);
#7696=VECTOR('',#13645,1.);
#7697=VECTOR('',#13654,1.);
#7698=VECTOR('',#13655,1.);
#7699=VECTOR('',#13656,1.);
#7700=VECTOR('',#13657,1.);
#7701=VECTOR('',#13660,1.);
#7702=VECTOR('',#13661,1.);
#7703=VECTOR('',#13662,1.);
#7704=VECTOR('',#13665,1.);
#7705=VECTOR('',#13666,1.);
#7706=VECTOR('',#13667,1.);
#7707=VECTOR('',#13670,1.);
#7708=VECTOR('',#13671,1.);
#7709=VECTOR('',#13672,1.);
#7710=VECTOR('',#13675,1.);
#7711=VECTOR('',#13676,1.);
#7712=VECTOR('',#13677,1.);
#7713=VECTOR('',#13680,1.);
#7714=VECTOR('',#13681,1.);
#7715=VECTOR('',#13682,1.);
#7716=VECTOR('',#13685,1.);
#7717=VECTOR('',#13686,1.);
#7718=VECTOR('',#13687,1.);
#7719=VECTOR('',#13690,1.);
#7720=VECTOR('',#13691,1.);
#7721=VECTOR('',#13692,1.);
#7722=VECTOR('',#13695,1.);
#7723=VECTOR('',#13696,1.);
#7724=VECTOR('',#13697,1.);
#7725=VECTOR('',#13700,1.);
#7726=VECTOR('',#13701,1.);
#7727=VECTOR('',#13702,1.);
#7728=VECTOR('',#13705,1.);
#7729=VECTOR('',#13706,1.);
#7730=VECTOR('',#13707,1.);
#7731=VECTOR('',#13710,1.);
#7732=VECTOR('',#13711,1.);
#7733=VECTOR('',#13712,1.);
#7734=VECTOR('',#13715,1.);
#7735=VECTOR('',#13716,1.);
#7736=VECTOR('',#13717,1.);
#7737=VECTOR('',#13720,1.);
#7738=VECTOR('',#13721,1.);
#7739=VECTOR('',#13722,1.);
#7740=VECTOR('',#13725,1.);
#7741=VECTOR('',#13726,1.);
#7742=VECTOR('',#13727,1.);
#7743=VECTOR('',#13730,1.);
#7744=VECTOR('',#13731,1.);
#7745=VECTOR('',#13732,1.);
#7746=VECTOR('',#13735,1.);
#7747=VECTOR('',#13736,1.);
#7748=VECTOR('',#13737,1.);
#7749=VECTOR('',#13740,1.);
#7750=VECTOR('',#13741,1.);
#7751=VECTOR('',#13742,1.);
#7752=VECTOR('',#13745,1.);
#7753=VECTOR('',#13746,1.);
#7754=VECTOR('',#13747,1.);
#7755=VECTOR('',#13750,1.);
#7756=VECTOR('',#13751,1.);
#7757=VECTOR('',#13752,1.);
#7758=VECTOR('',#13755,1.);
#7759=VECTOR('',#13756,1.);
#7760=VECTOR('',#13757,1.);
#7761=VECTOR('',#13760,1.);
#7762=VECTOR('',#13761,1.);
#7763=VECTOR('',#13762,1.);
#7764=VECTOR('',#13765,1.);
#7765=VECTOR('',#13766,1.);
#7766=VECTOR('',#13767,1.);
#7767=VECTOR('',#13770,1.);
#7768=VECTOR('',#13771,1.);
#7769=VECTOR('',#13772,1.);
#7770=VECTOR('',#13775,1.);
#7771=VECTOR('',#13776,1.);
#7772=VECTOR('',#13777,1.);
#7773=VECTOR('',#13780,1.);
#7774=VECTOR('',#13781,1.);
#7775=VECTOR('',#13782,1.);
#7776=VECTOR('',#13785,1.);
#7777=VECTOR('',#13786,1.);
#7778=VECTOR('',#13787,1.);
#7779=VECTOR('',#13790,1.);
#7780=VECTOR('',#13791,1.);
#7781=VECTOR('',#13794,1.);
#7782=VECTOR('',#13795,1.);
#7783=VECTOR('',#13796,1.);
#7784=VECTOR('',#13797,1.);
#7785=VECTOR('',#13800,1.);
#7786=VECTOR('',#13801,1.);
#7787=VECTOR('',#13802,1.);
#7788=VECTOR('',#13805,1.);
#7789=VECTOR('',#13806,1.);
#7790=VECTOR('',#13807,1.);
#7791=VECTOR('',#13810,1.);
#7792=VECTOR('',#13811,1.);
#7793=VECTOR('',#13812,1.);
#7794=VECTOR('',#13815,1.);
#7795=VECTOR('',#13816,1.);
#7796=VECTOR('',#13817,1.);
#7797=VECTOR('',#13820,1.);
#7798=VECTOR('',#13821,1.);
#7799=VECTOR('',#13822,1.);
#7800=VECTOR('',#13825,1.);
#7801=VECTOR('',#13826,1.);
#7802=VECTOR('',#13827,1.);
#7803=VECTOR('',#13830,1.);
#7804=VECTOR('',#13831,1.);
#7805=VECTOR('',#13832,1.);
#7806=VECTOR('',#13835,1.);
#7807=VECTOR('',#13836,1.);
#7808=VECTOR('',#13837,1.);
#7809=VECTOR('',#13840,1.);
#7810=VECTOR('',#13841,1.);
#7811=VECTOR('',#13842,1.);
#7812=VECTOR('',#13845,1.);
#7813=VECTOR('',#13846,1.);
#7814=VECTOR('',#13847,1.);
#7815=VECTOR('',#13850,1.);
#7816=VECTOR('',#13851,1.);
#7817=VECTOR('',#13852,1.);
#7818=VECTOR('',#13855,1.);
#7819=VECTOR('',#13856,1.);
#7820=VECTOR('',#13857,1.);
#7821=VECTOR('',#13860,1.);
#7822=VECTOR('',#13861,1.);
#7823=VECTOR('',#13862,1.);
#7824=VECTOR('',#13865,1.);
#7825=VECTOR('',#13866,1.);
#7826=VECTOR('',#13867,1.);
#7827=VECTOR('',#13870,1.);
#7828=VECTOR('',#13871,1.);
#7829=VECTOR('',#13872,1.);
#7830=VECTOR('',#13875,1.);
#7831=VECTOR('',#13876,1.);
#7832=VECTOR('',#13877,1.);
#7833=VECTOR('',#13880,1.);
#7834=VECTOR('',#13881,1.);
#7835=VECTOR('',#13882,1.);
#7836=VECTOR('',#13885,1.);
#7837=VECTOR('',#13886,1.);
#7838=VECTOR('',#13887,1.);
#7839=VECTOR('',#13890,1.);
#7840=VECTOR('',#13891,1.);
#7841=VECTOR('',#13892,1.);
#7842=VECTOR('',#13895,1.);
#7843=VECTOR('',#13896,1.);
#7844=VECTOR('',#13897,1.);
#7845=VECTOR('',#13900,1.);
#7846=VECTOR('',#13901,1.);
#7847=VECTOR('',#13902,1.);
#7848=VECTOR('',#13905,1.);
#7849=VECTOR('',#13906,1.);
#7850=VECTOR('',#13907,1.);
#7851=VECTOR('',#13910,1.);
#7852=VECTOR('',#13911,1.);
#7853=VECTOR('',#13912,1.);
#7854=VECTOR('',#13915,1.);
#7855=VECTOR('',#13916,1.);
#7856=VECTOR('',#13917,1.);
#7857=VECTOR('',#13920,1.);
#7858=VECTOR('',#13921,1.);
#7859=VECTOR('',#13922,1.);
#7860=VECTOR('',#13925,1.);
#7861=VECTOR('',#13926,1.);
#7862=VECTOR('',#13927,1.);
#7863=VECTOR('',#13930,1.);
#7864=VECTOR('',#13931,1.);
#7865=VECTOR('',#13940,1.);
#7866=VECTOR('',#13941,1.);
#7867=VECTOR('',#13942,1.);
#7868=VECTOR('',#13943,1.);
#7869=VECTOR('',#13946,1.);
#7870=VECTOR('',#13947,1.);
#7871=VECTOR('',#13948,1.);
#7872=VECTOR('',#13951,1.);
#7873=VECTOR('',#13952,1.);
#7874=VECTOR('',#13953,1.);
#7875=VECTOR('',#13956,1.);
#7876=VECTOR('',#13957,1.);
#7877=VECTOR('',#13972,1.);
#7878=VECTOR('',#13973,1.);
#7879=VECTOR('',#13974,1.);
#7880=VECTOR('',#13975,1.);
#7881=VECTOR('',#13978,1.);
#7882=VECTOR('',#13979,1.);
#7883=VECTOR('',#13980,1.);
#7884=VECTOR('',#13983,1.);
#7885=VECTOR('',#13984,1.);
#7886=VECTOR('',#13985,1.);
#7887=VECTOR('',#13988,1.);
#7888=VECTOR('',#13989,1.);
#7889=VECTOR('',#13998,1.);
#7890=VECTOR('',#13999,1.);
#7891=VECTOR('',#14000,1.);
#7892=VECTOR('',#14001,1.);
#7893=VECTOR('',#14004,1.);
#7894=VECTOR('',#14005,1.);
#7895=VECTOR('',#14006,1.);
#7896=VECTOR('',#14009,1.);
#7897=VECTOR('',#14010,1.);
#7898=VECTOR('',#14011,1.);
#7899=VECTOR('',#14014,1.);
#7900=VECTOR('',#14015,1.);
#7901=VECTOR('',#14018,1.);
#7902=VECTOR('',#14019,1.);
#7903=VECTOR('',#14020,1.);
#7904=VECTOR('',#14021,1.);
#7905=VECTOR('',#14024,1.);
#7906=VECTOR('',#14025,1.);
#7907=VECTOR('',#14026,1.);
#7908=VECTOR('',#14029,1.);
#7909=VECTOR('',#14030,1.);
#7910=VECTOR('',#14031,1.);
#7911=VECTOR('',#14034,1.);
#7912=VECTOR('',#14035,1.);
#7913=VECTOR('',#14044,1.);
#7914=VECTOR('',#14045,1.);
#7915=VECTOR('',#14046,1.);
#7916=VECTOR('',#14047,1.);
#7917=VECTOR('',#14050,1.);
#7918=VECTOR('',#14051,1.);
#7919=VECTOR('',#14052,1.);
#7920=VECTOR('',#14055,1.);
#7921=VECTOR('',#14056,1.);
#7922=VECTOR('',#14057,1.);
#7923=VECTOR('',#14060,1.);
#7924=VECTOR('',#14061,1.);
#7925=VECTOR('',#14070,1.);
#7926=VECTOR('',#14071,1.);
#7927=VECTOR('',#14072,1.);
#7928=VECTOR('',#14073,1.);
#7929=VECTOR('',#14076,1.);
#7930=VECTOR('',#14077,1.);
#7931=VECTOR('',#14078,1.);
#7932=VECTOR('',#14081,1.);
#7933=VECTOR('',#14082,1.);
#7934=VECTOR('',#14083,1.);
#7935=VECTOR('',#14086,1.);
#7936=VECTOR('',#14087,1.);
#7937=VECTOR('',#14096,1.);
#7938=VECTOR('',#14097,1.);
#7939=VECTOR('',#14098,1.);
#7940=VECTOR('',#14099,1.);
#7941=VECTOR('',#14102,1.);
#7942=VECTOR('',#14103,1.);
#7943=VECTOR('',#14104,1.);
#7944=VECTOR('',#14107,1.);
#7945=VECTOR('',#14108,1.);
#7946=VECTOR('',#14109,1.);
#7947=VECTOR('',#14112,1.);
#7948=VECTOR('',#14113,1.);
#7949=VECTOR('',#14118,1.);
#7950=VECTOR('',#14127,1.);
#7951=VECTOR('',#14130,1.);
#7952=VECTOR('',#14131,1.);
#7953=VECTOR('',#14132,1.);
#7954=VECTOR('',#14133,1.);
#7955=VECTOR('',#14136,1.);
#7956=VECTOR('',#14137,1.);
#7957=VECTOR('',#14138,1.);
#7958=VECTOR('',#14139,1.);
#7959=VECTOR('',#14144,1.);
#7960=VECTOR('',#14151,1.);
#7961=VECTOR('',#14162,1.);
#7962=VECTOR('',#14173,1.);
#7963=VECTOR('',#14182,1.);
#7964=VECTOR('',#14185,1.);
#7965=VECTOR('',#14188,1.);
#7966=VECTOR('',#14193,1.);
#7967=VECTOR('',#14194,1.);
#7968=VECTOR('',#14197,1.);
#7969=VECTOR('',#14198,1.);
#7970=VECTOR('',#14201,1.);
#7971=VECTOR('',#14202,1.);
#7972=VECTOR('',#14203,1.);
#7973=VECTOR('',#14206,1.);
#7974=VECTOR('',#14207,1.);
#7975=VECTOR('',#14210,1.);
#7976=VECTOR('',#14211,1.);
#7977=VECTOR('',#14214,1.);
#7978=VECTOR('',#14215,1.);
#7979=VECTOR('',#14216,1.);
#7980=VECTOR('',#14219,1.);
#7981=VECTOR('',#14222,1.);
#7982=VECTOR('',#14227,1.);
#7983=VECTOR('',#14230,1.);
#7984=VECTOR('',#14231,1.);
#7985=VECTOR('',#14234,1.);
#7986=VECTOR('',#14235,1.);
#7987=VECTOR('',#14238,1.);
#7988=VECTOR('',#14239,1.);
#7989=VECTOR('',#14242,1.);
#7990=VECTOR('',#14243,1.);
#7991=EDGE_LOOP('',(#448,#449,#450,#451));
#7992=EDGE_LOOP('',(#452));
#7993=EDGE_LOOP('',(#453,#454,#455,#456));
#7994=EDGE_LOOP('',(#457,#458,#459,#460));
#7995=EDGE_LOOP('',(#461,#462,#463,#464));
#7996=EDGE_LOOP('',(#465,#466,#467,#468));
#7997=EDGE_LOOP('',(#469,#470,#471,#472));
#7998=EDGE_LOOP('',(#473,#474,#475,#476));
#7999=EDGE_LOOP('',(#477,#478,#479,#480));
#8000=EDGE_LOOP('',(#481,#482,#483,#484));
#8001=EDGE_LOOP('',(#485,#486,#487,#488));
#8002=EDGE_LOOP('',(#489,#490,#491,#492));
#8003=EDGE_LOOP('',(#493,#494,#495,#496));
#8004=EDGE_LOOP('',(#497,#498,#499,#500));
#8005=EDGE_LOOP('',(#501));
#8006=EDGE_LOOP('',(#502));
#8007=EDGE_LOOP('',(#503,#504,#505,#506));
#8008=EDGE_LOOP('',(#507));
#8009=EDGE_LOOP('',(#508,#509,#510,#511));
#8010=EDGE_LOOP('',(#512,#513,#514,#515));
#8011=EDGE_LOOP('',(#516));
#8012=EDGE_LOOP('',(#517,#518,#519,#520));
#8013=EDGE_LOOP('',(#521,#522,#523,#524,#525,#526,#527,#528,#529,#530,#531,
#532,#533,#534,#535,#536,#537,#538,#539,#540,#541,#542,#543,#544,#545,#546,
#547,#548,#549,#550,#551,#552,#553,#554,#555,#556));
#8014=EDGE_LOOP('',(#557));
#8015=EDGE_LOOP('',(#558,#559,#560,#561));
#8016=EDGE_LOOP('',(#562));
#8017=EDGE_LOOP('',(#563,#564,#565,#566,#567,#568,#569,#570,#571,#572,#573,
#574,#575,#576,#577,#578,#579));
#8018=EDGE_LOOP('',(#580,#581,#582,#583));
#8019=EDGE_LOOP('',(#584,#585,#586,#587));
#8020=EDGE_LOOP('',(#588,#589,#590,#591));
#8021=EDGE_LOOP('',(#592,#593,#594,#595,#596,#597,#598,#599));
#8022=EDGE_LOOP('',(#600,#601,#602,#603));
#8023=EDGE_LOOP('',(#604));
#8024=EDGE_LOOP('',(#605,#606,#607,#608));
#8025=EDGE_LOOP('',(#609,#610,#611,#612,#613,#614,#615,#616));
#8026=EDGE_LOOP('',(#617,#618,#619,#620,#621,#622,#623,#624,#625,#626,#627,
#628,#629,#630,#631,#632,#633,#634,#635,#636,#637,#638));
#8027=EDGE_LOOP('',(#639,#640,#641,#642));
#8028=EDGE_LOOP('',(#643,#644,#645,#646));
#8029=EDGE_LOOP('',(#647,#648,#649,#650));
#8030=EDGE_LOOP('',(#651,#652,#653,#654));
#8031=EDGE_LOOP('',(#655,#656,#657,#658));
#8032=EDGE_LOOP('',(#659,#660,#661,#662));
#8033=EDGE_LOOP('',(#663,#664,#665,#666));
#8034=EDGE_LOOP('',(#667,#668,#669,#670));
#8035=EDGE_LOOP('',(#671,#672,#673,#674));
#8036=EDGE_LOOP('',(#675,#676,#677,#678));
#8037=EDGE_LOOP('',(#679,#680,#681,#682));
#8038=EDGE_LOOP('',(#683));
#8039=EDGE_LOOP('',(#684));
#8040=EDGE_LOOP('',(#685,#686,#687,#688));
#8041=EDGE_LOOP('',(#689));
#8042=EDGE_LOOP('',(#690,#691,#692,#693));
#8043=EDGE_LOOP('',(#694,#695,#696,#697));
#8044=EDGE_LOOP('',(#698));
#8045=EDGE_LOOP('',(#699,#700,#701,#702));
#8046=EDGE_LOOP('',(#703,#704,#705,#706));
#8047=EDGE_LOOP('',(#707,#708,#709,#710));
#8048=EDGE_LOOP('',(#711,#712,#713,#714,#715,#716,#717,#718,#719,#720));
#8049=EDGE_LOOP('',(#721,#722,#723,#724));
#8050=EDGE_LOOP('',(#725,#726,#727,#728));
#8051=EDGE_LOOP('',(#729,#730,#731,#732));
#8052=EDGE_LOOP('',(#733,#734,#735,#736));
#8053=EDGE_LOOP('',(#737,#738,#739,#740));
#8054=EDGE_LOOP('',(#741,#742,#743,#744));
#8055=EDGE_LOOP('',(#745,#746,#747,#748));
#8056=EDGE_LOOP('',(#749,#750,#751,#752));
#8057=EDGE_LOOP('',(#753,#754,#755,#756));
#8058=EDGE_LOOP('',(#757,#758,#759,#760));
#8059=EDGE_LOOP('',(#761,#762,#763,#764));
#8060=EDGE_LOOP('',(#765,#766,#767,#768));
#8061=EDGE_LOOP('',(#769,#770,#771,#772));
#8062=EDGE_LOOP('',(#773,#774,#775,#776));
#8063=EDGE_LOOP('',(#777,#778,#779,#780));
#8064=EDGE_LOOP('',(#781,#782,#783,#784));
#8065=EDGE_LOOP('',(#785,#786,#787,#788));
#8066=EDGE_LOOP('',(#789,#790,#791,#792));
#8067=EDGE_LOOP('',(#793,#794,#795,#796));
#8068=EDGE_LOOP('',(#797,#798,#799,#800));
#8069=EDGE_LOOP('',(#801,#802,#803,#804));
#8070=EDGE_LOOP('',(#805,#806,#807,#808));
#8071=EDGE_LOOP('',(#809,#810,#811,#812));
#8072=EDGE_LOOP('',(#813,#814,#815,#816));
#8073=EDGE_LOOP('',(#817,#818,#819,#820));
#8074=EDGE_LOOP('',(#821,#822,#823,#824));
#8075=EDGE_LOOP('',(#825,#826,#827,#828));
#8076=EDGE_LOOP('',(#829,#830,#831,#832));
#8077=EDGE_LOOP('',(#833,#834,#835,#836));
#8078=EDGE_LOOP('',(#837,#838,#839,#840));
#8079=EDGE_LOOP('',(#841,#842,#843,#844));
#8080=EDGE_LOOP('',(#845,#846,#847,#848));
#8081=EDGE_LOOP('',(#849,#850,#851,#852));
#8082=EDGE_LOOP('',(#853,#854,#855,#856));
#8083=EDGE_LOOP('',(#857,#858,#859,#860));
#8084=EDGE_LOOP('',(#861,#862,#863,#864));
#8085=EDGE_LOOP('',(#865,#866,#867,#868));
#8086=EDGE_LOOP('',(#869,#870,#871,#872));
#8087=EDGE_LOOP('',(#873,#874,#875,#876));
#8088=EDGE_LOOP('',(#877,#878,#879,#880));
#8089=EDGE_LOOP('',(#881,#882,#883,#884));
#8090=EDGE_LOOP('',(#885,#886,#887,#888));
#8091=EDGE_LOOP('',(#889,#890,#891,#892));
#8092=EDGE_LOOP('',(#893,#894,#895,#896));
#8093=EDGE_LOOP('',(#897,#898,#899,#900));
#8094=EDGE_LOOP('',(#901,#902,#903,#904));
#8095=EDGE_LOOP('',(#905,#906,#907,#908));
#8096=EDGE_LOOP('',(#909,#910,#911,#912));
#8097=EDGE_LOOP('',(#913,#914,#915,#916));
#8098=EDGE_LOOP('',(#917,#918,#919,#920));
#8099=EDGE_LOOP('',(#921,#922,#923,#924));
#8100=EDGE_LOOP('',(#925,#926,#927,#928));
#8101=EDGE_LOOP('',(#929,#930,#931,#932));
#8102=EDGE_LOOP('',(#933,#934,#935,#936));
#8103=EDGE_LOOP('',(#937,#938,#939,#940));
#8104=EDGE_LOOP('',(#941,#942,#943,#944));
#8105=EDGE_LOOP('',(#945));
#8106=EDGE_LOOP('',(#946));
#8107=EDGE_LOOP('',(#947,#948,#949,#950));
#8108=EDGE_LOOP('',(#951,#952,#953,#954));
#8109=EDGE_LOOP('',(#955,#956,#957,#958));
#8110=EDGE_LOOP('',(#959,#960,#961,#962));
#8111=EDGE_LOOP('',(#963,#964,#965,#966));
#8112=EDGE_LOOP('',(#967,#968,#969,#970));
#8113=EDGE_LOOP('',(#971,#972,#973,#974));
#8114=EDGE_LOOP('',(#975,#976,#977,#978));
#8115=EDGE_LOOP('',(#979,#980,#981,#982));
#8116=EDGE_LOOP('',(#983,#984,#985,#986));
#8117=EDGE_LOOP('',(#987,#988,#989,#990));
#8118=EDGE_LOOP('',(#991,#992,#993,#994));
#8119=EDGE_LOOP('',(#995,#996,#997,#998));
#8120=EDGE_LOOP('',(#999,#1000,#1001,#1002));
#8121=EDGE_LOOP('',(#1003));
#8122=EDGE_LOOP('',(#1004));
#8123=EDGE_LOOP('',(#1005));
#8124=EDGE_LOOP('',(#1006));
#8125=EDGE_LOOP('',(#1007,#1008,#1009,#1010));
#8126=EDGE_LOOP('',(#1011));
#8127=EDGE_LOOP('',(#1012));
#8128=EDGE_LOOP('',(#1013,#1014,#1015,#1016));
#8129=EDGE_LOOP('',(#1017,#1018,#1019,#1020));
#8130=EDGE_LOOP('',(#1021));
#8131=EDGE_LOOP('',(#1022));
#8132=EDGE_LOOP('',(#1023,#1024,#1025,#1026));
#8133=EDGE_LOOP('',(#1027,#1028,#1029,#1030));
#8134=EDGE_LOOP('',(#1031,#1032,#1033,#1034));
#8135=EDGE_LOOP('',(#1035,#1036,#1037,#1038));
#8136=EDGE_LOOP('',(#1039,#1040,#1041,#1042));
#8137=EDGE_LOOP('',(#1043,#1044,#1045,#1046));
#8138=EDGE_LOOP('',(#1047,#1048,#1049,#1050));
#8139=EDGE_LOOP('',(#1051,#1052,#1053,#1054));
#8140=EDGE_LOOP('',(#1055,#1056,#1057));
#8141=EDGE_LOOP('',(#1058,#1059,#1060,#1061));
#8142=EDGE_LOOP('',(#1062,#1063,#1064,#1065));
#8143=EDGE_LOOP('',(#1066,#1067,#1068,#1069));
#8144=EDGE_LOOP('',(#1070,#1071,#1072,#1073));
#8145=EDGE_LOOP('',(#1074,#1075,#1076,#1077));
#8146=EDGE_LOOP('',(#1078,#1079,#1080));
#8147=EDGE_LOOP('',(#1081,#1082,#1083,#1084));
#8148=EDGE_LOOP('',(#1085,#1086,#1087,#1088));
#8149=EDGE_LOOP('',(#1089,#1090,#1091,#1092));
#8150=EDGE_LOOP('',(#1093,#1094,#1095,#1096));
#8151=EDGE_LOOP('',(#1097,#1098,#1099));
#8152=EDGE_LOOP('',(#1100,#1101,#1102,#1103));
#8153=EDGE_LOOP('',(#1104,#1105,#1106,#1107));
#8154=EDGE_LOOP('',(#1108,#1109,#1110,#1111));
#8155=EDGE_LOOP('',(#1112,#1113,#1114,#1115));
#8156=EDGE_LOOP('',(#1116,#1117,#1118,#1119));
#8157=EDGE_LOOP('',(#1120,#1121,#1122,#1123));
#8158=EDGE_LOOP('',(#1124,#1125,#1126,#1127,#1128));
#8159=EDGE_LOOP('',(#1129,#1130,#1131,#1132));
#8160=EDGE_LOOP('',(#1133,#1134,#1135,#1136));
#8161=EDGE_LOOP('',(#1137,#1138,#1139,#1140));
#8162=EDGE_LOOP('',(#1141,#1142,#1143,#1144,#1145));
#8163=EDGE_LOOP('',(#1146,#1147,#1148,#1149));
#8164=EDGE_LOOP('',(#1150,#1151,#1152,#1153));
#8165=EDGE_LOOP('',(#1154,#1155,#1156,#1157,#1158,#1159));
#8166=EDGE_LOOP('',(#1160,#1161,#1162,#1163));
#8167=EDGE_LOOP('',(#1164,#1165,#1166,#1167));
#8168=EDGE_LOOP('',(#1168,#1169,#1170,#1171));
#8169=EDGE_LOOP('',(#1172,#1173,#1174,#1175));
#8170=EDGE_LOOP('',(#1176,#1177,#1178,#1179,#1180));
#8171=EDGE_LOOP('',(#1181,#1182,#1183,#1184,#1185));
#8172=EDGE_LOOP('',(#1186,#1187,#1188,#1189));
#8173=EDGE_LOOP('',(#1190,#1191,#1192,#1193));
#8174=EDGE_LOOP('',(#1194,#1195,#1196,#1197));
#8175=EDGE_LOOP('',(#1198,#1199,#1200,#1201));
#8176=EDGE_LOOP('',(#1202,#1203,#1204,#1205,#1206,#1207,#1208,#1209,#1210,
#1211));
#8177=EDGE_LOOP('',(#1212,#1213,#1214,#1215));
#8178=EDGE_LOOP('',(#1216,#1217,#1218,#1219));
#8179=EDGE_LOOP('',(#1220,#1221,#1222,#1223));
#8180=EDGE_LOOP('',(#1224,#1225,#1226,#1227,#1228,#1229));
#8181=EDGE_LOOP('',(#1230,#1231,#1232,#1233));
#8182=EDGE_LOOP('',(#1234,#1235,#1236,#1237));
#8183=EDGE_LOOP('',(#1238,#1239,#1240,#1241,#1242));
#8184=EDGE_LOOP('',(#1243,#1244,#1245,#1246));
#8185=EDGE_LOOP('',(#1247,#1248,#1249,#1250));
#8186=EDGE_LOOP('',(#1251,#1252,#1253,#1254));
#8187=EDGE_LOOP('',(#1255,#1256,#1257,#1258));
#8188=EDGE_LOOP('',(#1259,#1260,#1261,#1262));
#8189=EDGE_LOOP('',(#1263,#1264,#1265,#1266));
#8190=EDGE_LOOP('',(#1267,#1268,#1269,#1270));
#8191=EDGE_LOOP('',(#1271,#1272,#1273,#1274,#1275,#1276,#1277,#1278,#1279,
#1280));
#8192=EDGE_LOOP('',(#1281,#1282,#1283,#1284));
#8193=EDGE_LOOP('',(#1285,#1286,#1287));
#8194=EDGE_LOOP('',(#1288,#1289,#1290,#1291,#1292,#1293,#1294,#1295));
#8195=EDGE_LOOP('',(#1296,#1297,#1298,#1299));
#8196=EDGE_LOOP('',(#1300,#1301,#1302));
#8197=EDGE_LOOP('',(#1303,#1304,#1305,#1306,#1307,#1308));
#8198=EDGE_LOOP('',(#1309,#1310,#1311,#1312,#1313,#1314,#1315));
#8199=EDGE_LOOP('',(#1316,#1317,#1318,#1319,#1320,#1321,#1322));
#8200=EDGE_LOOP('',(#1323,#1324,#1325,#1326));
#8201=EDGE_LOOP('',(#1327,#1328,#1329,#1330));
#8202=EDGE_LOOP('',(#1331,#1332,#1333,#1334));
#8203=EDGE_LOOP('',(#1335,#1336,#1337,#1338,#1339,#1340,#1341,#1342,#1343,
#1344,#1345,#1346,#1347,#1348,#1349,#1350,#1351,#1352,#1353));
#8204=EDGE_LOOP('',(#1354,#1355,#1356,#1357));
#8205=EDGE_LOOP('',(#1358,#1359,#1360,#1361));
#8206=EDGE_LOOP('',(#1362,#1363,#1364,#1365));
#8207=EDGE_LOOP('',(#1366));
#8208=EDGE_LOOP('',(#1367));
#8209=EDGE_LOOP('',(#1368,#1369,#1370,#1371));
#8210=EDGE_LOOP('',(#1372,#1373,#1374,#1375));
#8211=EDGE_LOOP('',(#1376,#1377,#1378,#1379));
#8212=EDGE_LOOP('',(#1380,#1381,#1382));
#8213=EDGE_LOOP('',(#1383,#1384,#1385,#1386,#1387));
#8214=EDGE_LOOP('',(#1388));
#8215=EDGE_LOOP('',(#1389,#1390,#1391));
#8216=EDGE_LOOP('',(#1392,#1393,#1394));
#8217=EDGE_LOOP('',(#1395));
#8218=EDGE_LOOP('',(#1396));
#8219=EDGE_LOOP('',(#1397));
#8220=EDGE_LOOP('',(#1398));
#8221=EDGE_LOOP('',(#1399));
#8222=EDGE_LOOP('',(#1400));
#8223=EDGE_LOOP('',(#1401));
#8224=EDGE_LOOP('',(#1402));
#8225=EDGE_LOOP('',(#1403));
#8226=EDGE_LOOP('',(#1404));
#8227=EDGE_LOOP('',(#1405));
#8228=EDGE_LOOP('',(#1406));
#8229=EDGE_LOOP('',(#1407));
#8230=EDGE_LOOP('',(#1408));
#8231=EDGE_LOOP('',(#1409));
#8232=EDGE_LOOP('',(#1410));
#8233=EDGE_LOOP('',(#1411));
#8234=EDGE_LOOP('',(#1412));
#8235=EDGE_LOOP('',(#1413));
#8236=EDGE_LOOP('',(#1414));
#8237=EDGE_LOOP('',(#1415));
#8238=EDGE_LOOP('',(#1416));
#8239=EDGE_LOOP('',(#1417));
#8240=EDGE_LOOP('',(#1418));
#8241=EDGE_LOOP('',(#1419));
#8242=EDGE_LOOP('',(#1420));
#8243=EDGE_LOOP('',(#1421));
#8244=EDGE_LOOP('',(#1422));
#8245=EDGE_LOOP('',(#1423));
#8246=EDGE_LOOP('',(#1424));
#8247=EDGE_LOOP('',(#1425));
#8248=EDGE_LOOP('',(#1426));
#8249=EDGE_LOOP('',(#1427));
#8250=EDGE_LOOP('',(#1428));
#8251=EDGE_LOOP('',(#1429));
#8252=EDGE_LOOP('',(#1430));
#8253=EDGE_LOOP('',(#1431));
#8254=EDGE_LOOP('',(#1432));
#8255=EDGE_LOOP('',(#1433));
#8256=EDGE_LOOP('',(#1434));
#8257=EDGE_LOOP('',(#1435));
#8258=EDGE_LOOP('',(#1436));
#8259=EDGE_LOOP('',(#1437));
#8260=EDGE_LOOP('',(#1438));
#8261=EDGE_LOOP('',(#1439));
#8262=EDGE_LOOP('',(#1440));
#8263=EDGE_LOOP('',(#1441));
#8264=EDGE_LOOP('',(#1442));
#8265=EDGE_LOOP('',(#1443));
#8266=EDGE_LOOP('',(#1444));
#8267=EDGE_LOOP('',(#1445));
#8268=EDGE_LOOP('',(#1446));
#8269=EDGE_LOOP('',(#1447));
#8270=EDGE_LOOP('',(#1448));
#8271=EDGE_LOOP('',(#1449));
#8272=EDGE_LOOP('',(#1450));
#8273=EDGE_LOOP('',(#1451));
#8274=EDGE_LOOP('',(#1452,#1453,#1454,#1455));
#8275=EDGE_LOOP('',(#1456,#1457,#1458,#1459));
#8276=EDGE_LOOP('',(#1460,#1461,#1462,#1463));
#8277=EDGE_LOOP('',(#1464,#1465,#1466,#1467));
#8278=EDGE_LOOP('',(#1468,#1469,#1470,#1471));
#8279=EDGE_LOOP('',(#1472));
#8280=EDGE_LOOP('',(#1473));
#8281=EDGE_LOOP('',(#1474));
#8282=EDGE_LOOP('',(#1475));
#8283=EDGE_LOOP('',(#1476));
#8284=EDGE_LOOP('',(#1477));
#8285=EDGE_LOOP('',(#1478));
#8286=EDGE_LOOP('',(#1479));
#8287=EDGE_LOOP('',(#1480));
#8288=EDGE_LOOP('',(#1481));
#8289=EDGE_LOOP('',(#1482));
#8290=EDGE_LOOP('',(#1483));
#8291=EDGE_LOOP('',(#1484,#1485,#1486,#1487));
#8292=EDGE_LOOP('',(#1488,#1489,#1490));
#8293=EDGE_LOOP('',(#1491,#1492,#1493));
#8294=EDGE_LOOP('',(#1494,#1495,#1496,#1497,#1498,#1499,#1500,#1501,#1502,
#1503));
#8295=EDGE_LOOP('',(#1504,#1505,#1506,#1507));
#8296=EDGE_LOOP('',(#1508,#1509,#1510,#1511));
#8297=EDGE_LOOP('',(#1512,#1513,#1514,#1515));
#8298=EDGE_LOOP('',(#1516,#1517,#1518,#1519));
#8299=EDGE_LOOP('',(#1520,#1521,#1522));
#8300=EDGE_LOOP('',(#1523,#1524,#1525));
#8301=EDGE_LOOP('',(#1526,#1527,#1528,#1529));
#8302=EDGE_LOOP('',(#1530,#1531,#1532,#1533));
#8303=EDGE_LOOP('',(#1534,#1535,#1536,#1537,#1538,#1539,#1540,#1541,#1542,
#1543,#1544,#1545,#1546,#1547,#1548,#1549,#1550,#1551,#1552,#1553,#1554,
#1555,#1556,#1557,#1558,#1559));
#8304=EDGE_LOOP('',(#1560));
#8305=EDGE_LOOP('',(#1561));
#8306=EDGE_LOOP('',(#1562));
#8307=EDGE_LOOP('',(#1563));
#8308=EDGE_LOOP('',(#1564));
#8309=EDGE_LOOP('',(#1565));
#8310=EDGE_LOOP('',(#1566,#1567,#1568,#1569));
#8311=EDGE_LOOP('',(#1570,#1571,#1572,#1573));
#8312=EDGE_LOOP('',(#1574,#1575,#1576,#1577,#1578,#1579,#1580,#1581,#1582,
#1583,#1584,#1585,#1586,#1587,#1588,#1589,#1590,#1591,#1592,#1593,#1594,
#1595,#1596,#1597));
#8313=EDGE_LOOP('',(#1598));
#8314=EDGE_LOOP('',(#1599));
#8315=EDGE_LOOP('',(#1600,#1601,#1602,#1603));
#8316=EDGE_LOOP('',(#1604,#1605,#1606,#1607));
#8317=EDGE_LOOP('',(#1608,#1609,#1610,#1611));
#8318=EDGE_LOOP('',(#1612,#1613,#1614,#1615));
#8319=EDGE_LOOP('',(#1616,#1617,#1618,#1619));
#8320=EDGE_LOOP('',(#1620,#1621,#1622,#1623));
#8321=EDGE_LOOP('',(#1624,#1625,#1626,#1627));
#8322=EDGE_LOOP('',(#1628,#1629,#1630,#1631));
#8323=EDGE_LOOP('',(#1632,#1633,#1634,#1635));
#8324=EDGE_LOOP('',(#1636,#1637,#1638,#1639));
#8325=EDGE_LOOP('',(#1640,#1641,#1642,#1643));
#8326=EDGE_LOOP('',(#1644,#1645,#1646,#1647));
#8327=EDGE_LOOP('',(#1648,#1649,#1650,#1651));
#8328=EDGE_LOOP('',(#1652,#1653,#1654,#1655));
#8329=EDGE_LOOP('',(#1656,#1657,#1658,#1659));
#8330=EDGE_LOOP('',(#1660,#1661,#1662,#1663,#1664));
#8331=EDGE_LOOP('',(#1665,#1666,#1667,#1668,#1669));
#8332=EDGE_LOOP('',(#1670,#1671,#1672,#1673,#1674));
#8333=EDGE_LOOP('',(#1675,#1676,#1677,#1678,#1679));
#8334=EDGE_LOOP('',(#1680,#1681,#1682,#1683,#1684,#1685,#1686,#1687));
#8335=EDGE_LOOP('',(#1688,#1689,#1690,#1691,#1692,#1693,#1694,#1695));
#8336=EDGE_LOOP('',(#1696));
#8337=EDGE_LOOP('',(#1697));
#8338=EDGE_LOOP('',(#1698,#1699,#1700,#1701,#1702,#1703,#1704,#1705,#1706,
#1707,#1708,#1709,#1710,#1711,#1712,#1713,#1714,#1715,#1716,#1717,#1718,
#1719,#1720,#1721));
#8339=EDGE_LOOP('',(#1722,#1723,#1724,#1725,#1726,#1727,#1728,#1729,#1730,
#1731));
#8340=EDGE_LOOP('',(#1732,#1733,#1734,#1735));
#8341=EDGE_LOOP('',(#1736,#1737,#1738,#1739,#1740,#1741,#1742,#1743,#1744,
#1745));
#8342=EDGE_LOOP('',(#1746,#1747,#1748,#1749));
#8343=EDGE_LOOP('',(#1750,#1751,#1752,#1753,#1754));
#8344=EDGE_LOOP('',(#1755,#1756,#1757,#1758,#1759,#1760,#1761,#1762,#1763,
#1764,#1765));
#8345=EDGE_LOOP('',(#1766,#1767,#1768));
#8346=EDGE_LOOP('',(#1769));
#8347=EDGE_LOOP('',(#1770));
#8348=EDGE_LOOP('',(#1771));
#8349=EDGE_LOOP('',(#1772));
#8350=EDGE_LOOP('',(#1773));
#8351=EDGE_LOOP('',(#1774));
#8352=EDGE_LOOP('',(#1775));
#8353=EDGE_LOOP('',(#1776));
#8354=EDGE_LOOP('',(#1777,#1778,#1779,#1780,#1781,#1782,#1783,#1784,#1785,
#1786,#1787,#1788,#1789,#1790,#1791,#1792,#1793,#1794,#1795,#1796));
#8355=EDGE_LOOP('',(#1797,#1798,#1799));
#8356=EDGE_LOOP('',(#1800,#1801,#1802,#1803,#1804,#1805,#1806));
#8357=EDGE_LOOP('',(#1807,#1808,#1809,#1810,#1811,#1812,#1813));
#8358=EDGE_LOOP('',(#1814,#1815,#1816,#1817));
#8359=EDGE_LOOP('',(#1818,#1819,#1820,#1821));
#8360=EDGE_LOOP('',(#1822,#1823,#1824,#1825));
#8361=EDGE_LOOP('',(#1826,#1827,#1828,#1829));
#8362=EDGE_LOOP('',(#1830,#1831,#1832,#1833));
#8363=EDGE_LOOP('',(#1834,#1835,#1836,#1837));
#8364=EDGE_LOOP('',(#1838,#1839,#1840,#1841));
#8365=EDGE_LOOP('',(#1842));
#8366=EDGE_LOOP('',(#1843));
#8367=EDGE_LOOP('',(#1844));
#8368=EDGE_LOOP('',(#1845));
#8369=EDGE_LOOP('',(#1846));
#8370=EDGE_LOOP('',(#1847));
#8371=EDGE_LOOP('',(#1848));
#8372=EDGE_LOOP('',(#1849));
#8373=EDGE_LOOP('',(#1850));
#8374=EDGE_LOOP('',(#1851));
#8375=EDGE_LOOP('',(#1852));
#8376=EDGE_LOOP('',(#1853));
#8377=EDGE_LOOP('',(#1854));
#8378=EDGE_LOOP('',(#1855));
#8379=EDGE_LOOP('',(#1856));
#8380=EDGE_LOOP('',(#1857));
#8381=EDGE_LOOP('',(#1858));
#8382=EDGE_LOOP('',(#1859));
#8383=EDGE_LOOP('',(#1860));
#8384=EDGE_LOOP('',(#1861));
#8385=EDGE_LOOP('',(#1862));
#8386=EDGE_LOOP('',(#1863));
#8387=EDGE_LOOP('',(#1864));
#8388=EDGE_LOOP('',(#1865));
#8389=EDGE_LOOP('',(#1866));
#8390=EDGE_LOOP('',(#1867));
#8391=EDGE_LOOP('',(#1868));
#8392=EDGE_LOOP('',(#1869));
#8393=EDGE_LOOP('',(#1870));
#8394=EDGE_LOOP('',(#1871));
#8395=EDGE_LOOP('',(#1872));
#8396=EDGE_LOOP('',(#1873));
#8397=EDGE_LOOP('',(#1874));
#8398=EDGE_LOOP('',(#1875));
#8399=EDGE_LOOP('',(#1876));
#8400=EDGE_LOOP('',(#1877));
#8401=EDGE_LOOP('',(#1878));
#8402=EDGE_LOOP('',(#1879));
#8403=EDGE_LOOP('',(#1880));
#8404=EDGE_LOOP('',(#1881));
#8405=EDGE_LOOP('',(#1882));
#8406=EDGE_LOOP('',(#1883));
#8407=EDGE_LOOP('',(#1884));
#8408=EDGE_LOOP('',(#1885));
#8409=EDGE_LOOP('',(#1886));
#8410=EDGE_LOOP('',(#1887));
#8411=EDGE_LOOP('',(#1888));
#8412=EDGE_LOOP('',(#1889));
#8413=EDGE_LOOP('',(#1890));
#8414=EDGE_LOOP('',(#1891));
#8415=EDGE_LOOP('',(#1892));
#8416=EDGE_LOOP('',(#1893));
#8417=EDGE_LOOP('',(#1894));
#8418=EDGE_LOOP('',(#1895));
#8419=EDGE_LOOP('',(#1896,#1897,#1898,#1899));
#8420=EDGE_LOOP('',(#1900,#1901,#1902,#1903));
#8421=EDGE_LOOP('',(#1904,#1905,#1906,#1907));
#8422=EDGE_LOOP('',(#1908,#1909,#1910,#1911));
#8423=EDGE_LOOP('',(#1912,#1913,#1914,#1915));
#8424=EDGE_LOOP('',(#1916,#1917,#1918,#1919));
#8425=EDGE_LOOP('',(#1920,#1921,#1922,#1923));
#8426=EDGE_LOOP('',(#1924,#1925,#1926,#1927));
#8427=EDGE_LOOP('',(#1928,#1929,#1930,#1931));
#8428=EDGE_LOOP('',(#1932,#1933,#1934));
#8429=EDGE_LOOP('',(#1935,#1936,#1937,#1938));
#8430=EDGE_LOOP('',(#1939,#1940,#1941,#1942));
#8431=EDGE_LOOP('',(#1943,#1944,#1945));
#8432=EDGE_LOOP('',(#1946));
#8433=EDGE_LOOP('',(#1947));
#8434=EDGE_LOOP('',(#1948));
#8435=EDGE_LOOP('',(#1949));
#8436=EDGE_LOOP('',(#1950));
#8437=EDGE_LOOP('',(#1951));
#8438=EDGE_LOOP('',(#1952));
#8439=EDGE_LOOP('',(#1953));
#8440=EDGE_LOOP('',(#1954));
#8441=EDGE_LOOP('',(#1955));
#8442=EDGE_LOOP('',(#1956));
#8443=EDGE_LOOP('',(#1957));
#8444=EDGE_LOOP('',(#1958));
#8445=EDGE_LOOP('',(#1959));
#8446=EDGE_LOOP('',(#1960));
#8447=EDGE_LOOP('',(#1961));
#8448=EDGE_LOOP('',(#1962));
#8449=EDGE_LOOP('',(#1963));
#8450=EDGE_LOOP('',(#1964));
#8451=EDGE_LOOP('',(#1965));
#8452=EDGE_LOOP('',(#1966));
#8453=EDGE_LOOP('',(#1967));
#8454=EDGE_LOOP('',(#1968));
#8455=EDGE_LOOP('',(#1969));
#8456=EDGE_LOOP('',(#1970,#1971,#1972,#1973));
#8457=EDGE_LOOP('',(#1974,#1975,#1976,#1977));
#8458=EDGE_LOOP('',(#1978,#1979,#1980,#1981));
#8459=EDGE_LOOP('',(#1982,#1983,#1984,#1985));
#8460=EDGE_LOOP('',(#1986,#1987,#1988,#1989));
#8461=EDGE_LOOP('',(#1990,#1991,#1992,#1993));
#8462=EDGE_LOOP('',(#1994,#1995,#1996,#1997));
#8463=EDGE_LOOP('',(#1998,#1999,#2000,#2001));
#8464=EDGE_LOOP('',(#2002,#2003,#2004,#2005));
#8465=EDGE_LOOP('',(#2006,#2007,#2008,#2009));
#8466=EDGE_LOOP('',(#2010,#2011,#2012,#2013));
#8467=EDGE_LOOP('',(#2014,#2015,#2016,#2017));
#8468=EDGE_LOOP('',(#2018,#2019,#2020,#2021));
#8469=EDGE_LOOP('',(#2022,#2023,#2024,#2025));
#8470=EDGE_LOOP('',(#2026,#2027,#2028,#2029));
#8471=EDGE_LOOP('',(#2030,#2031,#2032,#2033,#2034));
#8472=EDGE_LOOP('',(#2035,#2036,#2037,#2038,#2039));
#8473=EDGE_LOOP('',(#2040,#2041,#2042,#2043,#2044));
#8474=EDGE_LOOP('',(#2045,#2046,#2047,#2048,#2049));
#8475=EDGE_LOOP('',(#2050,#2051,#2052,#2053,#2054,#2055,#2056,#2057));
#8476=EDGE_LOOP('',(#2058,#2059,#2060,#2061,#2062,#2063,#2064,#2065));
#8477=EDGE_LOOP('',(#2066,#2067,#2068,#2069));
#8478=EDGE_LOOP('',(#2070,#2071,#2072,#2073,#2074,#2075,#2076,#2077));
#8479=EDGE_LOOP('',(#2078,#2079,#2080,#2081));
#8480=EDGE_LOOP('',(#2082,#2083,#2084,#2085));
#8481=EDGE_LOOP('',(#2086,#2087,#2088,#2089));
#8482=EDGE_LOOP('',(#2090,#2091,#2092,#2093));
#8483=EDGE_LOOP('',(#2094,#2095,#2096,#2097));
#8484=EDGE_LOOP('',(#2098,#2099,#2100,#2101));
#8485=EDGE_LOOP('',(#2102,#2103,#2104,#2105));
#8486=EDGE_LOOP('',(#2106,#2107,#2108,#2109));
#8487=EDGE_LOOP('',(#2110,#2111,#2112,#2113));
#8488=EDGE_LOOP('',(#2114,#2115,#2116,#2117));
#8489=EDGE_LOOP('',(#2118,#2119,#2120,#2121));
#8490=EDGE_LOOP('',(#2122,#2123,#2124,#2125));
#8491=EDGE_LOOP('',(#2126,#2127,#2128,#2129));
#8492=EDGE_LOOP('',(#2130,#2131,#2132,#2133));
#8493=EDGE_LOOP('',(#2134,#2135,#2136,#2137));
#8494=EDGE_LOOP('',(#2138,#2139,#2140,#2141));
#8495=EDGE_LOOP('',(#2142,#2143,#2144,#2145));
#8496=EDGE_LOOP('',(#2146,#2147,#2148,#2149));
#8497=EDGE_LOOP('',(#2150,#2151,#2152,#2153));
#8498=EDGE_LOOP('',(#2154,#2155,#2156,#2157));
#8499=EDGE_LOOP('',(#2158,#2159,#2160,#2161));
#8500=EDGE_LOOP('',(#2162,#2163,#2164,#2165));
#8501=EDGE_LOOP('',(#2166,#2167,#2168,#2169));
#8502=EDGE_LOOP('',(#2170,#2171,#2172,#2173));
#8503=EDGE_LOOP('',(#2174,#2175,#2176,#2177));
#8504=EDGE_LOOP('',(#2178,#2179,#2180,#2181));
#8505=EDGE_LOOP('',(#2182,#2183,#2184,#2185));
#8506=EDGE_LOOP('',(#2186,#2187,#2188,#2189));
#8507=EDGE_LOOP('',(#2190,#2191,#2192,#2193));
#8508=EDGE_LOOP('',(#2194,#2195,#2196,#2197));
#8509=EDGE_LOOP('',(#2198,#2199,#2200,#2201));
#8510=EDGE_LOOP('',(#2202,#2203,#2204,#2205));
#8511=EDGE_LOOP('',(#2206,#2207,#2208,#2209));
#8512=EDGE_LOOP('',(#2210,#2211,#2212,#2213));
#8513=EDGE_LOOP('',(#2214,#2215,#2216,#2217));
#8514=EDGE_LOOP('',(#2218,#2219,#2220,#2221));
#8515=EDGE_LOOP('',(#2222,#2223,#2224,#2225));
#8516=EDGE_LOOP('',(#2226,#2227,#2228,#2229));
#8517=EDGE_LOOP('',(#2230,#2231,#2232,#2233));
#8518=EDGE_LOOP('',(#2234,#2235,#2236,#2237));
#8519=EDGE_LOOP('',(#2238,#2239,#2240,#2241));
#8520=EDGE_LOOP('',(#2242,#2243,#2244,#2245));
#8521=EDGE_LOOP('',(#2246,#2247,#2248,#2249));
#8522=EDGE_LOOP('',(#2250,#2251,#2252,#2253));
#8523=EDGE_LOOP('',(#2254,#2255,#2256,#2257));
#8524=EDGE_LOOP('',(#2258,#2259,#2260,#2261));
#8525=EDGE_LOOP('',(#2262,#2263,#2264,#2265));
#8526=EDGE_LOOP('',(#2266,#2267,#2268,#2269));
#8527=EDGE_LOOP('',(#2270,#2271,#2272,#2273));
#8528=EDGE_LOOP('',(#2274,#2275,#2276,#2277));
#8529=EDGE_LOOP('',(#2278,#2279,#2280,#2281));
#8530=EDGE_LOOP('',(#2282,#2283,#2284,#2285));
#8531=EDGE_LOOP('',(#2286,#2287,#2288,#2289));
#8532=EDGE_LOOP('',(#2290,#2291,#2292,#2293));
#8533=EDGE_LOOP('',(#2294,#2295,#2296,#2297));
#8534=EDGE_LOOP('',(#2298,#2299,#2300,#2301));
#8535=EDGE_LOOP('',(#2302,#2303,#2304,#2305));
#8536=EDGE_LOOP('',(#2306,#2307,#2308,#2309));
#8537=EDGE_LOOP('',(#2310,#2311,#2312,#2313));
#8538=EDGE_LOOP('',(#2314,#2315,#2316,#2317));
#8539=EDGE_LOOP('',(#2318,#2319,#2320,#2321));
#8540=EDGE_LOOP('',(#2322,#2323,#2324,#2325));
#8541=EDGE_LOOP('',(#2326,#2327,#2328,#2329));
#8542=EDGE_LOOP('',(#2330,#2331,#2332,#2333));
#8543=EDGE_LOOP('',(#2334,#2335,#2336,#2337));
#8544=EDGE_LOOP('',(#2338,#2339,#2340,#2341));
#8545=EDGE_LOOP('',(#2342,#2343,#2344,#2345));
#8546=EDGE_LOOP('',(#2346,#2347,#2348,#2349));
#8547=EDGE_LOOP('',(#2350,#2351,#2352,#2353));
#8548=EDGE_LOOP('',(#2354,#2355,#2356,#2357));
#8549=EDGE_LOOP('',(#2358,#2359,#2360,#2361));
#8550=EDGE_LOOP('',(#2362,#2363,#2364,#2365));
#8551=EDGE_LOOP('',(#2366,#2367,#2368,#2369));
#8552=EDGE_LOOP('',(#2370,#2371,#2372,#2373));
#8553=EDGE_LOOP('',(#2374,#2375,#2376,#2377));
#8554=EDGE_LOOP('',(#2378,#2379,#2380,#2381));
#8555=EDGE_LOOP('',(#2382,#2383,#2384,#2385));
#8556=EDGE_LOOP('',(#2386,#2387,#2388,#2389));
#8557=EDGE_LOOP('',(#2390,#2391,#2392,#2393));
#8558=EDGE_LOOP('',(#2394));
#8559=EDGE_LOOP('',(#2395));
#8560=EDGE_LOOP('',(#2396,#2397,#2398,#2399));
#8561=EDGE_LOOP('',(#2400,#2401,#2402,#2403));
#8562=EDGE_LOOP('',(#2404,#2405,#2406,#2407));
#8563=EDGE_LOOP('',(#2408,#2409,#2410,#2411));
#8564=EDGE_LOOP('',(#2412,#2413,#2414,#2415));
#8565=EDGE_LOOP('',(#2416,#2417,#2418,#2419));
#8566=EDGE_LOOP('',(#2420,#2421,#2422,#2423));
#8567=EDGE_LOOP('',(#2424,#2425,#2426,#2427));
#8568=EDGE_LOOP('',(#2428,#2429,#2430,#2431));
#8569=EDGE_LOOP('',(#2432,#2433,#2434,#2435));
#8570=EDGE_LOOP('',(#2436,#2437,#2438,#2439));
#8571=EDGE_LOOP('',(#2440,#2441,#2442,#2443));
#8572=EDGE_LOOP('',(#2444));
#8573=EDGE_LOOP('',(#2445));
#8574=EDGE_LOOP('',(#2446,#2447,#2448,#2449));
#8575=EDGE_LOOP('',(#2450,#2451,#2452,#2453));
#8576=EDGE_LOOP('',(#2454,#2455,#2456,#2457));
#8577=EDGE_LOOP('',(#2458,#2459,#2460,#2461));
#8578=EDGE_LOOP('',(#2462,#2463,#2464,#2465));
#8579=EDGE_LOOP('',(#2466,#2467,#2468,#2469));
#8580=EDGE_LOOP('',(#2470,#2471,#2472,#2473));
#8581=EDGE_LOOP('',(#2474,#2475,#2476,#2477));
#8582=EDGE_LOOP('',(#2478,#2479,#2480,#2481));
#8583=EDGE_LOOP('',(#2482,#2483,#2484,#2485));
#8584=EDGE_LOOP('',(#2486,#2487,#2488,#2489));
#8585=EDGE_LOOP('',(#2490,#2491,#2492,#2493));
#8586=EDGE_LOOP('',(#2494,#2495,#2496,#2497));
#8587=EDGE_LOOP('',(#2498,#2499,#2500,#2501));
#8588=EDGE_LOOP('',(#2502,#2503,#2504,#2505));
#8589=EDGE_LOOP('',(#2506,#2507,#2508,#2509));
#8590=EDGE_LOOP('',(#2510,#2511,#2512,#2513));
#8591=EDGE_LOOP('',(#2514,#2515,#2516,#2517));
#8592=EDGE_LOOP('',(#2518,#2519,#2520,#2521));
#8593=EDGE_LOOP('',(#2522,#2523,#2524,#2525));
#8594=EDGE_LOOP('',(#2526,#2527,#2528,#2529));
#8595=EDGE_LOOP('',(#2530,#2531,#2532,#2533));
#8596=EDGE_LOOP('',(#2534,#2535,#2536,#2537));
#8597=EDGE_LOOP('',(#2538,#2539,#2540,#2541));
#8598=EDGE_LOOP('',(#2542,#2543,#2544,#2545));
#8599=EDGE_LOOP('',(#2546,#2547,#2548,#2549));
#8600=EDGE_LOOP('',(#2550,#2551,#2552,#2553));
#8601=EDGE_LOOP('',(#2554,#2555,#2556,#2557));
#8602=EDGE_LOOP('',(#2558,#2559,#2560,#2561));
#8603=EDGE_LOOP('',(#2562,#2563,#2564,#2565));
#8604=EDGE_LOOP('',(#2566,#2567,#2568,#2569));
#8605=EDGE_LOOP('',(#2570,#2571,#2572,#2573));
#8606=EDGE_LOOP('',(#2574,#2575,#2576,#2577));
#8607=EDGE_LOOP('',(#2578,#2579,#2580,#2581));
#8608=EDGE_LOOP('',(#2582,#2583,#2584,#2585));
#8609=EDGE_LOOP('',(#2586,#2587,#2588,#2589));
#8610=EDGE_LOOP('',(#2590,#2591,#2592,#2593));
#8611=EDGE_LOOP('',(#2594,#2595,#2596,#2597));
#8612=EDGE_LOOP('',(#2598,#2599,#2600,#2601));
#8613=EDGE_LOOP('',(#2602,#2603,#2604,#2605));
#8614=EDGE_LOOP('',(#2606,#2607,#2608,#2609));
#8615=EDGE_LOOP('',(#2610,#2611,#2612,#2613));
#8616=EDGE_LOOP('',(#2614,#2615,#2616,#2617));
#8617=EDGE_LOOP('',(#2618,#2619,#2620,#2621));
#8618=EDGE_LOOP('',(#2622,#2623,#2624,#2625));
#8619=EDGE_LOOP('',(#2626,#2627,#2628,#2629));
#8620=EDGE_LOOP('',(#2630,#2631,#2632,#2633));
#8621=EDGE_LOOP('',(#2634,#2635,#2636,#2637));
#8622=EDGE_LOOP('',(#2638,#2639,#2640,#2641));
#8623=EDGE_LOOP('',(#2642,#2643,#2644,#2645));
#8624=EDGE_LOOP('',(#2646,#2647,#2648,#2649));
#8625=EDGE_LOOP('',(#2650,#2651,#2652,#2653));
#8626=EDGE_LOOP('',(#2654,#2655,#2656,#2657));
#8627=EDGE_LOOP('',(#2658,#2659,#2660,#2661));
#8628=EDGE_LOOP('',(#2662,#2663,#2664,#2665));
#8629=EDGE_LOOP('',(#2666,#2667,#2668,#2669));
#8630=EDGE_LOOP('',(#2670));
#8631=EDGE_LOOP('',(#2671));
#8632=EDGE_LOOP('',(#2672,#2673,#2674,#2675));
#8633=EDGE_LOOP('',(#2676,#2677,#2678,#2679));
#8634=EDGE_LOOP('',(#2680,#2681,#2682,#2683));
#8635=EDGE_LOOP('',(#2684,#2685,#2686,#2687));
#8636=EDGE_LOOP('',(#2688));
#8637=EDGE_LOOP('',(#2689));
#8638=EDGE_LOOP('',(#2690));
#8639=EDGE_LOOP('',(#2691));
#8640=EDGE_LOOP('',(#2692,#2693,#2694,#2695));
#8641=EDGE_LOOP('',(#2696,#2697,#2698,#2699));
#8642=EDGE_LOOP('',(#2700,#2701,#2702,#2703));
#8643=EDGE_LOOP('',(#2704,#2705,#2706,#2707));
#8644=EDGE_LOOP('',(#2708));
#8645=EDGE_LOOP('',(#2709));
#8646=EDGE_LOOP('',(#2710,#2711,#2712,#2713));
#8647=EDGE_LOOP('',(#2714,#2715,#2716,#2717));
#8648=EDGE_LOOP('',(#2718,#2719,#2720,#2721));
#8649=EDGE_LOOP('',(#2722,#2723,#2724,#2725));
#8650=EDGE_LOOP('',(#2726,#2727,#2728,#2729));
#8651=EDGE_LOOP('',(#2730,#2731,#2732,#2733));
#8652=EDGE_LOOP('',(#2734,#2735,#2736,#2737));
#8653=EDGE_LOOP('',(#2738,#2739,#2740,#2741));
#8654=EDGE_LOOP('',(#2742));
#8655=EDGE_LOOP('',(#2743));
#8656=EDGE_LOOP('',(#2744,#2745,#2746,#2747));
#8657=EDGE_LOOP('',(#2748,#2749,#2750,#2751));
#8658=EDGE_LOOP('',(#2752,#2753,#2754,#2755));
#8659=EDGE_LOOP('',(#2756,#2757,#2758,#2759));
#8660=EDGE_LOOP('',(#2760));
#8661=EDGE_LOOP('',(#2761));
#8662=EDGE_LOOP('',(#2762,#2763,#2764,#2765));
#8663=EDGE_LOOP('',(#2766,#2767,#2768,#2769));
#8664=EDGE_LOOP('',(#2770,#2771,#2772,#2773));
#8665=EDGE_LOOP('',(#2774,#2775,#2776,#2777));
#8666=EDGE_LOOP('',(#2778));
#8667=EDGE_LOOP('',(#2779));
#8668=EDGE_LOOP('',(#2780,#2781,#2782,#2783));
#8669=EDGE_LOOP('',(#2784,#2785,#2786,#2787));
#8670=EDGE_LOOP('',(#2788,#2789,#2790,#2791));
#8671=EDGE_LOOP('',(#2792,#2793,#2794,#2795));
#8672=EDGE_LOOP('',(#2796,#2797,#2798,#2799));
#8673=EDGE_LOOP('',(#2800,#2801,#2802,#2803));
#8674=EDGE_LOOP('',(#2804,#2805,#2806,#2807));
#8675=EDGE_LOOP('',(#2808,#2809,#2810,#2811));
#8676=EDGE_LOOP('',(#2812,#2813,#2814,#2815));
#8677=EDGE_LOOP('',(#2816,#2817,#2818,#2819));
#8678=EDGE_LOOP('',(#2820,#2821,#2822,#2823,#2824,#2825));
#8679=EDGE_LOOP('',(#2826,#2827,#2828));
#8680=EDGE_LOOP('',(#2829,#2830,#2831));
#8681=EDGE_LOOP('',(#2832,#2833,#2834));
#8682=EDGE_LOOP('',(#2835,#2836,#2837));
#8683=EDGE_LOOP('',(#2838,#2839,#2840,#2841,#2842,#2843));
#8684=EDGE_LOOP('',(#2844,#2845,#2846,#2847,#2848,#2849));
#8685=EDGE_LOOP('',(#2850,#2851,#2852,#2853));
#8686=EDGE_LOOP('',(#2854,#2855,#2856,#2857));
#8687=EDGE_LOOP('',(#2858,#2859,#2860,#2861));
#8688=EDGE_LOOP('',(#2862,#2863,#2864,#2865));
#8689=EDGE_LOOP('',(#2866,#2867,#2868,#2869));
#8690=EDGE_LOOP('',(#2870,#2871,#2872,#2873));
#8691=EDGE_LOOP('',(#2874,#2875,#2876,#2877));
#8692=EDGE_LOOP('',(#2878,#2879,#2880,#2881,#2882,#2883));
#8693=EDGE_LOOP('',(#2884,#2885,#2886,#2887));
#8694=EDGE_LOOP('',(#2888,#2889,#2890,#2891));
#8695=EDGE_LOOP('',(#2892,#2893,#2894,#2895));
#8696=EDGE_LOOP('',(#2896,#2897,#2898,#2899));
#8697=EDGE_LOOP('',(#2900));
#8698=EDGE_LOOP('',(#2901,#2902,#2903,#2904));
#8699=EDGE_LOOP('',(#2905));
#8700=EDGE_LOOP('',(#2906,#2907,#2908,#2909));
#8701=EDGE_LOOP('',(#2910));
#8702=EDGE_LOOP('',(#2911,#2912,#2913,#2914));
#8703=EDGE_LOOP('',(#2915,#2916,#2917,#2918));
#8704=EDGE_LOOP('',(#2919));
#8705=EDGE_LOOP('',(#2920,#2921,#2922,#2923));
#8706=EDGE_LOOP('',(#2924));
#8707=EDGE_LOOP('',(#2925));
#8708=EDGE_LOOP('',(#2926,#2927,#2928,#2929));
#8709=EDGE_LOOP('',(#2930));
#8710=EDGE_LOOP('',(#2931,#2932,#2933,#2934,#2935,#2936,#2937,#2938,#2939,
#2940,#2941,#2942,#2943,#2944,#2945,#2946,#2947,#2948,#2949,#2950,#2951,
#2952,#2953,#2954,#2955,#2956,#2957,#2958));
#8711=EDGE_LOOP('',(#2959,#2960,#2961,#2962,#2963,#2964,#2965,#2966,#2967,
#2968,#2969,#2970,#2971,#2972,#2973,#2974,#2975,#2976,#2977,#2978,#2979,
#2980,#2981,#2982,#2983,#2984,#2985,#2986));
#8712=EDGE_LOOP('',(#2987));
#8713=EDGE_LOOP('',(#2988,#2989,#2990,#2991));
#8714=EDGE_LOOP('',(#2992,#2993,#2994,#2995));
#8715=EDGE_LOOP('',(#2996,#2997,#2998,#2999));
#8716=EDGE_LOOP('',(#3000));
#8717=EDGE_LOOP('',(#3001,#3002,#3003,#3004));
#8718=EDGE_LOOP('',(#3005,#3006,#3007,#3008));
#8719=EDGE_LOOP('',(#3009,#3010,#3011,#3012));
#8720=EDGE_LOOP('',(#3013,#3014,#3015,#3016));
#8721=EDGE_LOOP('',(#3017,#3018,#3019,#3020));
#8722=EDGE_LOOP('',(#3021,#3022,#3023,#3024));
#8723=EDGE_LOOP('',(#3025,#3026,#3027,#3028));
#8724=EDGE_LOOP('',(#3029,#3030,#3031,#3032));
#8725=EDGE_LOOP('',(#3033,#3034,#3035,#3036));
#8726=EDGE_LOOP('',(#3037,#3038,#3039,#3040));
#8727=EDGE_LOOP('',(#3041,#3042,#3043,#3044));
#8728=EDGE_LOOP('',(#3045,#3046,#3047,#3048));
#8729=EDGE_LOOP('',(#3049,#3050,#3051,#3052));
#8730=EDGE_LOOP('',(#3053,#3054,#3055,#3056));
#8731=EDGE_LOOP('',(#3057,#3058,#3059,#3060));
#8732=EDGE_LOOP('',(#3061,#3062,#3063,#3064));
#8733=EDGE_LOOP('',(#3065,#3066,#3067,#3068));
#8734=EDGE_LOOP('',(#3069,#3070,#3071,#3072));
#8735=EDGE_LOOP('',(#3073,#3074,#3075,#3076));
#8736=EDGE_LOOP('',(#3077,#3078,#3079,#3080,#3081,#3082,#3083,#3084,#3085,
#3086,#3087,#3088,#3089,#3090));
#8737=EDGE_LOOP('',(#3091,#3092,#3093,#3094));
#8738=EDGE_LOOP('',(#3095));
#8739=EDGE_LOOP('',(#3096,#3097,#3098,#3099));
#8740=EDGE_LOOP('',(#3100));
#8741=EDGE_LOOP('',(#3101,#3102,#3103,#3104));
#8742=EDGE_LOOP('',(#3105));
#8743=EDGE_LOOP('',(#3106,#3107,#3108,#3109));
#8744=EDGE_LOOP('',(#3110,#3111,#3112,#3113));
#8745=EDGE_LOOP('',(#3114));
#8746=EDGE_LOOP('',(#3115,#3116,#3117,#3118));
#8747=EDGE_LOOP('',(#3119));
#8748=EDGE_LOOP('',(#3120));
#8749=EDGE_LOOP('',(#3121,#3122,#3123,#3124));
#8750=EDGE_LOOP('',(#3125));
#8751=EDGE_LOOP('',(#3126,#3127,#3128,#3129,#3130,#3131,#3132,#3133,#3134,
#3135,#3136,#3137,#3138,#3139,#3140,#3141,#3142,#3143,#3144,#3145,#3146,
#3147,#3148,#3149,#3150,#3151,#3152,#3153));
#8752=EDGE_LOOP('',(#3154,#3155,#3156,#3157,#3158,#3159,#3160,#3161,#3162,
#3163,#3164,#3165,#3166,#3167,#3168,#3169,#3170,#3171,#3172,#3173,#3174,
#3175,#3176,#3177,#3178,#3179,#3180,#3181));
#8753=EDGE_LOOP('',(#3182));
#8754=EDGE_LOOP('',(#3183,#3184,#3185,#3186));
#8755=EDGE_LOOP('',(#3187,#3188,#3189,#3190));
#8756=EDGE_LOOP('',(#3191,#3192,#3193,#3194));
#8757=EDGE_LOOP('',(#3195));
#8758=EDGE_LOOP('',(#3196,#3197,#3198,#3199));
#8759=EDGE_LOOP('',(#3200,#3201,#3202,#3203));
#8760=EDGE_LOOP('',(#3204,#3205,#3206,#3207));
#8761=EDGE_LOOP('',(#3208,#3209,#3210,#3211));
#8762=EDGE_LOOP('',(#3212,#3213,#3214,#3215));
#8763=EDGE_LOOP('',(#3216,#3217,#3218,#3219));
#8764=EDGE_LOOP('',(#3220,#3221,#3222,#3223));
#8765=EDGE_LOOP('',(#3224,#3225,#3226,#3227));
#8766=EDGE_LOOP('',(#3228,#3229,#3230,#3231));
#8767=EDGE_LOOP('',(#3232,#3233,#3234,#3235));
#8768=EDGE_LOOP('',(#3236,#3237,#3238,#3239));
#8769=EDGE_LOOP('',(#3240,#3241,#3242,#3243));
#8770=EDGE_LOOP('',(#3244,#3245,#3246,#3247));
#8771=EDGE_LOOP('',(#3248,#3249,#3250,#3251));
#8772=EDGE_LOOP('',(#3252,#3253,#3254,#3255));
#8773=EDGE_LOOP('',(#3256,#3257,#3258,#3259));
#8774=EDGE_LOOP('',(#3260,#3261,#3262,#3263));
#8775=EDGE_LOOP('',(#3264,#3265,#3266,#3267));
#8776=EDGE_LOOP('',(#3268,#3269,#3270,#3271));
#8777=EDGE_LOOP('',(#3272,#3273,#3274,#3275,#3276,#3277,#3278,#3279,#3280,
#3281,#3282,#3283,#3284,#3285));
#8778=EDGE_LOOP('',(#3286,#3287,#3288,#3289,#3290,#3291,#3292));
#8779=EDGE_LOOP('',(#3293,#3294,#3295,#3296,#3297,#3298,#3299));
#8780=FACE_BOUND('',#7991,.T.);
#8781=FACE_BOUND('',#7992,.T.);
#8782=FACE_BOUND('',#7993,.T.);
#8783=FACE_BOUND('',#7994,.T.);
#8784=FACE_BOUND('',#7995,.T.);
#8785=FACE_BOUND('',#7996,.T.);
#8786=FACE_BOUND('',#7997,.T.);
#8787=FACE_BOUND('',#7998,.T.);
#8788=FACE_BOUND('',#7999,.T.);
#8789=FACE_BOUND('',#8000,.T.);
#8790=FACE_BOUND('',#8001,.T.);
#8791=FACE_BOUND('',#8002,.T.);
#8792=FACE_BOUND('',#8003,.T.);
#8793=FACE_BOUND('',#8004,.T.);
#8794=FACE_BOUND('',#8005,.T.);
#8795=FACE_BOUND('',#8006,.T.);
#8796=FACE_BOUND('',#8007,.T.);
#8797=FACE_BOUND('',#8008,.T.);
#8798=FACE_BOUND('',#8009,.T.);
#8799=FACE_BOUND('',#8010,.T.);
#8800=FACE_BOUND('',#8011,.T.);
#8801=FACE_BOUND('',#8012,.T.);
#8802=FACE_BOUND('',#8013,.T.);
#8803=FACE_BOUND('',#8014,.T.);
#8804=FACE_BOUND('',#8015,.T.);
#8805=FACE_BOUND('',#8016,.T.);
#8806=FACE_BOUND('',#8017,.T.);
#8807=FACE_BOUND('',#8018,.T.);
#8808=FACE_BOUND('',#8019,.T.);
#8809=FACE_BOUND('',#8020,.T.);
#8810=FACE_BOUND('',#8021,.T.);
#8811=FACE_BOUND('',#8022,.T.);
#8812=FACE_BOUND('',#8023,.T.);
#8813=FACE_BOUND('',#8024,.T.);
#8814=FACE_BOUND('',#8025,.T.);
#8815=FACE_BOUND('',#8026,.T.);
#8816=FACE_BOUND('',#8027,.T.);
#8817=FACE_BOUND('',#8028,.T.);
#8818=FACE_BOUND('',#8029,.T.);
#8819=FACE_BOUND('',#8030,.T.);
#8820=FACE_BOUND('',#8031,.T.);
#8821=FACE_BOUND('',#8032,.T.);
#8822=FACE_BOUND('',#8033,.T.);
#8823=FACE_BOUND('',#8034,.T.);
#8824=FACE_BOUND('',#8035,.T.);
#8825=FACE_BOUND('',#8036,.T.);
#8826=FACE_BOUND('',#8037,.T.);
#8827=FACE_BOUND('',#8038,.T.);
#8828=FACE_BOUND('',#8039,.T.);
#8829=FACE_BOUND('',#8040,.T.);
#8830=FACE_BOUND('',#8041,.T.);
#8831=FACE_BOUND('',#8042,.T.);
#8832=FACE_BOUND('',#8043,.T.);
#8833=FACE_BOUND('',#8044,.T.);
#8834=FACE_BOUND('',#8045,.T.);
#8835=FACE_BOUND('',#8046,.T.);
#8836=FACE_BOUND('',#8047,.T.);
#8837=FACE_BOUND('',#8048,.T.);
#8838=FACE_BOUND('',#8049,.T.);
#8839=FACE_BOUND('',#8050,.T.);
#8840=FACE_BOUND('',#8051,.T.);
#8841=FACE_BOUND('',#8052,.T.);
#8842=FACE_BOUND('',#8053,.T.);
#8843=FACE_BOUND('',#8054,.T.);
#8844=FACE_BOUND('',#8055,.T.);
#8845=FACE_BOUND('',#8056,.T.);
#8846=FACE_BOUND('',#8057,.T.);
#8847=FACE_BOUND('',#8058,.T.);
#8848=FACE_BOUND('',#8059,.T.);
#8849=FACE_BOUND('',#8060,.T.);
#8850=FACE_BOUND('',#8061,.T.);
#8851=FACE_BOUND('',#8062,.T.);
#8852=FACE_BOUND('',#8063,.T.);
#8853=FACE_BOUND('',#8064,.T.);
#8854=FACE_BOUND('',#8065,.T.);
#8855=FACE_BOUND('',#8066,.T.);
#8856=FACE_BOUND('',#8067,.T.);
#8857=FACE_BOUND('',#8068,.T.);
#8858=FACE_BOUND('',#8069,.T.);
#8859=FACE_BOUND('',#8070,.T.);
#8860=FACE_BOUND('',#8071,.T.);
#8861=FACE_BOUND('',#8072,.T.);
#8862=FACE_BOUND('',#8073,.T.);
#8863=FACE_BOUND('',#8074,.T.);
#8864=FACE_BOUND('',#8075,.T.);
#8865=FACE_BOUND('',#8076,.T.);
#8866=FACE_BOUND('',#8077,.T.);
#8867=FACE_BOUND('',#8078,.T.);
#8868=FACE_BOUND('',#8079,.T.);
#8869=FACE_BOUND('',#8080,.T.);
#8870=FACE_BOUND('',#8081,.T.);
#8871=FACE_BOUND('',#8082,.T.);
#8872=FACE_BOUND('',#8083,.T.);
#8873=FACE_BOUND('',#8084,.T.);
#8874=FACE_BOUND('',#8085,.T.);
#8875=FACE_BOUND('',#8086,.T.);
#8876=FACE_BOUND('',#8087,.T.);
#8877=FACE_BOUND('',#8088,.T.);
#8878=FACE_BOUND('',#8089,.T.);
#8879=FACE_BOUND('',#8090,.T.);
#8880=FACE_BOUND('',#8091,.T.);
#8881=FACE_BOUND('',#8092,.T.);
#8882=FACE_BOUND('',#8093,.T.);
#8883=FACE_BOUND('',#8094,.T.);
#8884=FACE_BOUND('',#8095,.T.);
#8885=FACE_BOUND('',#8096,.T.);
#8886=FACE_BOUND('',#8097,.T.);
#8887=FACE_BOUND('',#8098,.T.);
#8888=FACE_BOUND('',#8099,.T.);
#8889=FACE_BOUND('',#8100,.T.);
#8890=FACE_BOUND('',#8101,.T.);
#8891=FACE_BOUND('',#8102,.T.);
#8892=FACE_BOUND('',#8103,.T.);
#8893=FACE_BOUND('',#8104,.T.);
#8894=FACE_BOUND('',#8105,.T.);
#8895=FACE_BOUND('',#8106,.T.);
#8896=FACE_BOUND('',#8107,.T.);
#8897=FACE_BOUND('',#8108,.T.);
#8898=FACE_BOUND('',#8109,.T.);
#8899=FACE_BOUND('',#8110,.T.);
#8900=FACE_BOUND('',#8111,.T.);
#8901=FACE_BOUND('',#8112,.T.);
#8902=FACE_BOUND('',#8113,.T.);
#8903=FACE_BOUND('',#8114,.T.);
#8904=FACE_BOUND('',#8115,.T.);
#8905=FACE_BOUND('',#8116,.T.);
#8906=FACE_BOUND('',#8117,.T.);
#8907=FACE_BOUND('',#8118,.T.);
#8908=FACE_BOUND('',#8119,.T.);
#8909=FACE_BOUND('',#8120,.T.);
#8910=FACE_BOUND('',#8121,.T.);
#8911=FACE_BOUND('',#8122,.T.);
#8912=FACE_BOUND('',#8123,.T.);
#8913=FACE_BOUND('',#8124,.T.);
#8914=FACE_BOUND('',#8125,.T.);
#8915=FACE_BOUND('',#8126,.T.);
#8916=FACE_BOUND('',#8127,.T.);
#8917=FACE_BOUND('',#8128,.T.);
#8918=FACE_BOUND('',#8129,.T.);
#8919=FACE_BOUND('',#8130,.T.);
#8920=FACE_BOUND('',#8131,.T.);
#8921=FACE_BOUND('',#8132,.T.);
#8922=FACE_BOUND('',#8133,.T.);
#8923=FACE_BOUND('',#8134,.T.);
#8924=FACE_BOUND('',#8135,.T.);
#8925=FACE_BOUND('',#8136,.T.);
#8926=FACE_BOUND('',#8137,.T.);
#8927=FACE_BOUND('',#8138,.T.);
#8928=FACE_BOUND('',#8139,.T.);
#8929=FACE_BOUND('',#8140,.T.);
#8930=FACE_BOUND('',#8141,.T.);
#8931=FACE_BOUND('',#8142,.T.);
#8932=FACE_BOUND('',#8143,.T.);
#8933=FACE_BOUND('',#8144,.T.);
#8934=FACE_BOUND('',#8145,.T.);
#8935=FACE_BOUND('',#8146,.T.);
#8936=FACE_BOUND('',#8147,.T.);
#8937=FACE_BOUND('',#8148,.T.);
#8938=FACE_BOUND('',#8149,.T.);
#8939=FACE_BOUND('',#8150,.T.);
#8940=FACE_BOUND('',#8151,.T.);
#8941=FACE_BOUND('',#8152,.T.);
#8942=FACE_BOUND('',#8153,.T.);
#8943=FACE_BOUND('',#8154,.T.);
#8944=FACE_BOUND('',#8155,.T.);
#8945=FACE_BOUND('',#8156,.T.);
#8946=FACE_BOUND('',#8157,.T.);
#8947=FACE_BOUND('',#8158,.T.);
#8948=FACE_BOUND('',#8159,.T.);
#8949=FACE_BOUND('',#8160,.T.);
#8950=FACE_BOUND('',#8161,.T.);
#8951=FACE_BOUND('',#8162,.T.);
#8952=FACE_BOUND('',#8163,.T.);
#8953=FACE_BOUND('',#8164,.T.);
#8954=FACE_BOUND('',#8165,.T.);
#8955=FACE_BOUND('',#8166,.T.);
#8956=FACE_BOUND('',#8167,.T.);
#8957=FACE_BOUND('',#8168,.T.);
#8958=FACE_BOUND('',#8169,.T.);
#8959=FACE_BOUND('',#8170,.T.);
#8960=FACE_BOUND('',#8171,.T.);
#8961=FACE_BOUND('',#8172,.T.);
#8962=FACE_BOUND('',#8173,.T.);
#8963=FACE_BOUND('',#8174,.T.);
#8964=FACE_BOUND('',#8175,.T.);
#8965=FACE_BOUND('',#8176,.T.);
#8966=FACE_BOUND('',#8177,.T.);
#8967=FACE_BOUND('',#8178,.T.);
#8968=FACE_BOUND('',#8179,.T.);
#8969=FACE_BOUND('',#8180,.T.);
#8970=FACE_BOUND('',#8181,.T.);
#8971=FACE_BOUND('',#8182,.T.);
#8972=FACE_BOUND('',#8183,.T.);
#8973=FACE_BOUND('',#8184,.T.);
#8974=FACE_BOUND('',#8185,.T.);
#8975=FACE_BOUND('',#8186,.T.);
#8976=FACE_BOUND('',#8187,.T.);
#8977=FACE_BOUND('',#8188,.T.);
#8978=FACE_BOUND('',#8189,.T.);
#8979=FACE_BOUND('',#8190,.T.);
#8980=FACE_BOUND('',#8191,.T.);
#8981=FACE_BOUND('',#8192,.T.);
#8982=FACE_BOUND('',#8193,.T.);
#8983=FACE_BOUND('',#8194,.T.);
#8984=FACE_BOUND('',#8195,.T.);
#8985=FACE_BOUND('',#8196,.T.);
#8986=FACE_BOUND('',#8197,.T.);
#8987=FACE_BOUND('',#8198,.T.);
#8988=FACE_BOUND('',#8199,.T.);
#8989=FACE_BOUND('',#8200,.T.);
#8990=FACE_BOUND('',#8201,.T.);
#8991=FACE_BOUND('',#8202,.T.);
#8992=FACE_BOUND('',#8203,.T.);
#8993=FACE_BOUND('',#8204,.T.);
#8994=FACE_BOUND('',#8205,.T.);
#8995=FACE_BOUND('',#8206,.T.);
#8996=FACE_BOUND('',#8207,.T.);
#8997=FACE_BOUND('',#8208,.T.);
#8998=FACE_BOUND('',#8209,.T.);
#8999=FACE_BOUND('',#8210,.T.);
#9000=FACE_BOUND('',#8211,.T.);
#9001=FACE_BOUND('',#8212,.T.);
#9002=FACE_BOUND('',#8213,.T.);
#9003=FACE_BOUND('',#8214,.T.);
#9004=FACE_BOUND('',#8215,.T.);
#9005=FACE_BOUND('',#8216,.T.);
#9006=FACE_BOUND('',#8217,.T.);
#9007=FACE_BOUND('',#8218,.T.);
#9008=FACE_BOUND('',#8219,.T.);
#9009=FACE_BOUND('',#8220,.T.);
#9010=FACE_BOUND('',#8221,.T.);
#9011=FACE_BOUND('',#8222,.T.);
#9012=FACE_BOUND('',#8223,.T.);
#9013=FACE_BOUND('',#8224,.T.);
#9014=FACE_BOUND('',#8225,.T.);
#9015=FACE_BOUND('',#8226,.T.);
#9016=FACE_BOUND('',#8227,.T.);
#9017=FACE_BOUND('',#8228,.T.);
#9018=FACE_BOUND('',#8229,.T.);
#9019=FACE_BOUND('',#8230,.T.);
#9020=FACE_BOUND('',#8231,.T.);
#9021=FACE_BOUND('',#8232,.T.);
#9022=FACE_BOUND('',#8233,.T.);
#9023=FACE_BOUND('',#8234,.T.);
#9024=FACE_BOUND('',#8235,.T.);
#9025=FACE_BOUND('',#8236,.T.);
#9026=FACE_BOUND('',#8237,.T.);
#9027=FACE_BOUND('',#8238,.T.);
#9028=FACE_BOUND('',#8239,.T.);
#9029=FACE_BOUND('',#8240,.T.);
#9030=FACE_BOUND('',#8241,.T.);
#9031=FACE_BOUND('',#8242,.T.);
#9032=FACE_BOUND('',#8243,.T.);
#9033=FACE_BOUND('',#8244,.T.);
#9034=FACE_BOUND('',#8245,.T.);
#9035=FACE_BOUND('',#8246,.T.);
#9036=FACE_BOUND('',#8247,.T.);
#9037=FACE_BOUND('',#8248,.T.);
#9038=FACE_BOUND('',#8249,.T.);
#9039=FACE_BOUND('',#8250,.T.);
#9040=FACE_BOUND('',#8251,.T.);
#9041=FACE_BOUND('',#8252,.T.);
#9042=FACE_BOUND('',#8253,.T.);
#9043=FACE_BOUND('',#8254,.T.);
#9044=FACE_BOUND('',#8255,.T.);
#9045=FACE_BOUND('',#8256,.T.);
#9046=FACE_BOUND('',#8257,.T.);
#9047=FACE_BOUND('',#8258,.T.);
#9048=FACE_BOUND('',#8259,.T.);
#9049=FACE_BOUND('',#8260,.T.);
#9050=FACE_BOUND('',#8261,.T.);
#9051=FACE_BOUND('',#8262,.T.);
#9052=FACE_BOUND('',#8263,.T.);
#9053=FACE_BOUND('',#8264,.T.);
#9054=FACE_BOUND('',#8265,.T.);
#9055=FACE_BOUND('',#8266,.T.);
#9056=FACE_BOUND('',#8267,.T.);
#9057=FACE_BOUND('',#8268,.T.);
#9058=FACE_BOUND('',#8269,.T.);
#9059=FACE_BOUND('',#8270,.T.);
#9060=FACE_BOUND('',#8271,.T.);
#9061=FACE_BOUND('',#8272,.T.);
#9062=FACE_BOUND('',#8273,.T.);
#9063=FACE_BOUND('',#8274,.T.);
#9064=FACE_BOUND('',#8275,.T.);
#9065=FACE_BOUND('',#8276,.T.);
#9066=FACE_BOUND('',#8277,.T.);
#9067=FACE_BOUND('',#8278,.T.);
#9068=FACE_BOUND('',#8279,.T.);
#9069=FACE_BOUND('',#8280,.T.);
#9070=FACE_BOUND('',#8281,.T.);
#9071=FACE_BOUND('',#8282,.T.);
#9072=FACE_BOUND('',#8283,.T.);
#9073=FACE_BOUND('',#8284,.T.);
#9074=FACE_BOUND('',#8285,.T.);
#9075=FACE_BOUND('',#8286,.T.);
#9076=FACE_BOUND('',#8287,.T.);
#9077=FACE_BOUND('',#8288,.T.);
#9078=FACE_BOUND('',#8289,.T.);
#9079=FACE_BOUND('',#8290,.T.);
#9080=FACE_BOUND('',#8291,.T.);
#9081=FACE_BOUND('',#8292,.T.);
#9082=FACE_BOUND('',#8293,.T.);
#9083=FACE_BOUND('',#8294,.T.);
#9084=FACE_BOUND('',#8295,.T.);
#9085=FACE_BOUND('',#8296,.T.);
#9086=FACE_BOUND('',#8297,.T.);
#9087=FACE_BOUND('',#8298,.T.);
#9088=FACE_BOUND('',#8299,.T.);
#9089=FACE_BOUND('',#8300,.T.);
#9090=FACE_BOUND('',#8301,.T.);
#9091=FACE_BOUND('',#8302,.T.);
#9092=FACE_BOUND('',#8303,.T.);
#9093=FACE_BOUND('',#8304,.T.);
#9094=FACE_BOUND('',#8305,.T.);
#9095=FACE_BOUND('',#8306,.T.);
#9096=FACE_BOUND('',#8307,.T.);
#9097=FACE_BOUND('',#8308,.T.);
#9098=FACE_BOUND('',#8309,.T.);
#9099=FACE_BOUND('',#8310,.T.);
#9100=FACE_BOUND('',#8311,.T.);
#9101=FACE_BOUND('',#8312,.T.);
#9102=FACE_BOUND('',#8313,.T.);
#9103=FACE_BOUND('',#8314,.T.);
#9104=FACE_BOUND('',#8315,.T.);
#9105=FACE_BOUND('',#8316,.T.);
#9106=FACE_BOUND('',#8317,.T.);
#9107=FACE_BOUND('',#8318,.T.);
#9108=FACE_BOUND('',#8319,.T.);
#9109=FACE_BOUND('',#8320,.T.);
#9110=FACE_BOUND('',#8321,.T.);
#9111=FACE_BOUND('',#8322,.T.);
#9112=FACE_BOUND('',#8323,.T.);
#9113=FACE_BOUND('',#8324,.T.);
#9114=FACE_BOUND('',#8325,.T.);
#9115=FACE_BOUND('',#8326,.T.);
#9116=FACE_BOUND('',#8327,.T.);
#9117=FACE_BOUND('',#8328,.T.);
#9118=FACE_BOUND('',#8329,.T.);
#9119=FACE_BOUND('',#8330,.T.);
#9120=FACE_BOUND('',#8331,.T.);
#9121=FACE_BOUND('',#8332,.T.);
#9122=FACE_BOUND('',#8333,.T.);
#9123=FACE_BOUND('',#8334,.T.);
#9124=FACE_BOUND('',#8335,.T.);
#9125=FACE_BOUND('',#8336,.T.);
#9126=FACE_BOUND('',#8337,.T.);
#9127=FACE_BOUND('',#8338,.T.);
#9128=FACE_BOUND('',#8339,.T.);
#9129=FACE_BOUND('',#8340,.T.);
#9130=FACE_BOUND('',#8341,.T.);
#9131=FACE_BOUND('',#8342,.T.);
#9132=FACE_BOUND('',#8343,.T.);
#9133=FACE_BOUND('',#8344,.T.);
#9134=FACE_BOUND('',#8345,.T.);
#9135=FACE_BOUND('',#8346,.T.);
#9136=FACE_BOUND('',#8347,.T.);
#9137=FACE_BOUND('',#8348,.T.);
#9138=FACE_BOUND('',#8349,.T.);
#9139=FACE_BOUND('',#8350,.T.);
#9140=FACE_BOUND('',#8351,.T.);
#9141=FACE_BOUND('',#8352,.T.);
#9142=FACE_BOUND('',#8353,.T.);
#9143=FACE_BOUND('',#8354,.T.);
#9144=FACE_BOUND('',#8355,.T.);
#9145=FACE_BOUND('',#8356,.T.);
#9146=FACE_BOUND('',#8357,.T.);
#9147=FACE_BOUND('',#8358,.T.);
#9148=FACE_BOUND('',#8359,.T.);
#9149=FACE_BOUND('',#8360,.T.);
#9150=FACE_BOUND('',#8361,.T.);
#9151=FACE_BOUND('',#8362,.T.);
#9152=FACE_BOUND('',#8363,.T.);
#9153=FACE_BOUND('',#8364,.T.);
#9154=FACE_BOUND('',#8365,.T.);
#9155=FACE_BOUND('',#8366,.T.);
#9156=FACE_BOUND('',#8367,.T.);
#9157=FACE_BOUND('',#8368,.T.);
#9158=FACE_BOUND('',#8369,.T.);
#9159=FACE_BOUND('',#8370,.T.);
#9160=FACE_BOUND('',#8371,.T.);
#9161=FACE_BOUND('',#8372,.T.);
#9162=FACE_BOUND('',#8373,.T.);
#9163=FACE_BOUND('',#8374,.T.);
#9164=FACE_BOUND('',#8375,.T.);
#9165=FACE_BOUND('',#8376,.T.);
#9166=FACE_BOUND('',#8377,.T.);
#9167=FACE_BOUND('',#8378,.T.);
#9168=FACE_BOUND('',#8379,.T.);
#9169=FACE_BOUND('',#8380,.T.);
#9170=FACE_BOUND('',#8381,.T.);
#9171=FACE_BOUND('',#8382,.T.);
#9172=FACE_BOUND('',#8383,.T.);
#9173=FACE_BOUND('',#8384,.T.);
#9174=FACE_BOUND('',#8385,.T.);
#9175=FACE_BOUND('',#8386,.T.);
#9176=FACE_BOUND('',#8387,.T.);
#9177=FACE_BOUND('',#8388,.T.);
#9178=FACE_BOUND('',#8389,.T.);
#9179=FACE_BOUND('',#8390,.T.);
#9180=FACE_BOUND('',#8391,.T.);
#9181=FACE_BOUND('',#8392,.T.);
#9182=FACE_BOUND('',#8393,.T.);
#9183=FACE_BOUND('',#8394,.T.);
#9184=FACE_BOUND('',#8395,.T.);
#9185=FACE_BOUND('',#8396,.T.);
#9186=FACE_BOUND('',#8397,.T.);
#9187=FACE_BOUND('',#8398,.T.);
#9188=FACE_BOUND('',#8399,.T.);
#9189=FACE_BOUND('',#8400,.T.);
#9190=FACE_BOUND('',#8401,.T.);
#9191=FACE_BOUND('',#8402,.T.);
#9192=FACE_BOUND('',#8403,.T.);
#9193=FACE_BOUND('',#8404,.T.);
#9194=FACE_BOUND('',#8405,.T.);
#9195=FACE_BOUND('',#8406,.T.);
#9196=FACE_BOUND('',#8407,.T.);
#9197=FACE_BOUND('',#8408,.T.);
#9198=FACE_BOUND('',#8409,.T.);
#9199=FACE_BOUND('',#8410,.T.);
#9200=FACE_BOUND('',#8411,.T.);
#9201=FACE_BOUND('',#8412,.T.);
#9202=FACE_BOUND('',#8413,.T.);
#9203=FACE_BOUND('',#8414,.T.);
#9204=FACE_BOUND('',#8415,.T.);
#9205=FACE_BOUND('',#8416,.T.);
#9206=FACE_BOUND('',#8417,.T.);
#9207=FACE_BOUND('',#8418,.T.);
#9208=FACE_BOUND('',#8419,.T.);
#9209=FACE_BOUND('',#8420,.T.);
#9210=FACE_BOUND('',#8421,.T.);
#9211=FACE_BOUND('',#8422,.T.);
#9212=FACE_BOUND('',#8423,.T.);
#9213=FACE_BOUND('',#8424,.T.);
#9214=FACE_BOUND('',#8425,.T.);
#9215=FACE_BOUND('',#8426,.T.);
#9216=FACE_BOUND('',#8427,.T.);
#9217=FACE_BOUND('',#8428,.T.);
#9218=FACE_BOUND('',#8429,.T.);
#9219=FACE_BOUND('',#8430,.T.);
#9220=FACE_BOUND('',#8431,.T.);
#9221=FACE_BOUND('',#8432,.T.);
#9222=FACE_BOUND('',#8433,.T.);
#9223=FACE_BOUND('',#8434,.T.);
#9224=FACE_BOUND('',#8435,.T.);
#9225=FACE_BOUND('',#8436,.T.);
#9226=FACE_BOUND('',#8437,.T.);
#9227=FACE_BOUND('',#8438,.T.);
#9228=FACE_BOUND('',#8439,.T.);
#9229=FACE_BOUND('',#8440,.T.);
#9230=FACE_BOUND('',#8441,.T.);
#9231=FACE_BOUND('',#8442,.T.);
#9232=FACE_BOUND('',#8443,.T.);
#9233=FACE_BOUND('',#8444,.T.);
#9234=FACE_BOUND('',#8445,.T.);
#9235=FACE_BOUND('',#8446,.T.);
#9236=FACE_BOUND('',#8447,.T.);
#9237=FACE_BOUND('',#8448,.T.);
#9238=FACE_BOUND('',#8449,.T.);
#9239=FACE_BOUND('',#8450,.T.);
#9240=FACE_BOUND('',#8451,.T.);
#9241=FACE_BOUND('',#8452,.T.);
#9242=FACE_BOUND('',#8453,.T.);
#9243=FACE_BOUND('',#8454,.T.);
#9244=FACE_BOUND('',#8455,.T.);
#9245=FACE_BOUND('',#8456,.T.);
#9246=FACE_BOUND('',#8457,.T.);
#9247=FACE_BOUND('',#8458,.T.);
#9248=FACE_BOUND('',#8459,.T.);
#9249=FACE_BOUND('',#8460,.T.);
#9250=FACE_BOUND('',#8461,.T.);
#9251=FACE_BOUND('',#8462,.T.);
#9252=FACE_BOUND('',#8463,.T.);
#9253=FACE_BOUND('',#8464,.T.);
#9254=FACE_BOUND('',#8465,.T.);
#9255=FACE_BOUND('',#8466,.T.);
#9256=FACE_BOUND('',#8467,.T.);
#9257=FACE_BOUND('',#8468,.T.);
#9258=FACE_BOUND('',#8469,.T.);
#9259=FACE_BOUND('',#8470,.T.);
#9260=FACE_BOUND('',#8471,.T.);
#9261=FACE_BOUND('',#8472,.T.);
#9262=FACE_BOUND('',#8473,.T.);
#9263=FACE_BOUND('',#8474,.T.);
#9264=FACE_BOUND('',#8475,.T.);
#9265=FACE_BOUND('',#8476,.T.);
#9266=FACE_BOUND('',#8477,.T.);
#9267=FACE_BOUND('',#8478,.T.);
#9268=FACE_BOUND('',#8479,.T.);
#9269=FACE_BOUND('',#8480,.T.);
#9270=FACE_BOUND('',#8481,.T.);
#9271=FACE_BOUND('',#8482,.T.);
#9272=FACE_BOUND('',#8483,.T.);
#9273=FACE_BOUND('',#8484,.T.);
#9274=FACE_BOUND('',#8485,.T.);
#9275=FACE_BOUND('',#8486,.T.);
#9276=FACE_BOUND('',#8487,.T.);
#9277=FACE_BOUND('',#8488,.T.);
#9278=FACE_BOUND('',#8489,.T.);
#9279=FACE_BOUND('',#8490,.T.);
#9280=FACE_BOUND('',#8491,.T.);
#9281=FACE_BOUND('',#8492,.T.);
#9282=FACE_BOUND('',#8493,.T.);
#9283=FACE_BOUND('',#8494,.T.);
#9284=FACE_BOUND('',#8495,.T.);
#9285=FACE_BOUND('',#8496,.T.);
#9286=FACE_BOUND('',#8497,.T.);
#9287=FACE_BOUND('',#8498,.T.);
#9288=FACE_BOUND('',#8499,.T.);
#9289=FACE_BOUND('',#8500,.T.);
#9290=FACE_BOUND('',#8501,.T.);
#9291=FACE_BOUND('',#8502,.T.);
#9292=FACE_BOUND('',#8503,.T.);
#9293=FACE_BOUND('',#8504,.T.);
#9294=FACE_BOUND('',#8505,.T.);
#9295=FACE_BOUND('',#8506,.T.);
#9296=FACE_BOUND('',#8507,.T.);
#9297=FACE_BOUND('',#8508,.T.);
#9298=FACE_BOUND('',#8509,.T.);
#9299=FACE_BOUND('',#8510,.T.);
#9300=FACE_BOUND('',#8511,.T.);
#9301=FACE_BOUND('',#8512,.T.);
#9302=FACE_BOUND('',#8513,.T.);
#9303=FACE_BOUND('',#8514,.T.);
#9304=FACE_BOUND('',#8515,.T.);
#9305=FACE_BOUND('',#8516,.T.);
#9306=FACE_BOUND('',#8517,.T.);
#9307=FACE_BOUND('',#8518,.T.);
#9308=FACE_BOUND('',#8519,.T.);
#9309=FACE_BOUND('',#8520,.T.);
#9310=FACE_BOUND('',#8521,.T.);
#9311=FACE_BOUND('',#8522,.T.);
#9312=FACE_BOUND('',#8523,.T.);
#9313=FACE_BOUND('',#8524,.T.);
#9314=FACE_BOUND('',#8525,.T.);
#9315=FACE_BOUND('',#8526,.T.);
#9316=FACE_BOUND('',#8527,.T.);
#9317=FACE_BOUND('',#8528,.T.);
#9318=FACE_BOUND('',#8529,.T.);
#9319=FACE_BOUND('',#8530,.T.);
#9320=FACE_BOUND('',#8531,.T.);
#9321=FACE_BOUND('',#8532,.T.);
#9322=FACE_BOUND('',#8533,.T.);
#9323=FACE_BOUND('',#8534,.T.);
#9324=FACE_BOUND('',#8535,.T.);
#9325=FACE_BOUND('',#8536,.T.);
#9326=FACE_BOUND('',#8537,.T.);
#9327=FACE_BOUND('',#8538,.T.);
#9328=FACE_BOUND('',#8539,.T.);
#9329=FACE_BOUND('',#8540,.T.);
#9330=FACE_BOUND('',#8541,.T.);
#9331=FACE_BOUND('',#8542,.T.);
#9332=FACE_BOUND('',#8543,.T.);
#9333=FACE_BOUND('',#8544,.T.);
#9334=FACE_BOUND('',#8545,.T.);
#9335=FACE_BOUND('',#8546,.T.);
#9336=FACE_BOUND('',#8547,.T.);
#9337=FACE_BOUND('',#8548,.T.);
#9338=FACE_BOUND('',#8549,.T.);
#9339=FACE_BOUND('',#8550,.T.);
#9340=FACE_BOUND('',#8551,.T.);
#9341=FACE_BOUND('',#8552,.T.);
#9342=FACE_BOUND('',#8553,.T.);
#9343=FACE_BOUND('',#8554,.T.);
#9344=FACE_BOUND('',#8555,.T.);
#9345=FACE_BOUND('',#8556,.T.);
#9346=FACE_BOUND('',#8557,.T.);
#9347=FACE_BOUND('',#8558,.T.);
#9348=FACE_BOUND('',#8559,.T.);
#9349=FACE_BOUND('',#8560,.T.);
#9350=FACE_BOUND('',#8561,.T.);
#9351=FACE_BOUND('',#8562,.T.);
#9352=FACE_BOUND('',#8563,.T.);
#9353=FACE_BOUND('',#8564,.T.);
#9354=FACE_BOUND('',#8565,.T.);
#9355=FACE_BOUND('',#8566,.T.);
#9356=FACE_BOUND('',#8567,.T.);
#9357=FACE_BOUND('',#8568,.T.);
#9358=FACE_BOUND('',#8569,.T.);
#9359=FACE_BOUND('',#8570,.T.);
#9360=FACE_BOUND('',#8571,.T.);
#9361=FACE_BOUND('',#8572,.T.);
#9362=FACE_BOUND('',#8573,.T.);
#9363=FACE_BOUND('',#8574,.T.);
#9364=FACE_BOUND('',#8575,.T.);
#9365=FACE_BOUND('',#8576,.T.);
#9366=FACE_BOUND('',#8577,.T.);
#9367=FACE_BOUND('',#8578,.T.);
#9368=FACE_BOUND('',#8579,.T.);
#9369=FACE_BOUND('',#8580,.T.);
#9370=FACE_BOUND('',#8581,.T.);
#9371=FACE_BOUND('',#8582,.T.);
#9372=FACE_BOUND('',#8583,.T.);
#9373=FACE_BOUND('',#8584,.T.);
#9374=FACE_BOUND('',#8585,.T.);
#9375=FACE_BOUND('',#8586,.T.);
#9376=FACE_BOUND('',#8587,.T.);
#9377=FACE_BOUND('',#8588,.T.);
#9378=FACE_BOUND('',#8589,.T.);
#9379=FACE_BOUND('',#8590,.T.);
#9380=FACE_BOUND('',#8591,.T.);
#9381=FACE_BOUND('',#8592,.T.);
#9382=FACE_BOUND('',#8593,.T.);
#9383=FACE_BOUND('',#8594,.T.);
#9384=FACE_BOUND('',#8595,.T.);
#9385=FACE_BOUND('',#8596,.T.);
#9386=FACE_BOUND('',#8597,.T.);
#9387=FACE_BOUND('',#8598,.T.);
#9388=FACE_BOUND('',#8599,.T.);
#9389=FACE_BOUND('',#8600,.T.);
#9390=FACE_BOUND('',#8601,.T.);
#9391=FACE_BOUND('',#8602,.T.);
#9392=FACE_BOUND('',#8603,.T.);
#9393=FACE_BOUND('',#8604,.T.);
#9394=FACE_BOUND('',#8605,.T.);
#9395=FACE_BOUND('',#8606,.T.);
#9396=FACE_BOUND('',#8607,.T.);
#9397=FACE_BOUND('',#8608,.T.);
#9398=FACE_BOUND('',#8609,.T.);
#9399=FACE_BOUND('',#8610,.T.);
#9400=FACE_BOUND('',#8611,.T.);
#9401=FACE_BOUND('',#8612,.T.);
#9402=FACE_BOUND('',#8613,.T.);
#9403=FACE_BOUND('',#8614,.T.);
#9404=FACE_BOUND('',#8615,.T.);
#9405=FACE_BOUND('',#8616,.T.);
#9406=FACE_BOUND('',#8617,.T.);
#9407=FACE_BOUND('',#8618,.T.);
#9408=FACE_BOUND('',#8619,.T.);
#9409=FACE_BOUND('',#8620,.T.);
#9410=FACE_BOUND('',#8621,.T.);
#9411=FACE_BOUND('',#8622,.T.);
#9412=FACE_BOUND('',#8623,.T.);
#9413=FACE_BOUND('',#8624,.T.);
#9414=FACE_BOUND('',#8625,.T.);
#9415=FACE_BOUND('',#8626,.T.);
#9416=FACE_BOUND('',#8627,.T.);
#9417=FACE_BOUND('',#8628,.T.);
#9418=FACE_BOUND('',#8629,.T.);
#9419=FACE_BOUND('',#8630,.T.);
#9420=FACE_BOUND('',#8631,.T.);
#9421=FACE_BOUND('',#8632,.T.);
#9422=FACE_BOUND('',#8633,.T.);
#9423=FACE_BOUND('',#8634,.T.);
#9424=FACE_BOUND('',#8635,.T.);
#9425=FACE_BOUND('',#8636,.T.);
#9426=FACE_BOUND('',#8637,.T.);
#9427=FACE_BOUND('',#8638,.T.);
#9428=FACE_BOUND('',#8639,.T.);
#9429=FACE_BOUND('',#8640,.T.);
#9430=FACE_BOUND('',#8641,.T.);
#9431=FACE_BOUND('',#8642,.T.);
#9432=FACE_BOUND('',#8643,.T.);
#9433=FACE_BOUND('',#8644,.T.);
#9434=FACE_BOUND('',#8645,.T.);
#9435=FACE_BOUND('',#8646,.T.);
#9436=FACE_BOUND('',#8647,.T.);
#9437=FACE_BOUND('',#8648,.T.);
#9438=FACE_BOUND('',#8649,.T.);
#9439=FACE_BOUND('',#8650,.T.);
#9440=FACE_BOUND('',#8651,.T.);
#9441=FACE_BOUND('',#8652,.T.);
#9442=FACE_BOUND('',#8653,.T.);
#9443=FACE_BOUND('',#8654,.T.);
#9444=FACE_BOUND('',#8655,.T.);
#9445=FACE_BOUND('',#8656,.T.);
#9446=FACE_BOUND('',#8657,.T.);
#9447=FACE_BOUND('',#8658,.T.);
#9448=FACE_BOUND('',#8659,.T.);
#9449=FACE_BOUND('',#8660,.T.);
#9450=FACE_BOUND('',#8661,.T.);
#9451=FACE_BOUND('',#8662,.T.);
#9452=FACE_BOUND('',#8663,.T.);
#9453=FACE_BOUND('',#8664,.T.);
#9454=FACE_BOUND('',#8665,.T.);
#9455=FACE_BOUND('',#8666,.T.);
#9456=FACE_BOUND('',#8667,.T.);
#9457=FACE_BOUND('',#8668,.T.);
#9458=FACE_BOUND('',#8669,.T.);
#9459=FACE_BOUND('',#8670,.T.);
#9460=FACE_BOUND('',#8671,.T.);
#9461=FACE_BOUND('',#8672,.T.);
#9462=FACE_BOUND('',#8673,.T.);
#9463=FACE_BOUND('',#8674,.T.);
#9464=FACE_BOUND('',#8675,.T.);
#9465=FACE_BOUND('',#8676,.T.);
#9466=FACE_BOUND('',#8677,.T.);
#9467=FACE_BOUND('',#8678,.T.);
#9468=FACE_BOUND('',#8679,.T.);
#9469=FACE_BOUND('',#8680,.T.);
#9470=FACE_BOUND('',#8681,.T.);
#9471=FACE_BOUND('',#8682,.T.);
#9472=FACE_BOUND('',#8683,.T.);
#9473=FACE_BOUND('',#8684,.T.);
#9474=FACE_BOUND('',#8685,.T.);
#9475=FACE_BOUND('',#8686,.T.);
#9476=FACE_BOUND('',#8687,.T.);
#9477=FACE_BOUND('',#8688,.T.);
#9478=FACE_BOUND('',#8689,.T.);
#9479=FACE_BOUND('',#8690,.T.);
#9480=FACE_BOUND('',#8691,.T.);
#9481=FACE_BOUND('',#8692,.T.);
#9482=FACE_BOUND('',#8693,.T.);
#9483=FACE_BOUND('',#8694,.T.);
#9484=FACE_BOUND('',#8695,.T.);
#9485=FACE_BOUND('',#8696,.T.);
#9486=FACE_BOUND('',#8697,.T.);
#9487=FACE_BOUND('',#8698,.T.);
#9488=FACE_BOUND('',#8699,.T.);
#9489=FACE_BOUND('',#8700,.T.);
#9490=FACE_BOUND('',#8701,.T.);
#9491=FACE_BOUND('',#8702,.T.);
#9492=FACE_BOUND('',#8703,.T.);
#9493=FACE_BOUND('',#8704,.T.);
#9494=FACE_BOUND('',#8705,.T.);
#9495=FACE_BOUND('',#8706,.T.);
#9496=FACE_BOUND('',#8707,.T.);
#9497=FACE_BOUND('',#8708,.T.);
#9498=FACE_BOUND('',#8709,.T.);
#9499=FACE_BOUND('',#8710,.T.);
#9500=FACE_BOUND('',#8711,.T.);
#9501=FACE_BOUND('',#8712,.T.);
#9502=FACE_BOUND('',#8713,.T.);
#9503=FACE_BOUND('',#8714,.T.);
#9504=FACE_BOUND('',#8715,.T.);
#9505=FACE_BOUND('',#8716,.T.);
#9506=FACE_BOUND('',#8717,.T.);
#9507=FACE_BOUND('',#8718,.T.);
#9508=FACE_BOUND('',#8719,.T.);
#9509=FACE_BOUND('',#8720,.T.);
#9510=FACE_BOUND('',#8721,.T.);
#9511=FACE_BOUND('',#8722,.T.);
#9512=FACE_BOUND('',#8723,.T.);
#9513=FACE_BOUND('',#8724,.T.);
#9514=FACE_BOUND('',#8725,.T.);
#9515=FACE_BOUND('',#8726,.T.);
#9516=FACE_BOUND('',#8727,.T.);
#9517=FACE_BOUND('',#8728,.T.);
#9518=FACE_BOUND('',#8729,.T.);
#9519=FACE_BOUND('',#8730,.T.);
#9520=FACE_BOUND('',#8731,.T.);
#9521=FACE_BOUND('',#8732,.T.);
#9522=FACE_BOUND('',#8733,.T.);
#9523=FACE_BOUND('',#8734,.T.);
#9524=FACE_BOUND('',#8735,.T.);
#9525=FACE_BOUND('',#8736,.T.);
#9526=FACE_BOUND('',#8737,.T.);
#9527=FACE_BOUND('',#8738,.T.);
#9528=FACE_BOUND('',#8739,.T.);
#9529=FACE_BOUND('',#8740,.T.);
#9530=FACE_BOUND('',#8741,.T.);
#9531=FACE_BOUND('',#8742,.T.);
#9532=FACE_BOUND('',#8743,.T.);
#9533=FACE_BOUND('',#8744,.T.);
#9534=FACE_BOUND('',#8745,.T.);
#9535=FACE_BOUND('',#8746,.T.);
#9536=FACE_BOUND('',#8747,.T.);
#9537=FACE_BOUND('',#8748,.T.);
#9538=FACE_BOUND('',#8749,.T.);
#9539=FACE_BOUND('',#8750,.T.);
#9540=FACE_BOUND('',#8751,.T.);
#9541=FACE_BOUND('',#8752,.T.);
#9542=FACE_BOUND('',#8753,.T.);
#9543=FACE_BOUND('',#8754,.T.);
#9544=FACE_BOUND('',#8755,.T.);
#9545=FACE_BOUND('',#8756,.T.);
#9546=FACE_BOUND('',#8757,.T.);
#9547=FACE_BOUND('',#8758,.T.);
#9548=FACE_BOUND('',#8759,.T.);
#9549=FACE_BOUND('',#8760,.T.);
#9550=FACE_BOUND('',#8761,.T.);
#9551=FACE_BOUND('',#8762,.T.);
#9552=FACE_BOUND('',#8763,.T.);
#9553=FACE_BOUND('',#8764,.T.);
#9554=FACE_BOUND('',#8765,.T.);
#9555=FACE_BOUND('',#8766,.T.);
#9556=FACE_BOUND('',#8767,.T.);
#9557=FACE_BOUND('',#8768,.T.);
#9558=FACE_BOUND('',#8769,.T.);
#9559=FACE_BOUND('',#8770,.T.);
#9560=FACE_BOUND('',#8771,.T.);
#9561=FACE_BOUND('',#8772,.T.);
#9562=FACE_BOUND('',#8773,.T.);
#9563=FACE_BOUND('',#8774,.T.);
#9564=FACE_BOUND('',#8775,.T.);
#9565=FACE_BOUND('',#8776,.T.);
#9566=FACE_BOUND('',#8777,.T.);
#9567=FACE_BOUND('',#8778,.T.);
#9568=FACE_BOUND('',#8779,.T.);
#9569=PLANE('',#10592);
#9570=PLANE('',#10610);
#9571=PLANE('',#10618);
#9572=PLANE('',#10619);
#9573=PLANE('',#10620);
#9574=PLANE('',#10621);
#9575=PLANE('',#10622);
#9576=PLANE('',#10628);
#9577=PLANE('',#10639);
#9578=PLANE('',#10640);
#9579=PLANE('',#10641);
#9580=PLANE('',#10644);
#9581=PLANE('',#10645);
#9582=PLANE('',#10646);
#9583=PLANE('',#10647);
#9584=PLANE('',#10648);
#9585=PLANE('',#10649);
#9586=PLANE('',#10650);
#9587=PLANE('',#10651);
#9588=PLANE('',#10652);
#9589=PLANE('',#10653);
#9590=PLANE('',#10654);
#9591=PLANE('',#10655);
#9592=PLANE('',#10656);
#9593=PLANE('',#10657);
#9594=PLANE('',#10658);
#9595=PLANE('',#10659);
#9596=PLANE('',#10660);
#9597=PLANE('',#10661);
#9598=PLANE('',#10662);
#9599=PLANE('',#10663);
#9600=PLANE('',#10664);
#9601=PLANE('',#10665);
#9602=PLANE('',#10666);
#9603=PLANE('',#10667);
#9604=PLANE('',#10668);
#9605=PLANE('',#10669);
#9606=PLANE('',#10670);
#9607=PLANE('',#10671);
#9608=PLANE('',#10672);
#9609=PLANE('',#10673);
#9610=PLANE('',#10674);
#9611=PLANE('',#10675);
#9612=PLANE('',#10676);
#9613=PLANE('',#10677);
#9614=PLANE('',#10678);
#9615=PLANE('',#10679);
#9616=PLANE('',#10680);
#9617=PLANE('',#10681);
#9618=PLANE('',#10682);
#9619=PLANE('',#10683);
#9620=PLANE('',#10684);
#9621=PLANE('',#10685);
#9622=PLANE('',#10686);
#9623=PLANE('',#10687);
#9624=PLANE('',#10688);
#9625=PLANE('',#10689);
#9626=PLANE('',#10690);
#9627=PLANE('',#10691);
#9628=PLANE('',#10692);
#9629=PLANE('',#10693);
#9630=PLANE('',#10694);
#9631=PLANE('',#10695);
#9632=PLANE('',#10696);
#9633=PLANE('',#10697);
#9634=PLANE('',#10698);
#9635=PLANE('',#10699);
#9636=PLANE('',#10701);
#9637=PLANE('',#10702);
#9638=PLANE('',#10703);
#9639=PLANE('',#10704);
#9640=PLANE('',#10705);
#9641=PLANE('',#10706);
#9642=PLANE('',#10707);
#9643=PLANE('',#10708);
#9644=PLANE('',#10709);
#9645=PLANE('',#10710);
#9646=PLANE('',#10711);
#9647=PLANE('',#10712);
#9648=PLANE('',#10713);
#9649=PLANE('',#10714);
#9650=PLANE('',#10717);
#9651=PLANE('',#10719);
#9652=PLANE('',#10720);
#9653=PLANE('',#10722);
#9654=PLANE('',#10723);
#9655=PLANE('',#10724);
#9656=PLANE('',#10725);
#9657=PLANE('',#10726);
#9658=PLANE('',#10727);
#9659=PLANE('',#10728);
#9660=PLANE('',#10729);
#9661=PLANE('',#10730);
#9662=PLANE('',#10732);
#9663=PLANE('',#10733);
#9664=PLANE('',#10734);
#9665=PLANE('',#10735);
#9666=PLANE('',#10799);
#9667=PLANE('',#10802);
#9668=PLANE('',#10804);
#9669=PLANE('',#10805);
#9670=PLANE('',#10806);
#9671=PLANE('',#10807);
#9672=PLANE('',#10808);
#9673=PLANE('',#10809);
#9674=PLANE('',#10839);
#9675=PLANE('',#10840);
#9676=PLANE('',#10841);
#9677=PLANE('',#10842);
#9678=PLANE('',#10843);
#9679=PLANE('',#10849);
#9680=PLANE('',#10850);
#9681=PLANE('',#10851);
#9682=PLANE('',#10852);
#9683=PLANE('',#10855);
#9684=PLANE('',#10856);
#9685=PLANE('',#10857);
#9686=PLANE('',#10858);
#9687=PLANE('',#10859);
#9688=PLANE('',#10861);
#9689=PLANE('',#10862);
#9690=PLANE('',#10865);
#9691=PLANE('',#10868);
#9692=PLANE('',#10872);
#9693=PLANE('',#10874);
#9694=PLANE('',#10876);
#9695=PLANE('',#10878);
#9696=PLANE('',#10880);
#9697=PLANE('',#10882);
#9698=PLANE('',#10896);
#9699=PLANE('',#10898);
#9700=PLANE('',#10900);
#9701=PLANE('',#10902);
#9702=PLANE('',#10904);
#9703=PLANE('',#10906);
#9704=PLANE('',#10908);
#9705=PLANE('',#10910);
#9706=PLANE('',#10931);
#9707=PLANE('',#10935);
#9708=PLANE('',#10958);
#9709=PLANE('',#10961);
#9710=PLANE('',#10964);
#9711=PLANE('',#10975);
#9712=PLANE('',#10976);
#9713=PLANE('',#10977);
#9714=PLANE('',#10978);
#9715=PLANE('',#10979);
#9716=PLANE('',#10980);
#9717=PLANE('',#10981);
#9718=PLANE('',#10982);
#9719=PLANE('',#10983);
#9720=PLANE('',#10984);
#9721=PLANE('',#10985);
#9722=PLANE('',#10986);
#9723=PLANE('',#10987);
#9724=PLANE('',#10988);
#9725=PLANE('',#10989);
#9726=PLANE('',#10990);
#9727=PLANE('',#10991);
#9728=PLANE('',#10992);
#9729=PLANE('',#10993);
#9730=PLANE('',#10994);
#9731=PLANE('',#10995);
#9732=PLANE('',#10996);
#9733=PLANE('',#10997);
#9734=PLANE('',#10998);
#9735=PLANE('',#10999);
#9736=PLANE('',#11001);
#9737=PLANE('',#11004);
#9738=PLANE('',#11007);
#9739=PLANE('',#11008);
#9740=PLANE('',#11011);
#9741=PLANE('',#11012);
#9742=PLANE('',#11014);
#9743=PLANE('',#11018);
#9744=PLANE('',#11019);
#9745=PLANE('',#11028);
#9746=PLANE('',#11045);
#9747=PLANE('',#11046);
#9748=PLANE('',#11047);
#9749=PLANE('',#11048);
#9750=PLANE('',#11049);
#9751=PLANE('',#11052);
#9752=PLANE('',#11055);
#9753=PLANE('',#11059);
#9754=PLANE('',#11064);
#9755=PLANE('',#11069);
#9756=PLANE('',#11074);
#9757=PLANE('',#11079);
#9758=PLANE('',#11084);
#9759=PLANE('',#11089);
#9760=PLANE('',#11094);
#9761=PLANE('',#11127);
#9762=PLANE('',#11130);
#9763=PLANE('',#11133);
#9764=PLANE('',#11136);
#9765=PLANE('',#11139);
#9766=PLANE('',#11142);
#9767=PLANE('',#11145);
#9768=PLANE('',#11148);
#9769=PLANE('',#11151);
#9770=PLANE('',#11152);
#9771=PLANE('',#11153);
#9772=PLANE('',#11154);
#9773=PLANE('',#11155);
#9774=PLANE('',#11156);
#9775=PLANE('',#11157);
#9776=PLANE('',#11158);
#9777=PLANE('',#11159);
#9778=PLANE('',#11160);
#9779=PLANE('',#11161);
#9780=PLANE('',#11162);
#9781=PLANE('',#11163);
#9782=PLANE('',#11164);
#9783=PLANE('',#11165);
#9784=PLANE('',#11166);
#9785=PLANE('',#11167);
#9786=PLANE('',#11168);
#9787=PLANE('',#11169);
#9788=PLANE('',#11170);
#9789=PLANE('',#11171);
#9790=PLANE('',#11173);
#9791=PLANE('',#11180);
#9792=PLANE('',#11181);
#9793=PLANE('',#11182);
#9794=PLANE('',#11183);
#9795=PLANE('',#11184);
#9796=PLANE('',#11185);
#9797=PLANE('',#11186);
#9798=PLANE('',#11187);
#9799=PLANE('',#11188);
#9800=PLANE('',#11189);
#9801=PLANE('',#11190);
#9802=PLANE('',#11191);
#9803=PLANE('',#11192);
#9804=PLANE('',#11193);
#9805=PLANE('',#11194);
#9806=PLANE('',#11195);
#9807=PLANE('',#11196);
#9808=PLANE('',#11197);
#9809=PLANE('',#11198);
#9810=PLANE('',#11199);
#9811=PLANE('',#11200);
#9812=PLANE('',#11201);
#9813=PLANE('',#11202);
#9814=PLANE('',#11203);
#9815=PLANE('',#11204);
#9816=PLANE('',#11205);
#9817=PLANE('',#11206);
#9818=PLANE('',#11207);
#9819=PLANE('',#11208);
#9820=PLANE('',#11209);
#9821=PLANE('',#11210);
#9822=PLANE('',#11211);
#9823=PLANE('',#11212);
#9824=PLANE('',#11213);
#9825=PLANE('',#11214);
#9826=PLANE('',#11215);
#9827=PLANE('',#11216);
#9828=PLANE('',#11217);
#9829=PLANE('',#11218);
#9830=PLANE('',#11219);
#9831=PLANE('',#11220);
#9832=PLANE('',#11221);
#9833=PLANE('',#11222);
#9834=PLANE('',#11223);
#9835=PLANE('',#11224);
#9836=PLANE('',#11225);
#9837=PLANE('',#11226);
#9838=PLANE('',#11227);
#9839=PLANE('',#11228);
#9840=PLANE('',#11229);
#9841=PLANE('',#11230);
#9842=PLANE('',#11231);
#9843=PLANE('',#11232);
#9844=PLANE('',#11233);
#9845=PLANE('',#11234);
#9846=PLANE('',#11235);
#9847=PLANE('',#11236);
#9848=PLANE('',#11237);
#9849=PLANE('',#11238);
#9850=PLANE('',#11239);
#9851=PLANE('',#11240);
#9852=PLANE('',#11241);
#9853=PLANE('',#11242);
#9854=PLANE('',#11243);
#9855=PLANE('',#11244);
#9856=PLANE('',#11245);
#9857=PLANE('',#11246);
#9858=PLANE('',#11247);
#9859=PLANE('',#11248);
#9860=PLANE('',#11249);
#9861=PLANE('',#11250);
#9862=PLANE('',#11251);
#9863=PLANE('',#11252);
#9864=PLANE('',#11253);
#9865=PLANE('',#11254);
#9866=PLANE('',#11255);
#9867=PLANE('',#11256);
#9868=PLANE('',#11257);
#9869=PLANE('',#11261);
#9870=PLANE('',#11262);
#9871=PLANE('',#11263);
#9872=PLANE('',#11264);
#9873=PLANE('',#11265);
#9874=PLANE('',#11266);
#9875=PLANE('',#11267);
#9876=PLANE('',#11268);
#9877=PLANE('',#11269);
#9878=PLANE('',#11270);
#9879=PLANE('',#11271);
#9880=PLANE('',#11272);
#9881=PLANE('',#11276);
#9882=PLANE('',#11277);
#9883=PLANE('',#11278);
#9884=PLANE('',#11279);
#9885=PLANE('',#11280);
#9886=PLANE('',#11281);
#9887=PLANE('',#11282);
#9888=PLANE('',#11283);
#9889=PLANE('',#11284);
#9890=PLANE('',#11285);
#9891=PLANE('',#11286);
#9892=PLANE('',#11287);
#9893=PLANE('',#11288);
#9894=PLANE('',#11289);
#9895=PLANE('',#11290);
#9896=PLANE('',#11291);
#9897=PLANE('',#11292);
#9898=PLANE('',#11293);
#9899=PLANE('',#11294);
#9900=PLANE('',#11295);
#9901=PLANE('',#11296);
#9902=PLANE('',#11297);
#9903=PLANE('',#11298);
#9904=PLANE('',#11299);
#9905=PLANE('',#11300);
#9906=PLANE('',#11301);
#9907=PLANE('',#11302);
#9908=PLANE('',#11303);
#9909=PLANE('',#11304);
#9910=PLANE('',#11305);
#9911=PLANE('',#11306);
#9912=PLANE('',#11307);
#9913=PLANE('',#11308);
#9914=PLANE('',#11309);
#9915=PLANE('',#11310);
#9916=PLANE('',#11311);
#9917=PLANE('',#11312);
#9918=PLANE('',#11313);
#9919=PLANE('',#11314);
#9920=PLANE('',#11315);
#9921=PLANE('',#11316);
#9922=PLANE('',#11317);
#9923=PLANE('',#11318);
#9924=PLANE('',#11319);
#9925=PLANE('',#11320);
#9926=PLANE('',#11321);
#9927=PLANE('',#11322);
#9928=PLANE('',#11323);
#9929=PLANE('',#11324);
#9930=PLANE('',#11325);
#9931=PLANE('',#11326);
#9932=PLANE('',#11327);
#9933=PLANE('',#11328);
#9934=PLANE('',#11329);
#9935=PLANE('',#11330);
#9936=PLANE('',#11331);
#9937=PLANE('',#11335);
#9938=PLANE('',#11336);
#9939=PLANE('',#11337);
#9940=PLANE('',#11338);
#9941=PLANE('',#11345);
#9942=PLANE('',#11346);
#9943=PLANE('',#11347);
#9944=PLANE('',#11348);
#9945=PLANE('',#11352);
#9946=PLANE('',#11353);
#9947=PLANE('',#11354);
#9948=PLANE('',#11355);
#9949=PLANE('',#11356);
#9950=PLANE('',#11357);
#9951=PLANE('',#11358);
#9952=PLANE('',#11359);
#9953=PLANE('',#11363);
#9954=PLANE('',#11364);
#9955=PLANE('',#11365);
#9956=PLANE('',#11366);
#9957=PLANE('',#11370);
#9958=PLANE('',#11371);
#9959=PLANE('',#11372);
#9960=PLANE('',#11373);
#9961=PLANE('',#11377);
#9962=PLANE('',#11378);
#9963=PLANE('',#11379);
#9964=PLANE('',#11380);
#9965=PLANE('',#11387);
#9966=PLANE('',#11388);
#9967=PLANE('',#11398);
#9968=PLANE('',#11403);
#9969=PLANE('',#11411);
#9970=PLANE('',#11412);
#9971=PLANE('',#11413);
#9972=PLANE('',#11414);
#9973=PLANE('',#11415);
#9974=PLANE('',#11416);
#9975=PLANE('',#11421);
#9976=PLANE('',#11422);
#9977=PLANE('',#11423);
#9978=PLANE('',#11424);
#9979=PLANE('',#11425);
#9980=PLANE('',#11426);
#9981=ADVANCED_FACE('',(#8780,#8781,#8782,#8783,#8784,#8785,#8786,#8787,
#8788,#8789,#8790,#8791,#8792,#8793,#8794,#8795,#8796,#8797,#8798,#8799,
#8800,#8801,#8802),#9569,.F.);
#9982=ADVANCED_FACE('',(#8803,#8804),#74,.F.);
#9983=ADVANCED_FACE('',(#8805,#8806),#9570,.T.);
#9984=ADVANCED_FACE('',(#8807),#9571,.F.);
#9985=ADVANCED_FACE('',(#8808),#9572,.T.);
#9986=ADVANCED_FACE('',(#8809),#9573,.T.);
#9987=ADVANCED_FACE('',(#8810),#9574,.T.);
#9988=ADVANCED_FACE('',(#8811,#8812,#8813,#8814),#9575,.T.);
#9989=ADVANCED_FACE('',(#8815,#8816,#8817,#8818,#8819,#8820,#8821,#8822,
#8823,#8824,#8825,#8826,#8827,#8828,#8829,#8830,#8831,#8832,#8833,#8834),
#9576,.T.);
#9990=ADVANCED_FACE('',(#8835),#9577,.F.);
#9991=ADVANCED_FACE('',(#8836),#9578,.T.);
#9992=ADVANCED_FACE('',(#8837),#9579,.T.);
#9993=ADVANCED_FACE('',(#8838),#9580,.F.);
#9994=ADVANCED_FACE('',(#8839),#9581,.F.);
#9995=ADVANCED_FACE('',(#8840),#9582,.F.);
#9996=ADVANCED_FACE('',(#8841),#9583,.F.);
#9997=ADVANCED_FACE('',(#8842),#9584,.F.);
#9998=ADVANCED_FACE('',(#8843),#9585,.F.);
#9999=ADVANCED_FACE('',(#8844),#9586,.F.);
#10000=ADVANCED_FACE('',(#8845),#9587,.F.);
#10001=ADVANCED_FACE('',(#8846),#9588,.F.);
#10002=ADVANCED_FACE('',(#8847),#9589,.F.);
#10003=ADVANCED_FACE('',(#8848),#9590,.F.);
#10004=ADVANCED_FACE('',(#8849),#9591,.F.);
#10005=ADVANCED_FACE('',(#8850),#9592,.F.);
#10006=ADVANCED_FACE('',(#8851),#9593,.F.);
#10007=ADVANCED_FACE('',(#8852),#9594,.F.);
#10008=ADVANCED_FACE('',(#8853),#9595,.F.);
#10009=ADVANCED_FACE('',(#8854),#9596,.F.);
#10010=ADVANCED_FACE('',(#8855),#9597,.F.);
#10011=ADVANCED_FACE('',(#8856),#9598,.F.);
#10012=ADVANCED_FACE('',(#8857),#9599,.F.);
#10013=ADVANCED_FACE('',(#8858),#9600,.F.);
#10014=ADVANCED_FACE('',(#8859),#9601,.F.);
#10015=ADVANCED_FACE('',(#8860),#9602,.F.);
#10016=ADVANCED_FACE('',(#8861),#9603,.F.);
#10017=ADVANCED_FACE('',(#8862),#9604,.F.);
#10018=ADVANCED_FACE('',(#8863),#9605,.F.);
#10019=ADVANCED_FACE('',(#8864),#9606,.F.);
#10020=ADVANCED_FACE('',(#8865),#9607,.F.);
#10021=ADVANCED_FACE('',(#8866),#9608,.F.);
#10022=ADVANCED_FACE('',(#8867),#9609,.F.);
#10023=ADVANCED_FACE('',(#8868),#9610,.F.);
#10024=ADVANCED_FACE('',(#8869),#9611,.F.);
#10025=ADVANCED_FACE('',(#8870),#9612,.F.);
#10026=ADVANCED_FACE('',(#8871),#9613,.F.);
#10027=ADVANCED_FACE('',(#8872),#9614,.F.);
#10028=ADVANCED_FACE('',(#8873),#9615,.F.);
#10029=ADVANCED_FACE('',(#8874),#9616,.F.);
#10030=ADVANCED_FACE('',(#8875),#9617,.F.);
#10031=ADVANCED_FACE('',(#8876),#9618,.F.);
#10032=ADVANCED_FACE('',(#8877),#9619,.F.);
#10033=ADVANCED_FACE('',(#8878),#9620,.F.);
#10034=ADVANCED_FACE('',(#8879),#9621,.F.);
#10035=ADVANCED_FACE('',(#8880),#9622,.F.);
#10036=ADVANCED_FACE('',(#8881),#9623,.F.);
#10037=ADVANCED_FACE('',(#8882),#9624,.F.);
#10038=ADVANCED_FACE('',(#8883),#9625,.F.);
#10039=ADVANCED_FACE('',(#8884),#9626,.F.);
#10040=ADVANCED_FACE('',(#8885),#9627,.F.);
#10041=ADVANCED_FACE('',(#8886),#9628,.F.);
#10042=ADVANCED_FACE('',(#8887),#9629,.F.);
#10043=ADVANCED_FACE('',(#8888),#9630,.F.);
#10044=ADVANCED_FACE('',(#8889),#9631,.F.);
#10045=ADVANCED_FACE('',(#8890),#9632,.F.);
#10046=ADVANCED_FACE('',(#8891),#9633,.F.);
#10047=ADVANCED_FACE('',(#8892),#9634,.F.);
#10048=ADVANCED_FACE('',(#8893),#9635,.F.);
#10049=ADVANCED_FACE('',(#8894,#8895),#75,.F.);
#10050=ADVANCED_FACE('',(#8896),#9636,.F.);
#10051=ADVANCED_FACE('',(#8897),#9637,.F.);
#10052=ADVANCED_FACE('',(#8898),#9638,.F.);
#10053=ADVANCED_FACE('',(#8899),#9639,.F.);
#10054=ADVANCED_FACE('',(#8900),#9640,.F.);
#10055=ADVANCED_FACE('',(#8901),#9641,.F.);
#10056=ADVANCED_FACE('',(#8902),#9642,.F.);
#10057=ADVANCED_FACE('',(#8903),#9643,.F.);
#10058=ADVANCED_FACE('',(#8904),#9644,.F.);
#10059=ADVANCED_FACE('',(#8905),#9645,.F.);
#10060=ADVANCED_FACE('',(#8906),#9646,.F.);
#10061=ADVANCED_FACE('',(#8907),#9647,.F.);
#10062=ADVANCED_FACE('',(#8908),#9648,.F.);
#10063=ADVANCED_FACE('',(#8909),#9649,.F.);
#10064=ADVANCED_FACE('',(#8910,#8911),#76,.F.);
#10065=ADVANCED_FACE('',(#8912,#8913),#77,.F.);
#10066=ADVANCED_FACE('',(#8914),#9650,.F.);
#10067=ADVANCED_FACE('',(#8915,#8916),#78,.F.);
#10068=ADVANCED_FACE('',(#8917),#9651,.F.);
#10069=ADVANCED_FACE('',(#8918),#9652,.F.);
#10070=ADVANCED_FACE('',(#8919,#8920),#79,.F.);
#10071=ADVANCED_FACE('',(#8921),#9653,.F.);
#10072=ADVANCED_FACE('',(#8922),#9654,.F.);
#10073=ADVANCED_FACE('',(#8923),#9655,.F.);
#10074=ADVANCED_FACE('',(#8924),#9656,.T.);
#10075=ADVANCED_FACE('',(#8925),#9657,.T.);
#10076=ADVANCED_FACE('',(#8926),#9658,.F.);
#10077=ADVANCED_FACE('',(#8927),#9659,.F.);
#10078=ADVANCED_FACE('',(#8928),#9660,.F.);
#10079=ADVANCED_FACE('',(#8929),#9661,.T.);
#10080=ADVANCED_FACE('',(#8930),#9662,.F.);
#10081=ADVANCED_FACE('',(#8931),#9663,.F.);
#10082=ADVANCED_FACE('',(#8932),#9664,.F.);
#10083=ADVANCED_FACE('',(#8933),#9665,.T.);
#10084=ADVANCED_FACE('',(#8934),#80,.T.);
#10085=ADVANCED_FACE('',(#8935),#64,.T.);
#10086=ADVANCED_FACE('',(#8936),#81,.T.);
#10087=ADVANCED_FACE('',(#8937),#82,.T.);
#10088=ADVANCED_FACE('',(#8938),#83,.T.);
#10089=ADVANCED_FACE('',(#8939),#84,.F.);
#10090=ADVANCED_FACE('',(#8940),#65,.T.);
#10091=ADVANCED_FACE('',(#8941),#36,.T.);
#10092=ADVANCED_FACE('',(#8942),#85,.F.);
#10093=ADVANCED_FACE('',(#8943),#86,.T.);
#10094=ADVANCED_FACE('',(#8944),#87,.T.);
#10095=ADVANCED_FACE('',(#8945),#88,.F.);
#10096=ADVANCED_FACE('',(#8946),#37,.T.);
#10097=ADVANCED_FACE('',(#8947),#38,.T.);
#10098=ADVANCED_FACE('',(#8948),#89,.F.);
#10099=ADVANCED_FACE('',(#8949),#90,.T.);
#10100=ADVANCED_FACE('',(#8950),#91,.T.);
#10101=ADVANCED_FACE('',(#8951),#39,.T.);
#10102=ADVANCED_FACE('',(#8952),#92,.T.);
#10103=ADVANCED_FACE('',(#8953),#93,.F.);
#10104=ADVANCED_FACE('',(#8954),#40,.T.);
#10105=ADVANCED_FACE('',(#8955),#94,.F.);
#10106=ADVANCED_FACE('',(#8956),#95,.T.);
#10107=ADVANCED_FACE('',(#8957),#96,.T.);
#10108=ADVANCED_FACE('',(#8958),#97,.F.);
#10109=ADVANCED_FACE('',(#8959),#41,.T.);
#10110=ADVANCED_FACE('',(#8960),#42,.T.);
#10111=ADVANCED_FACE('',(#8961),#98,.T.);
#10112=ADVANCED_FACE('',(#8962),#99,.T.);
#10113=ADVANCED_FACE('',(#8963),#43,.T.);
#10114=ADVANCED_FACE('',(#8964),#100,.F.);
#10115=ADVANCED_FACE('',(#8965),#9666,.T.);
#10116=ADVANCED_FACE('',(#8966),#9667,.T.);
#10117=ADVANCED_FACE('',(#8967),#9668,.T.);
#10118=ADVANCED_FACE('',(#8968),#9669,.F.);
#10119=ADVANCED_FACE('',(#8969),#9670,.F.);
#10120=ADVANCED_FACE('',(#8970),#9671,.T.);
#10121=ADVANCED_FACE('',(#8971),#9672,.T.);
#10122=ADVANCED_FACE('',(#8972),#9673,.T.);
#10123=ADVANCED_FACE('',(#8973),#101,.F.);
#10124=ADVANCED_FACE('',(#8974),#102,.T.);
#10125=ADVANCED_FACE('',(#8975),#44,.T.);
#10126=ADVANCED_FACE('',(#8976),#103,.T.);
#10127=ADVANCED_FACE('',(#8977),#104,.T.);
#10128=ADVANCED_FACE('',(#8978),#45,.T.);
#10129=ADVANCED_FACE('',(#8979),#105,.F.);
#10130=ADVANCED_FACE('',(#8980),#106,.T.);
#10131=ADVANCED_FACE('',(#8981),#107,.T.);
#10132=ADVANCED_FACE('',(#8982),#66,.T.);
#10133=ADVANCED_FACE('',(#8983),#108,.T.);
#10134=ADVANCED_FACE('',(#8984),#109,.T.);
#10135=ADVANCED_FACE('',(#8985),#67,.T.);
#10136=ADVANCED_FACE('',(#8986),#110,.T.);
#10137=ADVANCED_FACE('',(#8987),#9674,.F.);
#10138=ADVANCED_FACE('',(#8988),#9675,.F.);
#10139=ADVANCED_FACE('',(#8989),#9676,.F.);
#10140=ADVANCED_FACE('',(#8990),#9677,.F.);
#10141=ADVANCED_FACE('',(#8991),#9678,.T.);
#10142=ADVANCED_FACE('',(#8992),#111,.F.);
#10143=ADVANCED_FACE('',(#8993),#9679,.F.);
#10144=ADVANCED_FACE('',(#8994),#9680,.F.);
#10145=ADVANCED_FACE('',(#8995),#9681,.T.);
#10146=ADVANCED_FACE('',(#8996,#8997,#8998),#9682,.T.);
#10147=ADVANCED_FACE('',(#8999),#9683,.F.);
#10148=ADVANCED_FACE('',(#9000),#9684,.F.);
#10149=ADVANCED_FACE('',(#9001),#9685,.T.);
#10150=ADVANCED_FACE('',(#9002),#9686,.T.);
#10151=ADVANCED_FACE('',(#9003,#9004),#9687,.T.);
#10152=ADVANCED_FACE('',(#9005),#9688,.T.);
#10153=ADVANCED_FACE('',(#9006),#9689,.T.);
#10154=ADVANCED_FACE('',(#9007,#9008),#112,.F.);
#10155=ADVANCED_FACE('',(#9009),#9690,.T.);
#10156=ADVANCED_FACE('',(#9010,#9011),#113,.F.);
#10157=ADVANCED_FACE('',(#9012),#9691,.T.);
#10158=ADVANCED_FACE('',(#9013,#9014),#114,.F.);
#10159=ADVANCED_FACE('',(#9015),#9692,.T.);
#10160=ADVANCED_FACE('',(#9016),#9693,.T.);
#10161=ADVANCED_FACE('',(#9017),#9694,.T.);
#10162=ADVANCED_FACE('',(#9018),#9695,.T.);
#10163=ADVANCED_FACE('',(#9019),#9696,.T.);
#10164=ADVANCED_FACE('',(#9020),#9697,.T.);
#10165=ADVANCED_FACE('',(#9021,#9022),#115,.F.);
#10166=ADVANCED_FACE('',(#9023,#9024),#116,.F.);
#10167=ADVANCED_FACE('',(#9025,#9026),#117,.F.);
#10168=ADVANCED_FACE('',(#9027,#9028),#118,.F.);
#10169=ADVANCED_FACE('',(#9029,#9030),#119,.F.);
#10170=ADVANCED_FACE('',(#9031,#9032),#120,.F.);
#10171=ADVANCED_FACE('',(#9033,#9034),#9698,.T.);
#10172=ADVANCED_FACE('',(#9035,#9036),#9699,.T.);
#10173=ADVANCED_FACE('',(#9037,#9038),#9700,.T.);
#10174=ADVANCED_FACE('',(#9039,#9040),#9701,.T.);
#10175=ADVANCED_FACE('',(#9041,#9042),#9702,.T.);
#10176=ADVANCED_FACE('',(#9043,#9044),#9703,.T.);
#10177=ADVANCED_FACE('',(#9045),#9704,.T.);
#10178=ADVANCED_FACE('',(#9046),#9705,.T.);
#10179=ADVANCED_FACE('',(#9047,#9048),#121,.T.);
#10180=ADVANCED_FACE('',(#9049,#9050),#122,.T.);
#10181=ADVANCED_FACE('',(#9051,#9052),#123,.T.);
#10182=ADVANCED_FACE('',(#9053,#9054),#124,.T.);
#10183=ADVANCED_FACE('',(#9055,#9056),#125,.T.);
#10184=ADVANCED_FACE('',(#9057,#9058),#126,.T.);
#10185=ADVANCED_FACE('',(#9059,#9060),#127,.F.);
#10186=ADVANCED_FACE('',(#9061,#9062),#128,.F.);
#10187=ADVANCED_FACE('',(#9063),#129,.T.);
#10188=ADVANCED_FACE('',(#9064),#9706,.T.);
#10189=ADVANCED_FACE('',(#9065),#130,.T.);
#10190=ADVANCED_FACE('',(#9066),#9707,.F.);
#10191=ADVANCED_FACE('',(#9067),#131,.T.);
#10192=ADVANCED_FACE('',(#9068,#9069),#46,.F.);
#10193=ADVANCED_FACE('',(#9070,#9071),#47,.F.);
#10194=ADVANCED_FACE('',(#9072,#9073),#48,.F.);
#10195=ADVANCED_FACE('',(#9074,#9075),#49,.F.);
#10196=ADVANCED_FACE('',(#9076,#9077),#50,.F.);
#10197=ADVANCED_FACE('',(#9078,#9079),#51,.F.);
#10198=ADVANCED_FACE('',(#9080),#132,.F.);
#10199=ADVANCED_FACE('',(#9081),#68,.T.);
#10200=ADVANCED_FACE('',(#9082),#69,.T.);
#10201=ADVANCED_FACE('',(#9083),#9708,.T.);
#10202=ADVANCED_FACE('',(#9084),#133,.T.);
#10203=ADVANCED_FACE('',(#9085),#9709,.F.);
#10204=ADVANCED_FACE('',(#9086),#134,.T.);
#10205=ADVANCED_FACE('',(#9087),#9710,.T.);
#10206=ADVANCED_FACE('',(#9088),#135,.F.);
#10207=ADVANCED_FACE('',(#9089),#136,.F.);
#10208=ADVANCED_FACE('',(#9090),#137,.F.);
#10209=ADVANCED_FACE('',(#9091),#138,.F.);
#10210=ADVANCED_FACE('',(#9092,#9093,#9094,#9095,#9096,#9097,#9098),#9711,
 .T.);
#10211=ADVANCED_FACE('',(#9099),#9712,.T.);
#10212=ADVANCED_FACE('',(#9100),#9713,.F.);
#10213=ADVANCED_FACE('',(#9101,#9102,#9103),#9714,.F.);
#10214=ADVANCED_FACE('',(#9104),#9715,.F.);
#10215=ADVANCED_FACE('',(#9105),#9716,.F.);
#10216=ADVANCED_FACE('',(#9106),#9717,.F.);
#10217=ADVANCED_FACE('',(#9107),#9718,.F.);
#10218=ADVANCED_FACE('',(#9108),#9719,.F.);
#10219=ADVANCED_FACE('',(#9109),#9720,.F.);
#10220=ADVANCED_FACE('',(#9110),#9721,.F.);
#10221=ADVANCED_FACE('',(#9111),#9722,.F.);
#10222=ADVANCED_FACE('',(#9112),#9723,.F.);
#10223=ADVANCED_FACE('',(#9113),#9724,.F.);
#10224=ADVANCED_FACE('',(#9114),#9725,.F.);
#10225=ADVANCED_FACE('',(#9115),#9726,.F.);
#10226=ADVANCED_FACE('',(#9116),#9727,.F.);
#10227=ADVANCED_FACE('',(#9117),#9728,.F.);
#10228=ADVANCED_FACE('',(#9118),#9729,.F.);
#10229=ADVANCED_FACE('',(#9119),#9730,.F.);
#10230=ADVANCED_FACE('',(#9120),#9731,.F.);
#10231=ADVANCED_FACE('',(#9121),#9732,.F.);
#10232=ADVANCED_FACE('',(#9122),#9733,.F.);
#10233=ADVANCED_FACE('',(#9123),#9734,.F.);
#10234=ADVANCED_FACE('',(#9124),#9735,.F.);
#10235=ADVANCED_FACE('',(#9125,#9126,#9127),#9736,.F.);
#10236=ADVANCED_FACE('',(#9128),#9737,.F.);
#10237=ADVANCED_FACE('',(#9129),#9738,.T.);
#10238=ADVANCED_FACE('',(#9130),#9739,.T.);
#10239=ADVANCED_FACE('',(#9131),#9740,.F.);
#10240=ADVANCED_FACE('',(#9132),#9741,.T.);
#10241=ADVANCED_FACE('',(#9133),#9742,.T.);
#10242=ADVANCED_FACE('',(#9134),#9743,.T.);
#10243=ADVANCED_FACE('',(#9135,#9136,#9137,#9138,#9139,#9140,#9141,#9142,
#9143),#9744,.T.);
#10244=ADVANCED_FACE('',(#9144),#9745,.T.);
#10245=ADVANCED_FACE('',(#9145),#139,.F.);
#10246=ADVANCED_FACE('',(#9146),#140,.F.);
#10247=ADVANCED_FACE('',(#9147),#141,.T.);
#10248=ADVANCED_FACE('',(#9148),#142,.T.);
#10249=ADVANCED_FACE('',(#9149),#9746,.F.);
#10250=ADVANCED_FACE('',(#9150),#9747,.T.);
#10251=ADVANCED_FACE('',(#9151),#9748,.F.);
#10252=ADVANCED_FACE('',(#9152),#9749,.F.);
#10253=ADVANCED_FACE('',(#9153),#9750,.T.);
#10254=ADVANCED_FACE('',(#9154,#9155),#143,.F.);
#10255=ADVANCED_FACE('',(#9156),#9751,.T.);
#10256=ADVANCED_FACE('',(#9157,#9158),#144,.F.);
#10257=ADVANCED_FACE('',(#9159),#9752,.T.);
#10258=ADVANCED_FACE('',(#9160,#9161),#145,.T.);
#10259=ADVANCED_FACE('',(#9162,#9163),#9753,.T.);
#10260=ADVANCED_FACE('',(#9164,#9165),#146,.T.);
#10261=ADVANCED_FACE('',(#9166,#9167),#9754,.T.);
#10262=ADVANCED_FACE('',(#9168,#9169),#147,.T.);
#10263=ADVANCED_FACE('',(#9170,#9171),#9755,.T.);
#10264=ADVANCED_FACE('',(#9172,#9173),#148,.T.);
#10265=ADVANCED_FACE('',(#9174,#9175),#9756,.T.);
#10266=ADVANCED_FACE('',(#9176,#9177),#149,.T.);
#10267=ADVANCED_FACE('',(#9178,#9179),#9757,.T.);
#10268=ADVANCED_FACE('',(#9180,#9181),#150,.T.);
#10269=ADVANCED_FACE('',(#9182,#9183),#9758,.T.);
#10270=ADVANCED_FACE('',(#9184,#9185),#151,.T.);
#10271=ADVANCED_FACE('',(#9186,#9187),#9759,.T.);
#10272=ADVANCED_FACE('',(#9188,#9189),#152,.T.);
#10273=ADVANCED_FACE('',(#9190,#9191),#9760,.T.);
#10274=ADVANCED_FACE('',(#9192,#9193),#52,.F.);
#10275=ADVANCED_FACE('',(#9194,#9195),#53,.F.);
#10276=ADVANCED_FACE('',(#9196,#9197),#54,.F.);
#10277=ADVANCED_FACE('',(#9198,#9199),#55,.F.);
#10278=ADVANCED_FACE('',(#9200,#9201),#56,.F.);
#10279=ADVANCED_FACE('',(#9202,#9203),#57,.F.);
#10280=ADVANCED_FACE('',(#9204,#9205),#58,.F.);
#10281=ADVANCED_FACE('',(#9206,#9207),#59,.F.);
#10282=ADVANCED_FACE('',(#9208),#153,.F.);
#10283=ADVANCED_FACE('',(#9209),#154,.F.);
#10284=ADVANCED_FACE('',(#9210),#155,.T.);
#10285=ADVANCED_FACE('',(#9211),#60,.T.);
#10286=ADVANCED_FACE('',(#9212),#156,.T.);
#10287=ADVANCED_FACE('',(#9213),#157,.T.);
#10288=ADVANCED_FACE('',(#9214),#61,.T.);
#10289=ADVANCED_FACE('',(#9215),#158,.F.);
#10290=ADVANCED_FACE('',(#9216),#159,.T.);
#10291=ADVANCED_FACE('',(#9217),#70,.T.);
#10292=ADVANCED_FACE('',(#9218),#160,.T.);
#10293=ADVANCED_FACE('',(#9219),#161,.T.);
#10294=ADVANCED_FACE('',(#9220),#71,.T.);
#10295=ADVANCED_FACE('',(#9221),#9761,.T.);
#10296=ADVANCED_FACE('',(#9222,#9223),#162,.F.);
#10297=ADVANCED_FACE('',(#9224),#9762,.T.);
#10298=ADVANCED_FACE('',(#9225,#9226),#163,.F.);
#10299=ADVANCED_FACE('',(#9227),#9763,.T.);
#10300=ADVANCED_FACE('',(#9228,#9229),#164,.F.);
#10301=ADVANCED_FACE('',(#9230),#9764,.T.);
#10302=ADVANCED_FACE('',(#9231,#9232),#165,.F.);
#10303=ADVANCED_FACE('',(#9233),#9765,.T.);
#10304=ADVANCED_FACE('',(#9234,#9235),#166,.F.);
#10305=ADVANCED_FACE('',(#9236),#9766,.T.);
#10306=ADVANCED_FACE('',(#9237,#9238),#167,.F.);
#10307=ADVANCED_FACE('',(#9239),#9767,.T.);
#10308=ADVANCED_FACE('',(#9240,#9241),#168,.F.);
#10309=ADVANCED_FACE('',(#9242),#9768,.T.);
#10310=ADVANCED_FACE('',(#9243,#9244),#169,.F.);
#10311=ADVANCED_FACE('',(#9245),#9769,.T.);
#10312=ADVANCED_FACE('',(#9246),#9770,.T.);
#10313=ADVANCED_FACE('',(#9247),#9771,.T.);
#10314=ADVANCED_FACE('',(#9248),#9772,.T.);
#10315=ADVANCED_FACE('',(#9249),#9773,.T.);
#10316=ADVANCED_FACE('',(#9250),#9774,.T.);
#10317=ADVANCED_FACE('',(#9251),#9775,.T.);
#10318=ADVANCED_FACE('',(#9252),#9776,.T.);
#10319=ADVANCED_FACE('',(#9253),#9777,.T.);
#10320=ADVANCED_FACE('',(#9254),#9778,.T.);
#10321=ADVANCED_FACE('',(#9255),#9779,.T.);
#10322=ADVANCED_FACE('',(#9256),#9780,.T.);
#10323=ADVANCED_FACE('',(#9257),#9781,.T.);
#10324=ADVANCED_FACE('',(#9258),#9782,.T.);
#10325=ADVANCED_FACE('',(#9259),#9783,.T.);
#10326=ADVANCED_FACE('',(#9260),#9784,.T.);
#10327=ADVANCED_FACE('',(#9261),#9785,.T.);
#10328=ADVANCED_FACE('',(#9262),#9786,.T.);
#10329=ADVANCED_FACE('',(#9263),#9787,.T.);
#10330=ADVANCED_FACE('',(#9264),#9788,.T.);
#10331=ADVANCED_FACE('',(#9265),#9789,.T.);
#10332=ADVANCED_FACE('',(#9266),#9790,.T.);
#10333=ADVANCED_FACE('',(#9267),#170,.T.);
#10334=ADVANCED_FACE('',(#9268),#171,.T.);
#10335=ADVANCED_FACE('',(#9269),#9791,.F.);
#10336=ADVANCED_FACE('',(#9270),#9792,.T.);
#10337=ADVANCED_FACE('',(#9271),#9793,.F.);
#10338=ADVANCED_FACE('',(#9272),#9794,.F.);
#10339=ADVANCED_FACE('',(#9273),#9795,.F.);
#10340=ADVANCED_FACE('',(#9274),#9796,.F.);
#10341=ADVANCED_FACE('',(#9275),#9797,.F.);
#10342=ADVANCED_FACE('',(#9276),#9798,.F.);
#10343=ADVANCED_FACE('',(#9277),#9799,.F.);
#10344=ADVANCED_FACE('',(#9278),#9800,.F.);
#10345=ADVANCED_FACE('',(#9279),#9801,.F.);
#10346=ADVANCED_FACE('',(#9280),#9802,.F.);
#10347=ADVANCED_FACE('',(#9281),#9803,.F.);
#10348=ADVANCED_FACE('',(#9282),#9804,.F.);
#10349=ADVANCED_FACE('',(#9283),#9805,.F.);
#10350=ADVANCED_FACE('',(#9284),#9806,.F.);
#10351=ADVANCED_FACE('',(#9285),#9807,.F.);
#10352=ADVANCED_FACE('',(#9286),#9808,.F.);
#10353=ADVANCED_FACE('',(#9287),#9809,.F.);
#10354=ADVANCED_FACE('',(#9288),#9810,.F.);
#10355=ADVANCED_FACE('',(#9289),#9811,.F.);
#10356=ADVANCED_FACE('',(#9290),#9812,.F.);
#10357=ADVANCED_FACE('',(#9291),#9813,.F.);
#10358=ADVANCED_FACE('',(#9292),#9814,.F.);
#10359=ADVANCED_FACE('',(#9293),#9815,.F.);
#10360=ADVANCED_FACE('',(#9294),#9816,.F.);
#10361=ADVANCED_FACE('',(#9295),#9817,.F.);
#10362=ADVANCED_FACE('',(#9296),#9818,.F.);
#10363=ADVANCED_FACE('',(#9297),#9819,.F.);
#10364=ADVANCED_FACE('',(#9298),#9820,.F.);
#10365=ADVANCED_FACE('',(#9299),#9821,.F.);
#10366=ADVANCED_FACE('',(#9300),#9822,.F.);
#10367=ADVANCED_FACE('',(#9301),#9823,.F.);
#10368=ADVANCED_FACE('',(#9302),#9824,.F.);
#10369=ADVANCED_FACE('',(#9303),#9825,.F.);
#10370=ADVANCED_FACE('',(#9304),#9826,.F.);
#10371=ADVANCED_FACE('',(#9305),#9827,.F.);
#10372=ADVANCED_FACE('',(#9306),#9828,.F.);
#10373=ADVANCED_FACE('',(#9307),#9829,.F.);
#10374=ADVANCED_FACE('',(#9308),#9830,.F.);
#10375=ADVANCED_FACE('',(#9309),#9831,.F.);
#10376=ADVANCED_FACE('',(#9310),#9832,.F.);
#10377=ADVANCED_FACE('',(#9311),#9833,.F.);
#10378=ADVANCED_FACE('',(#9312),#9834,.F.);
#10379=ADVANCED_FACE('',(#9313),#9835,.F.);
#10380=ADVANCED_FACE('',(#9314),#9836,.F.);
#10381=ADVANCED_FACE('',(#9315),#9837,.F.);
#10382=ADVANCED_FACE('',(#9316),#9838,.F.);
#10383=ADVANCED_FACE('',(#9317),#9839,.F.);
#10384=ADVANCED_FACE('',(#9318),#9840,.F.);
#10385=ADVANCED_FACE('',(#9319),#9841,.F.);
#10386=ADVANCED_FACE('',(#9320),#9842,.F.);
#10387=ADVANCED_FACE('',(#9321),#9843,.F.);
#10388=ADVANCED_FACE('',(#9322),#9844,.F.);
#10389=ADVANCED_FACE('',(#9323),#9845,.F.);
#10390=ADVANCED_FACE('',(#9324),#9846,.F.);
#10391=ADVANCED_FACE('',(#9325),#9847,.F.);
#10392=ADVANCED_FACE('',(#9326),#9848,.F.);
#10393=ADVANCED_FACE('',(#9327),#9849,.F.);
#10394=ADVANCED_FACE('',(#9328),#9850,.F.);
#10395=ADVANCED_FACE('',(#9329),#9851,.F.);
#10396=ADVANCED_FACE('',(#9330),#9852,.F.);
#10397=ADVANCED_FACE('',(#9331),#9853,.F.);
#10398=ADVANCED_FACE('',(#9332),#9854,.F.);
#10399=ADVANCED_FACE('',(#9333),#9855,.F.);
#10400=ADVANCED_FACE('',(#9334),#9856,.F.);
#10401=ADVANCED_FACE('',(#9335),#9857,.F.);
#10402=ADVANCED_FACE('',(#9336),#9858,.F.);
#10403=ADVANCED_FACE('',(#9337),#9859,.F.);
#10404=ADVANCED_FACE('',(#9338),#9860,.F.);
#10405=ADVANCED_FACE('',(#9339),#9861,.F.);
#10406=ADVANCED_FACE('',(#9340),#9862,.F.);
#10407=ADVANCED_FACE('',(#9341),#9863,.F.);
#10408=ADVANCED_FACE('',(#9342),#9864,.F.);
#10409=ADVANCED_FACE('',(#9343),#9865,.F.);
#10410=ADVANCED_FACE('',(#9344),#9866,.F.);
#10411=ADVANCED_FACE('',(#9345),#9867,.F.);
#10412=ADVANCED_FACE('',(#9346),#9868,.F.);
#10413=ADVANCED_FACE('',(#9347,#9348),#172,.F.);
#10414=ADVANCED_FACE('',(#9349),#9869,.F.);
#10415=ADVANCED_FACE('',(#9350),#9870,.F.);
#10416=ADVANCED_FACE('',(#9351),#9871,.F.);
#10417=ADVANCED_FACE('',(#9352),#9872,.F.);
#10418=ADVANCED_FACE('',(#9353),#9873,.F.);
#10419=ADVANCED_FACE('',(#9354),#9874,.F.);
#10420=ADVANCED_FACE('',(#9355),#9875,.F.);
#10421=ADVANCED_FACE('',(#9356),#9876,.F.);
#10422=ADVANCED_FACE('',(#9357),#9877,.F.);
#10423=ADVANCED_FACE('',(#9358),#9878,.F.);
#10424=ADVANCED_FACE('',(#9359),#9879,.F.);
#10425=ADVANCED_FACE('',(#9360),#9880,.F.);
#10426=ADVANCED_FACE('',(#9361,#9362),#173,.F.);
#10427=ADVANCED_FACE('',(#9363),#9881,.T.);
#10428=ADVANCED_FACE('',(#9364),#9882,.T.);
#10429=ADVANCED_FACE('',(#9365),#9883,.T.);
#10430=ADVANCED_FACE('',(#9366),#9884,.T.);
#10431=ADVANCED_FACE('',(#9367),#9885,.F.);
#10432=ADVANCED_FACE('',(#9368),#9886,.T.);
#10433=ADVANCED_FACE('',(#9369),#9887,.T.);
#10434=ADVANCED_FACE('',(#9370),#9888,.T.);
#10435=ADVANCED_FACE('',(#9371),#9889,.T.);
#10436=ADVANCED_FACE('',(#9372),#9890,.T.);
#10437=ADVANCED_FACE('',(#9373),#9891,.T.);
#10438=ADVANCED_FACE('',(#9374),#9892,.T.);
#10439=ADVANCED_FACE('',(#9375),#9893,.F.);
#10440=ADVANCED_FACE('',(#9376),#9894,.T.);
#10441=ADVANCED_FACE('',(#9377),#9895,.T.);
#10442=ADVANCED_FACE('',(#9378),#9896,.T.);
#10443=ADVANCED_FACE('',(#9379),#9897,.F.);
#10444=ADVANCED_FACE('',(#9380),#9898,.F.);
#10445=ADVANCED_FACE('',(#9381),#9899,.T.);
#10446=ADVANCED_FACE('',(#9382),#9900,.T.);
#10447=ADVANCED_FACE('',(#9383),#9901,.T.);
#10448=ADVANCED_FACE('',(#9384),#9902,.T.);
#10449=ADVANCED_FACE('',(#9385),#9903,.T.);
#10450=ADVANCED_FACE('',(#9386),#9904,.T.);
#10451=ADVANCED_FACE('',(#9387),#9905,.F.);
#10452=ADVANCED_FACE('',(#9388),#9906,.F.);
#10453=ADVANCED_FACE('',(#9389),#9907,.T.);
#10454=ADVANCED_FACE('',(#9390),#9908,.T.);
#10455=ADVANCED_FACE('',(#9391),#9909,.T.);
#10456=ADVANCED_FACE('',(#9392),#9910,.T.);
#10457=ADVANCED_FACE('',(#9393),#9911,.T.);
#10458=ADVANCED_FACE('',(#9394),#9912,.T.);
#10459=ADVANCED_FACE('',(#9395),#9913,.F.);
#10460=ADVANCED_FACE('',(#9396),#9914,.T.);
#10461=ADVANCED_FACE('',(#9397),#9915,.T.);
#10462=ADVANCED_FACE('',(#9398),#9916,.T.);
#10463=ADVANCED_FACE('',(#9399),#9917,.T.);
#10464=ADVANCED_FACE('',(#9400),#9918,.T.);
#10465=ADVANCED_FACE('',(#9401),#9919,.T.);
#10466=ADVANCED_FACE('',(#9402),#9920,.T.);
#10467=ADVANCED_FACE('',(#9403),#9921,.F.);
#10468=ADVANCED_FACE('',(#9404),#9922,.T.);
#10469=ADVANCED_FACE('',(#9405),#9923,.T.);
#10470=ADVANCED_FACE('',(#9406),#9924,.T.);
#10471=ADVANCED_FACE('',(#9407),#9925,.F.);
#10472=ADVANCED_FACE('',(#9408),#9926,.F.);
#10473=ADVANCED_FACE('',(#9409),#9927,.T.);
#10474=ADVANCED_FACE('',(#9410),#9928,.T.);
#10475=ADVANCED_FACE('',(#9411),#9929,.T.);
#10476=ADVANCED_FACE('',(#9412),#9930,.T.);
#10477=ADVANCED_FACE('',(#9413),#9931,.T.);
#10478=ADVANCED_FACE('',(#9414),#9932,.T.);
#10479=ADVANCED_FACE('',(#9415),#9933,.F.);
#10480=ADVANCED_FACE('',(#9416),#9934,.F.);
#10481=ADVANCED_FACE('',(#9417),#9935,.T.);
#10482=ADVANCED_FACE('',(#9418),#9936,.T.);
#10483=ADVANCED_FACE('',(#9419,#9420),#174,.F.);
#10484=ADVANCED_FACE('',(#9421),#9937,.F.);
#10485=ADVANCED_FACE('',(#9422),#9938,.F.);
#10486=ADVANCED_FACE('',(#9423),#9939,.F.);
#10487=ADVANCED_FACE('',(#9424),#9940,.F.);
#10488=ADVANCED_FACE('',(#9425,#9426),#175,.F.);
#10489=ADVANCED_FACE('',(#9427,#9428),#176,.F.);
#10490=ADVANCED_FACE('',(#9429),#9941,.F.);
#10491=ADVANCED_FACE('',(#9430),#9942,.F.);
#10492=ADVANCED_FACE('',(#9431),#9943,.F.);
#10493=ADVANCED_FACE('',(#9432),#9944,.F.);
#10494=ADVANCED_FACE('',(#9433,#9434),#177,.F.);
#10495=ADVANCED_FACE('',(#9435),#9945,.F.);
#10496=ADVANCED_FACE('',(#9436),#9946,.F.);
#10497=ADVANCED_FACE('',(#9437),#9947,.F.);
#10498=ADVANCED_FACE('',(#9438),#9948,.F.);
#10499=ADVANCED_FACE('',(#9439),#9949,.F.);
#10500=ADVANCED_FACE('',(#9440),#9950,.F.);
#10501=ADVANCED_FACE('',(#9441),#9951,.F.);
#10502=ADVANCED_FACE('',(#9442),#9952,.F.);
#10503=ADVANCED_FACE('',(#9443,#9444),#178,.F.);
#10504=ADVANCED_FACE('',(#9445),#9953,.F.);
#10505=ADVANCED_FACE('',(#9446),#9954,.F.);
#10506=ADVANCED_FACE('',(#9447),#9955,.F.);
#10507=ADVANCED_FACE('',(#9448),#9956,.F.);
#10508=ADVANCED_FACE('',(#9449,#9450),#179,.F.);
#10509=ADVANCED_FACE('',(#9451),#9957,.F.);
#10510=ADVANCED_FACE('',(#9452),#9958,.F.);
#10511=ADVANCED_FACE('',(#9453),#9959,.F.);
#10512=ADVANCED_FACE('',(#9454),#9960,.F.);
#10513=ADVANCED_FACE('',(#9455,#9456),#180,.F.);
#10514=ADVANCED_FACE('',(#9457),#9961,.F.);
#10515=ADVANCED_FACE('',(#9458),#9962,.F.);
#10516=ADVANCED_FACE('',(#9459),#9963,.F.);
#10517=ADVANCED_FACE('',(#9460),#9964,.F.);
#10518=ADVANCED_FACE('',(#9461),#181,.T.);
#10519=ADVANCED_FACE('',(#9462),#182,.T.);
#10520=ADVANCED_FACE('',(#9463),#9965,.F.);
#10521=ADVANCED_FACE('',(#9464),#9966,.F.);
#10522=ADVANCED_FACE('',(#9465),#183,.F.);
#10523=ADVANCED_FACE('',(#9466),#184,.F.);
#10524=ADVANCED_FACE('',(#9467),#62,.T.);
#10525=ADVANCED_FACE('',(#9468),#9967,.T.);
#10526=ADVANCED_FACE('',(#9469),#72,.T.);
#10527=ADVANCED_FACE('',(#9470),#73,.T.);
#10528=ADVANCED_FACE('',(#9471),#9968,.T.);
#10529=ADVANCED_FACE('',(#9472),#63,.T.);
#10530=ADVANCED_FACE('',(#9473),#185,.T.);
#10531=ADVANCED_FACE('',(#9474),#186,.T.);
#10532=ADVANCED_FACE('',(#9475),#9969,.F.);
#10533=ADVANCED_FACE('',(#9476),#9970,.T.);
#10534=ADVANCED_FACE('',(#9477),#9971,.F.);
#10535=ADVANCED_FACE('',(#9478),#9972,.F.);
#10536=ADVANCED_FACE('',(#9479),#9973,.F.);
#10537=ADVANCED_FACE('',(#9480),#9974,.F.);
#10538=ADVANCED_FACE('',(#9481),#187,.T.);
#10539=ADVANCED_FACE('',(#9482),#188,.T.);
#10540=ADVANCED_FACE('',(#9483),#9975,.T.);
#10541=ADVANCED_FACE('',(#9484),#9976,.F.);
#10542=ADVANCED_FACE('',(#9485,#9486,#9487,#9488,#9489,#9490,#9491,#9492,
#9493,#9494,#9495,#9496,#9497,#9498,#9499,#9500,#9501,#9502,#9503,#9504,
#9505,#9506,#9507,#9508,#9509,#9510,#9511,#9512,#9513,#9514,#9515,#9516,
#9517,#9518,#9519,#9520,#9521,#9522,#9523,#9524,#9525),#9977,.T.);
#10543=ADVANCED_FACE('',(#9526,#9527,#9528,#9529,#9530,#9531,#9532,#9533,
#9534,#9535,#9536,#9537,#9538,#9539,#9540,#9541,#9542,#9543,#9544,#9545,
#9546,#9547,#9548,#9549,#9550,#9551,#9552,#9553,#9554,#9555,#9556,#9557,
#9558,#9559,#9560,#9561,#9562,#9563,#9564,#9565,#9566),#9978,.F.);
#10544=ADVANCED_FACE('',(#9567),#9979,.T.);
#10545=ADVANCED_FACE('',(#9568),#9980,.T.);
#10546=CLOSED_SHELL('',(#9981,#9982,#9983,#9984,#9985,#9986,#9987,#9988,
#9989,#9990,#9991,#9992,#9993,#9994,#9995,#9996,#9997,#9998,#9999,#10000,
#10001,#10002,#10003,#10004,#10005,#10006,#10007,#10008,#10009,#10010,#10011,
#10012,#10013,#10014,#10015,#10016,#10017,#10018,#10019,#10020,#10021,#10022,
#10023,#10024,#10025,#10026,#10027,#10028,#10029,#10030,#10031,#10032,#10033,
#10034,#10035,#10036,#10037,#10038,#10039,#10040,#10041,#10042,#10043,#10044,
#10045,#10046,#10047,#10048,#10049,#10050,#10051,#10052,#10053,#10054,#10055,
#10056,#10057,#10058,#10059,#10060,#10061,#10062,#10063,#10064,#10065,#10066,
#10067,#10068,#10069,#10070,#10071,#10072,#10073,#10074,#10075,#10076,#10077,
#10078,#10079,#10080,#10081,#10082,#10083,#10084,#10085,#10086,#10087,#10088,
#10089,#10090,#10091,#10092,#10093,#10094,#10095,#10096,#10097,#10098,#10099,
#10100,#10101,#10102,#10103,#10104,#10105,#10106,#10107,#10108,#10109,#10110,
#10111,#10112,#10113,#10114,#10115,#10116,#10117,#10118,#10119,#10120,#10121,
#10122,#10123,#10124,#10125,#10126,#10127,#10128,#10129,#10130,#10131,#10132,
#10133,#10134,#10135,#10136,#10137,#10138,#10139,#10140,#10141,#10142,#10143,
#10144,#10145,#10146,#10147,#10148,#10149,#10150,#10151,#10152,#10153,#10154,
#10155,#10156,#10157,#10158));
#10547=CLOSED_SHELL('',(#10159,#10160,#10161,#10162,#10163,#10164,#10165,
#10166,#10167,#10168,#10169,#10170,#10171,#10172,#10173,#10174,#10175,#10176,
#10177,#10178,#10179,#10180,#10181,#10182,#10183,#10184,#10185,#10186,#10187,
#10188,#10189,#10190,#10191,#10192,#10193,#10194,#10195,#10196,#10197,#10198,
#10199,#10200,#10201,#10202,#10203,#10204,#10205,#10206,#10207,#10208,#10209,
#10210,#10211,#10212,#10213,#10214,#10215,#10216,#10217,#10218,#10219,#10220,
#10221,#10222,#10223,#10224,#10225,#10226,#10227,#10228,#10229,#10230,#10231,
#10232,#10233,#10234));
#10548=CLOSED_SHELL('',(#10235,#10236,#10237,#10238,#10239,#10240,#10241,
#10242,#10243,#10244,#10245,#10246,#10247,#10248,#10249,#10250,#10251,#10252,
#10253,#10254,#10255,#10256,#10257,#10258,#10259,#10260,#10261,#10262,#10263,
#10264,#10265,#10266,#10267,#10268,#10269,#10270,#10271,#10272,#10273,#10274,
#10275,#10276,#10277,#10278,#10279,#10280,#10281,#10282,#10283,#10284,#10285,
#10286,#10287,#10288,#10289,#10290,#10291,#10292,#10293,#10294,#10295,#10296,
#10297,#10298,#10299,#10300,#10301,#10302,#10303,#10304,#10305,#10306,#10307,
#10308,#10309,#10310,#10311,#10312,#10313,#10314,#10315,#10316,#10317,#10318,
#10319,#10320,#10321,#10322,#10323,#10324,#10325,#10326,#10327,#10328,#10329,
#10330,#10331));
#10549=CLOSED_SHELL('',(#10332,#10333,#10334,#10335,#10336,#10337,#10338,
#10339,#10340,#10341,#10342,#10343,#10344,#10345,#10346,#10347,#10348,#10349,
#10350,#10351,#10352,#10353,#10354,#10355,#10356,#10357,#10358,#10359,#10360,
#10361,#10362,#10363,#10364,#10365,#10366,#10367,#10368,#10369,#10370,#10371,
#10372,#10373,#10374,#10375,#10376,#10377,#10378,#10379,#10380,#10381,#10382,
#10383,#10384,#10385,#10386,#10387,#10388,#10389,#10390,#10391,#10392,#10393,
#10394,#10395,#10396,#10397,#10398,#10399,#10400,#10401,#10402,#10403,#10404,
#10405,#10406,#10407,#10408,#10409,#10410,#10411,#10412,#10413,#10414,#10415,
#10416,#10417,#10418,#10419,#10420,#10421,#10422,#10423,#10424,#10425,#10426,
#10427,#10428,#10429,#10430,#10431,#10432,#10433,#10434,#10435,#10436,#10437,
#10438,#10439,#10440,#10441,#10442,#10443,#10444,#10445,#10446,#10447,#10448,
#10449,#10450,#10451,#10452,#10453,#10454,#10455,#10456,#10457,#10458,#10459,
#10460,#10461,#10462,#10463,#10464,#10465,#10466,#10467,#10468,#10469,#10470,
#10471,#10472,#10473,#10474,#10475,#10476,#10477,#10478,#10479,#10480,#10481,
#10482,#10483,#10484,#10485,#10486,#10487,#10488,#10489,#10490,#10491,#10492,
#10493,#10494,#10495,#10496,#10497,#10498,#10499,#10500,#10501,#10502,#10503,
#10504,#10505,#10506,#10507,#10508,#10509,#10510,#10511,#10512,#10513,#10514,
#10515,#10516,#10517,#10518,#10519,#10520,#10521,#10522,#10523,#10524,#10525,
#10526,#10527,#10528,#10529,#10530,#10531,#10532,#10533,#10534,#10535,#10536,
#10537,#10538,#10539,#10540,#10541,#10542,#10543,#10544,#10545));
#10550=STYLED_ITEM('',(#10554),#10579);
#10551=STYLED_ITEM('',(#10555),#10580);
#10552=STYLED_ITEM('',(#10556),#10581);
#10553=STYLED_ITEM('',(#10557),#10582);
#10554=PRESENTATION_STYLE_ASSIGNMENT((#10558));
#10555=PRESENTATION_STYLE_ASSIGNMENT((#10559));
#10556=PRESENTATION_STYLE_ASSIGNMENT((#10560));
#10557=PRESENTATION_STYLE_ASSIGNMENT((#10561));
#10558=SURFACE_STYLE_USAGE(.BOTH.,#10562);
#10559=SURFACE_STYLE_USAGE(.BOTH.,#10563);
#10560=SURFACE_STYLE_USAGE(.BOTH.,#10564);
#10561=SURFACE_STYLE_USAGE(.BOTH.,#10565);
#10562=SURFACE_SIDE_STYLE('',(#10566));
#10563=SURFACE_SIDE_STYLE('',(#10567));
#10564=SURFACE_SIDE_STYLE('',(#10568));
#10565=SURFACE_SIDE_STYLE('',(#10569));
#10566=SURFACE_STYLE_FILL_AREA(#10570);
#10567=SURFACE_STYLE_FILL_AREA(#10571);
#10568=SURFACE_STYLE_FILL_AREA(#10572);
#10569=SURFACE_STYLE_FILL_AREA(#10573);
#10570=FILL_AREA_STYLE('',(#10574));
#10571=FILL_AREA_STYLE('',(#10575));
#10572=FILL_AREA_STYLE('',(#10576));
#10573=FILL_AREA_STYLE('',(#10577));
#10574=FILL_AREA_STYLE_COLOUR('',#10578);
#10575=FILL_AREA_STYLE_COLOUR('',#10578);
#10576=FILL_AREA_STYLE_COLOUR('',#10578);
#10577=FILL_AREA_STYLE_COLOUR('',#10578);
#10578=COLOUR_RGB('',0.615686274509804,0.811764705882353,0.929411764705882);
#10579=MANIFOLD_SOLID_BREP('Plate - Right',#10546);
#10580=MANIFOLD_SOLID_BREP('Base - Left',#10547);
#10581=MANIFOLD_SOLID_BREP('Base - Right',#10548);
#10582=MANIFOLD_SOLID_BREP('Plate - Left',#10549);
#10583=SHAPE_DEFINITION_REPRESENTATION(#17264,#10587);
#10584=SHAPE_DEFINITION_REPRESENTATION(#17265,#10588);
#10585=SHAPE_DEFINITION_REPRESENTATION(#17266,#10589);
#10586=SHAPE_DEFINITION_REPRESENTATION(#17267,#10590);
#10587=SHAPE_REPRESENTATION('Plate - Right',(#10591),#17244);
#10588=SHAPE_REPRESENTATION('Base - Left',(#10871),#17245);
#10589=SHAPE_REPRESENTATION('Base - Right',(#11000),#17246);
#10590=SHAPE_REPRESENTATION('Plate - Left',(#11172),#17247);
#10591=AXIS2_PLACEMENT_3D('',#14248,#11427,#11428);
#10592=AXIS2_PLACEMENT_3D('',#14249,#11429,#11430);
#10593=AXIS2_PLACEMENT_3D('',#14258,#11435,#11436);
#10594=AXIS2_PLACEMENT_3D('',#14356,#11485,#11486);
#10595=AXIS2_PLACEMENT_3D('',#14358,#11487,#11488);
#10596=AXIS2_PLACEMENT_3D('',#14368,#11493,#11494);
#10597=AXIS2_PLACEMENT_3D('',#14386,#11503,#11504);
#10598=AXIS2_PLACEMENT_3D('',#14401,#11511,#11512);
#10599=AXIS2_PLACEMENT_3D('',#14409,#11516,#11517);
#10600=AXIS2_PLACEMENT_3D('',#14413,#11519,#11520);
#10601=AXIS2_PLACEMENT_3D('',#14417,#11522,#11523);
#10602=AXIS2_PLACEMENT_3D('',#14441,#11535,#11536);
#10603=AXIS2_PLACEMENT_3D('',#14451,#11541,#11542);
#10604=AXIS2_PLACEMENT_3D('',#14459,#11546,#11547);
#10605=AXIS2_PLACEMENT_3D('',#14463,#11549,#11550);
#10606=AXIS2_PLACEMENT_3D('',#14467,#11552,#11553);
#10607=AXIS2_PLACEMENT_3D('',#14468,#11554,#11555);
#10608=AXIS2_PLACEMENT_3D('',#14469,#11556,#11557);
#10609=AXIS2_PLACEMENT_3D('',#14473,#11559,#11560);
#10610=AXIS2_PLACEMENT_3D('',#14476,#11562,#11563);
#10611=AXIS2_PLACEMENT_3D('',#14477,#11564,#11565);
#10612=AXIS2_PLACEMENT_3D('',#14482,#11567,#11568);
#10613=AXIS2_PLACEMENT_3D('',#14486,#11570,#11571);
#10614=AXIS2_PLACEMENT_3D('',#14494,#11575,#11576);
#10615=AXIS2_PLACEMENT_3D('',#14498,#11578,#11579);
#10616=AXIS2_PLACEMENT_3D('',#14504,#11582,#11583);
#10617=AXIS2_PLACEMENT_3D('',#14508,#11585,#11586);
#10618=AXIS2_PLACEMENT_3D('',#14511,#11588,#11589);
#10619=AXIS2_PLACEMENT_3D('',#14517,#11593,#11594);
#10620=AXIS2_PLACEMENT_3D('',#14526,#11599,#11600);
#10621=AXIS2_PLACEMENT_3D('',#14535,#11605,#11606);
#10622=AXIS2_PLACEMENT_3D('',#14546,#11613,#11614);
#10623=AXIS2_PLACEMENT_3D('',#14555,#11619,#11620);
#10624=AXIS2_PLACEMENT_3D('',#14568,#11626,#11627);
#10625=AXIS2_PLACEMENT_3D('',#14572,#11629,#11630);
#10626=AXIS2_PLACEMENT_3D('',#14576,#11632,#11633);
#10627=AXIS2_PLACEMENT_3D('',#14580,#11635,#11636);
#10628=AXIS2_PLACEMENT_3D('',#14581,#11637,#11638);
#10629=AXIS2_PLACEMENT_3D('',#14587,#11641,#11642);
#10630=AXIS2_PLACEMENT_3D('',#14591,#11644,#11645);
#10631=AXIS2_PLACEMENT_3D('',#14595,#11647,#11648);
#10632=AXIS2_PLACEMENT_3D('',#14599,#11650,#11651);
#10633=AXIS2_PLACEMENT_3D('',#14603,#11653,#11654);
#10634=AXIS2_PLACEMENT_3D('',#14607,#11656,#11657);
#10635=AXIS2_PLACEMENT_3D('',#14714,#11711,#11712);
#10636=AXIS2_PLACEMENT_3D('',#14716,#11713,#11714);
#10637=AXIS2_PLACEMENT_3D('',#14726,#11719,#11720);
#10638=AXIS2_PLACEMENT_3D('',#14744,#11729,#11730);
#10639=AXIS2_PLACEMENT_3D('',#14754,#11735,#11736);
#10640=AXIS2_PLACEMENT_3D('',#14760,#11740,#11741);
#10641=AXIS2_PLACEMENT_3D('',#14766,#11745,#11746);
#10642=AXIS2_PLACEMENT_3D('',#14774,#11751,#11752);
#10643=AXIS2_PLACEMENT_3D('',#14778,#11754,#11755);
#10644=AXIS2_PLACEMENT_3D('',#14781,#11757,#11758);
#10645=AXIS2_PLACEMENT_3D('',#14784,#11761,#11762);
#10646=AXIS2_PLACEMENT_3D('',#14786,#11764,#11765);
#10647=AXIS2_PLACEMENT_3D('',#14788,#11767,#11768);
#10648=AXIS2_PLACEMENT_3D('',#14791,#11771,#11772);
#10649=AXIS2_PLACEMENT_3D('',#14793,#11774,#11775);
#10650=AXIS2_PLACEMENT_3D('',#14795,#11777,#11778);
#10651=AXIS2_PLACEMENT_3D('',#14798,#11781,#11782);
#10652=AXIS2_PLACEMENT_3D('',#14800,#11784,#11785);
#10653=AXIS2_PLACEMENT_3D('',#14802,#11787,#11788);
#10654=AXIS2_PLACEMENT_3D('',#14805,#11791,#11792);
#10655=AXIS2_PLACEMENT_3D('',#14807,#11794,#11795);
#10656=AXIS2_PLACEMENT_3D('',#14809,#11797,#11798);
#10657=AXIS2_PLACEMENT_3D('',#14812,#11801,#11802);
#10658=AXIS2_PLACEMENT_3D('',#14814,#11804,#11805);
#10659=AXIS2_PLACEMENT_3D('',#14816,#11807,#11808);
#10660=AXIS2_PLACEMENT_3D('',#14819,#11811,#11812);
#10661=AXIS2_PLACEMENT_3D('',#14821,#11814,#11815);
#10662=AXIS2_PLACEMENT_3D('',#14824,#11818,#11819);
#10663=AXIS2_PLACEMENT_3D('',#14826,#11821,#11822);
#10664=AXIS2_PLACEMENT_3D('',#14828,#11824,#11825);
#10665=AXIS2_PLACEMENT_3D('',#14831,#11828,#11829);
#10666=AXIS2_PLACEMENT_3D('',#14833,#11831,#11832);
#10667=AXIS2_PLACEMENT_3D('',#14835,#11834,#11835);
#10668=AXIS2_PLACEMENT_3D('',#14838,#11838,#11839);
#10669=AXIS2_PLACEMENT_3D('',#14840,#11841,#11842);
#10670=AXIS2_PLACEMENT_3D('',#14842,#11844,#11845);
#10671=AXIS2_PLACEMENT_3D('',#14845,#11848,#11849);
#10672=AXIS2_PLACEMENT_3D('',#14847,#11851,#11852);
#10673=AXIS2_PLACEMENT_3D('',#14850,#11855,#11856);
#10674=AXIS2_PLACEMENT_3D('',#14852,#11858,#11859);
#10675=AXIS2_PLACEMENT_3D('',#14854,#11861,#11862);
#10676=AXIS2_PLACEMENT_3D('',#14857,#11865,#11866);
#10677=AXIS2_PLACEMENT_3D('',#14859,#11868,#11869);
#10678=AXIS2_PLACEMENT_3D('',#14861,#11871,#11872);
#10679=AXIS2_PLACEMENT_3D('',#14864,#11875,#11876);
#10680=AXIS2_PLACEMENT_3D('',#14866,#11878,#11879);
#10681=AXIS2_PLACEMENT_3D('',#14868,#11881,#11882);
#10682=AXIS2_PLACEMENT_3D('',#14871,#11885,#11886);
#10683=AXIS2_PLACEMENT_3D('',#14873,#11888,#11889);
#10684=AXIS2_PLACEMENT_3D('',#14875,#11891,#11892);
#10685=AXIS2_PLACEMENT_3D('',#14878,#11895,#11896);
#10686=AXIS2_PLACEMENT_3D('',#14880,#11898,#11899);
#10687=AXIS2_PLACEMENT_3D('',#14882,#11901,#11902);
#10688=AXIS2_PLACEMENT_3D('',#14885,#11905,#11906);
#10689=AXIS2_PLACEMENT_3D('',#14887,#11908,#11909);
#10690=AXIS2_PLACEMENT_3D('',#14889,#11911,#11912);
#10691=AXIS2_PLACEMENT_3D('',#14892,#11915,#11916);
#10692=AXIS2_PLACEMENT_3D('',#14894,#11918,#11919);
#10693=AXIS2_PLACEMENT_3D('',#14896,#11921,#11922);
#10694=AXIS2_PLACEMENT_3D('',#14899,#11925,#11926);
#10695=AXIS2_PLACEMENT_3D('',#14901,#11928,#11929);
#10696=AXIS2_PLACEMENT_3D('',#14903,#11931,#11932);
#10697=AXIS2_PLACEMENT_3D('',#14906,#11935,#11936);
#10698=AXIS2_PLACEMENT_3D('',#14908,#11938,#11939);
#10699=AXIS2_PLACEMENT_3D('',#14910,#11941,#11942);
#10700=AXIS2_PLACEMENT_3D('',#14911,#11943,#11944);
#10701=AXIS2_PLACEMENT_3D('',#14912,#11945,#11946);
#10702=AXIS2_PLACEMENT_3D('',#14913,#11947,#11948);
#10703=AXIS2_PLACEMENT_3D('',#14914,#11949,#11950);
#10704=AXIS2_PLACEMENT_3D('',#14915,#11951,#11952);
#10705=AXIS2_PLACEMENT_3D('',#14916,#11953,#11954);
#10706=AXIS2_PLACEMENT_3D('',#14918,#11956,#11957);
#10707=AXIS2_PLACEMENT_3D('',#14919,#11958,#11959);
#10708=AXIS2_PLACEMENT_3D('',#14920,#11960,#11961);
#10709=AXIS2_PLACEMENT_3D('',#14921,#11962,#11963);
#10710=AXIS2_PLACEMENT_3D('',#14923,#11965,#11966);
#10711=AXIS2_PLACEMENT_3D('',#14924,#11967,#11968);
#10712=AXIS2_PLACEMENT_3D('',#14925,#11969,#11970);
#10713=AXIS2_PLACEMENT_3D('',#14926,#11971,#11972);
#10714=AXIS2_PLACEMENT_3D('',#14927,#11973,#11974);
#10715=AXIS2_PLACEMENT_3D('',#14928,#11975,#11976);
#10716=AXIS2_PLACEMENT_3D('',#14929,#11977,#11978);
#10717=AXIS2_PLACEMENT_3D('',#14930,#11979,#11980);
#10718=AXIS2_PLACEMENT_3D('',#14931,#11981,#11982);
#10719=AXIS2_PLACEMENT_3D('',#14932,#11983,#11984);
#10720=AXIS2_PLACEMENT_3D('',#14933,#11985,#11986);
#10721=AXIS2_PLACEMENT_3D('',#14934,#11987,#11988);
#10722=AXIS2_PLACEMENT_3D('',#14935,#11989,#11990);
#10723=AXIS2_PLACEMENT_3D('',#14936,#11991,#11992);
#10724=AXIS2_PLACEMENT_3D('',#14942,#11996,#11997);
#10725=AXIS2_PLACEMENT_3D('',#14948,#12001,#12002);
#10726=AXIS2_PLACEMENT_3D('',#14954,#12006,#12007);
#10727=AXIS2_PLACEMENT_3D('',#14960,#12011,#12012);
#10728=AXIS2_PLACEMENT_3D('',#14966,#12016,#12017);
#10729=AXIS2_PLACEMENT_3D('',#14972,#12021,#12022);
#10730=AXIS2_PLACEMENT_3D('',#14978,#12026,#12027);
#10731=AXIS2_PLACEMENT_3D('',#14984,#12030,#12031);
#10732=AXIS2_PLACEMENT_3D('',#14985,#12032,#12033);
#10733=AXIS2_PLACEMENT_3D('',#14991,#12037,#12038);
#10734=AXIS2_PLACEMENT_3D('',#14997,#12042,#12043);
#10735=AXIS2_PLACEMENT_3D('',#15003,#12047,#12048);
#10736=AXIS2_PLACEMENT_3D('',#15009,#12052,#12053);
#10737=AXIS2_PLACEMENT_3D('',#15010,#12054,#12055);
#10738=AXIS2_PLACEMENT_3D('',#15011,#12056,#12057);
#10739=AXIS2_PLACEMENT_3D('',#15012,#12058,#12059);
#10740=AXIS2_PLACEMENT_3D('',#15013,#12060,#12061);
#10741=AXIS2_PLACEMENT_3D('',#15014,#12062,#12063);
#10742=AXIS2_PLACEMENT_3D('',#15015,#12064,#12065);
#10743=AXIS2_PLACEMENT_3D('',#15016,#12066,#12067);
#10744=AXIS2_PLACEMENT_3D('',#15017,#12068,#12069);
#10745=AXIS2_PLACEMENT_3D('',#15018,#12070,#12071);
#10746=AXIS2_PLACEMENT_3D('',#15019,#12072,#12073);
#10747=AXIS2_PLACEMENT_3D('',#15020,#12074,#12075);
#10748=AXIS2_PLACEMENT_3D('',#15021,#12076,#12077);
#10749=AXIS2_PLACEMENT_3D('',#15022,#12078,#12079);
#10750=AXIS2_PLACEMENT_3D('',#15023,#12080,#12081);
#10751=AXIS2_PLACEMENT_3D('',#15024,#12082,#12083);
#10752=AXIS2_PLACEMENT_3D('',#15025,#12084,#12085);
#10753=AXIS2_PLACEMENT_3D('',#15026,#12086,#12087);
#10754=AXIS2_PLACEMENT_3D('',#15027,#12088,#12089);
#10755=AXIS2_PLACEMENT_3D('',#15028,#12090,#12091);
#10756=AXIS2_PLACEMENT_3D('',#15029,#12092,#12093);
#10757=AXIS2_PLACEMENT_3D('',#15030,#12094,#12095);
#10758=AXIS2_PLACEMENT_3D('',#15031,#12096,#12097);
#10759=AXIS2_PLACEMENT_3D('',#15032,#12098,#12099);
#10760=AXIS2_PLACEMENT_3D('',#15033,#12100,#12101);
#10761=AXIS2_PLACEMENT_3D('',#15034,#12102,#12103);
#10762=AXIS2_PLACEMENT_3D('',#15035,#12104,#12105);
#10763=AXIS2_PLACEMENT_3D('',#15036,#12106,#12107);
#10764=AXIS2_PLACEMENT_3D('',#15042,#12108,#12109);
#10765=AXIS2_PLACEMENT_3D('',#15043,#12110,#12111);
#10766=AXIS2_PLACEMENT_3D('',#15044,#12112,#12113);
#10767=AXIS2_PLACEMENT_3D('',#15045,#12114,#12115);
#10768=AXIS2_PLACEMENT_3D('',#15046,#12116,#12117);
#10769=AXIS2_PLACEMENT_3D('',#15047,#12118,#12119);
#10770=AXIS2_PLACEMENT_3D('',#15048,#12120,#12121);
#10771=AXIS2_PLACEMENT_3D('',#15051,#12123,#12124);
#10772=AXIS2_PLACEMENT_3D('',#15052,#12125,#12126);
#10773=AXIS2_PLACEMENT_3D('',#15058,#12127,#12128);
#10774=AXIS2_PLACEMENT_3D('',#15059,#12129,#12130);
#10775=AXIS2_PLACEMENT_3D('',#15062,#12132,#12133);
#10776=AXIS2_PLACEMENT_3D('',#15063,#12134,#12135);
#10777=AXIS2_PLACEMENT_3D('',#15064,#12136,#12137);
#10778=AXIS2_PLACEMENT_3D('',#15070,#12138,#12139);
#10779=AXIS2_PLACEMENT_3D('',#15071,#12140,#12141);
#10780=AXIS2_PLACEMENT_3D('',#15077,#12142,#12143);
#10781=AXIS2_PLACEMENT_3D('',#15078,#12144,#12145);
#10782=AXIS2_PLACEMENT_3D('',#15079,#12146,#12147);
#10783=AXIS2_PLACEMENT_3D('',#15080,#12148,#12149);
#10784=AXIS2_PLACEMENT_3D('',#15083,#12151,#12152);
#10785=AXIS2_PLACEMENT_3D('',#15086,#12154,#12155);
#10786=AXIS2_PLACEMENT_3D('',#15087,#12156,#12157);
#10787=AXIS2_PLACEMENT_3D('',#15088,#12158,#12159);
#10788=AXIS2_PLACEMENT_3D('',#15089,#12160,#12161);
#10789=AXIS2_PLACEMENT_3D('',#15094,#12162,#12163);
#10790=AXIS2_PLACEMENT_3D('',#15095,#12164,#12165);
#10791=AXIS2_PLACEMENT_3D('',#15100,#12166,#12167);
#10792=AXIS2_PLACEMENT_3D('',#15101,#12168,#12169);
#10793=AXIS2_PLACEMENT_3D('',#15102,#12170,#12171);
#10794=AXIS2_PLACEMENT_3D('',#15103,#12172,#12173);
#10795=AXIS2_PLACEMENT_3D('',#15104,#12174,#12175);
#10796=AXIS2_PLACEMENT_3D('',#15105,#12176,#12177);
#10797=AXIS2_PLACEMENT_3D('',#15106,#12178,#12179);
#10798=AXIS2_PLACEMENT_3D('',#15107,#12180,#12181);
#10799=AXIS2_PLACEMENT_3D('',#15108,#12182,#12183);
#10800=AXIS2_PLACEMENT_3D('',#15109,#12184,#12185);
#10801=AXIS2_PLACEMENT_3D('',#15117,#12190,#12191);
#10802=AXIS2_PLACEMENT_3D('',#15118,#12192,#12193);
#10803=AXIS2_PLACEMENT_3D('',#15119,#12194,#12195);
#10804=AXIS2_PLACEMENT_3D('',#15124,#12198,#12199);
#10805=AXIS2_PLACEMENT_3D('',#15126,#12201,#12202);
#10806=AXIS2_PLACEMENT_3D('',#15128,#12204,#12205);
#10807=AXIS2_PLACEMENT_3D('',#15133,#12209,#12210);
#10808=AXIS2_PLACEMENT_3D('',#15134,#12211,#12212);
#10809=AXIS2_PLACEMENT_3D('',#15138,#12215,#12216);
#10810=AXIS2_PLACEMENT_3D('',#15139,#12217,#12218);
#10811=AXIS2_PLACEMENT_3D('',#15140,#12219,#12220);
#10812=AXIS2_PLACEMENT_3D('',#15141,#12221,#12222);
#10813=AXIS2_PLACEMENT_3D('',#15142,#12223,#12224);
#10814=AXIS2_PLACEMENT_3D('',#15143,#12225,#12226);
#10815=AXIS2_PLACEMENT_3D('',#15144,#12227,#12228);
#10816=AXIS2_PLACEMENT_3D('',#15145,#12229,#12230);
#10817=AXIS2_PLACEMENT_3D('',#15146,#12231,#12232);
#10818=AXIS2_PLACEMENT_3D('',#15147,#12233,#12234);
#10819=AXIS2_PLACEMENT_3D('',#15148,#12235,#12236);
#10820=AXIS2_PLACEMENT_3D('',#15149,#12237,#12238);
#10821=AXIS2_PLACEMENT_3D('',#15150,#12239,#12240);
#10822=AXIS2_PLACEMENT_3D('',#15151,#12241,#12242);
#10823=AXIS2_PLACEMENT_3D('',#15152,#12243,#12244);
#10824=AXIS2_PLACEMENT_3D('',#15153,#12245,#12246);
#10825=AXIS2_PLACEMENT_3D('',#15154,#12247,#12248);
#10826=AXIS2_PLACEMENT_3D('',#15155,#12249,#12250);
#10827=AXIS2_PLACEMENT_3D('',#15156,#12251,#12252);
#10828=AXIS2_PLACEMENT_3D('',#15157,#12253,#12254);
#10829=AXIS2_PLACEMENT_3D('',#15158,#12255,#12256);
#10830=AXIS2_PLACEMENT_3D('',#15159,#12257,#12258);
#10831=AXIS2_PLACEMENT_3D('',#15160,#12259,#12260);
#10832=AXIS2_PLACEMENT_3D('',#15161,#12261,#12262);
#10833=AXIS2_PLACEMENT_3D('',#15162,#12263,#12264);
#10834=AXIS2_PLACEMENT_3D('',#15163,#12265,#12266);
#10835=AXIS2_PLACEMENT_3D('',#15164,#12267,#12268);
#10836=AXIS2_PLACEMENT_3D('',#15165,#12269,#12270);
#10837=AXIS2_PLACEMENT_3D('',#15166,#12271,#12272);
#10838=AXIS2_PLACEMENT_3D('',#15167,#12273,#12274);
#10839=AXIS2_PLACEMENT_3D('',#15168,#12275,#12276);
#10840=AXIS2_PLACEMENT_3D('',#15169,#12277,#12278);
#10841=AXIS2_PLACEMENT_3D('',#15170,#12279,#12280);
#10842=AXIS2_PLACEMENT_3D('',#15171,#12281,#12282);
#10843=AXIS2_PLACEMENT_3D('',#15175,#12285,#12286);
#10844=AXIS2_PLACEMENT_3D('',#15179,#12289,#12290);
#10845=AXIS2_PLACEMENT_3D('',#15180,#12291,#12292);
#10846=AXIS2_PLACEMENT_3D('',#15184,#12294,#12295);
#10847=AXIS2_PLACEMENT_3D('',#15187,#12297,#12298);
#10848=AXIS2_PLACEMENT_3D('',#15192,#12301,#12302);
#10849=AXIS2_PLACEMENT_3D('',#15193,#12303,#12304);
#10850=AXIS2_PLACEMENT_3D('',#15194,#12305,#12306);
#10851=AXIS2_PLACEMENT_3D('',#15198,#12309,#12310);
#10852=AXIS2_PLACEMENT_3D('',#15202,#12313,#12314);
#10853=AXIS2_PLACEMENT_3D('',#15203,#12315,#12316);
#10854=AXIS2_PLACEMENT_3D('',#15205,#12317,#12318);
#10855=AXIS2_PLACEMENT_3D('',#15208,#12320,#12321);
#10856=AXIS2_PLACEMENT_3D('',#15209,#12322,#12323);
#10857=AXIS2_PLACEMENT_3D('',#15213,#12326,#12327);
#10858=AXIS2_PLACEMENT_3D('',#15217,#12330,#12331);
#10859=AXIS2_PLACEMENT_3D('',#15220,#12334,#12335);
#10860=AXIS2_PLACEMENT_3D('',#15221,#12336,#12337);
#10861=AXIS2_PLACEMENT_3D('',#15223,#12338,#12339);
#10862=AXIS2_PLACEMENT_3D('',#15224,#12340,#12341);
#10863=AXIS2_PLACEMENT_3D('',#15225,#12342,#12343);
#10864=AXIS2_PLACEMENT_3D('',#15227,#12344,#12345);
#10865=AXIS2_PLACEMENT_3D('',#15228,#12346,#12347);
#10866=AXIS2_PLACEMENT_3D('',#15229,#12348,#12349);
#10867=AXIS2_PLACEMENT_3D('',#15231,#12350,#12351);
#10868=AXIS2_PLACEMENT_3D('',#15232,#12352,#12353);
#10869=AXIS2_PLACEMENT_3D('',#15233,#12354,#12355);
#10870=AXIS2_PLACEMENT_3D('',#15235,#12356,#12357);
#10871=AXIS2_PLACEMENT_3D('',#15236,#12358,#12359);
#10872=AXIS2_PLACEMENT_3D('',#15237,#12360,#12361);
#10873=AXIS2_PLACEMENT_3D('',#15238,#12362,#12363);
#10874=AXIS2_PLACEMENT_3D('',#15240,#12364,#12365);
#10875=AXIS2_PLACEMENT_3D('',#15241,#12366,#12367);
#10876=AXIS2_PLACEMENT_3D('',#15243,#12368,#12369);
#10877=AXIS2_PLACEMENT_3D('',#15244,#12370,#12371);
#10878=AXIS2_PLACEMENT_3D('',#15246,#12372,#12373);
#10879=AXIS2_PLACEMENT_3D('',#15247,#12374,#12375);
#10880=AXIS2_PLACEMENT_3D('',#15249,#12376,#12377);
#10881=AXIS2_PLACEMENT_3D('',#15250,#12378,#12379);
#10882=AXIS2_PLACEMENT_3D('',#15252,#12380,#12381);
#10883=AXIS2_PLACEMENT_3D('',#15253,#12382,#12383);
#10884=AXIS2_PLACEMENT_3D('',#15255,#12384,#12385);
#10885=AXIS2_PLACEMENT_3D('',#15256,#12386,#12387);
#10886=AXIS2_PLACEMENT_3D('',#15258,#12388,#12389);
#10887=AXIS2_PLACEMENT_3D('',#15259,#12390,#12391);
#10888=AXIS2_PLACEMENT_3D('',#15261,#12392,#12393);
#10889=AXIS2_PLACEMENT_3D('',#15262,#12394,#12395);
#10890=AXIS2_PLACEMENT_3D('',#15264,#12396,#12397);
#10891=AXIS2_PLACEMENT_3D('',#15265,#12398,#12399);
#10892=AXIS2_PLACEMENT_3D('',#15267,#12400,#12401);
#10893=AXIS2_PLACEMENT_3D('',#15268,#12402,#12403);
#10894=AXIS2_PLACEMENT_3D('',#15270,#12404,#12405);
#10895=AXIS2_PLACEMENT_3D('',#15271,#12406,#12407);
#10896=AXIS2_PLACEMENT_3D('',#15273,#12408,#12409);
#10897=AXIS2_PLACEMENT_3D('',#15274,#12410,#12411);
#10898=AXIS2_PLACEMENT_3D('',#15276,#12412,#12413);
#10899=AXIS2_PLACEMENT_3D('',#15277,#12414,#12415);
#10900=AXIS2_PLACEMENT_3D('',#15279,#12416,#12417);
#10901=AXIS2_PLACEMENT_3D('',#15280,#12418,#12419);
#10902=AXIS2_PLACEMENT_3D('',#15282,#12420,#12421);
#10903=AXIS2_PLACEMENT_3D('',#15283,#12422,#12423);
#10904=AXIS2_PLACEMENT_3D('',#15285,#12424,#12425);
#10905=AXIS2_PLACEMENT_3D('',#15286,#12426,#12427);
#10906=AXIS2_PLACEMENT_3D('',#15288,#12428,#12429);
#10907=AXIS2_PLACEMENT_3D('',#15289,#12430,#12431);
#10908=AXIS2_PLACEMENT_3D('',#15291,#12432,#12433);
#10909=AXIS2_PLACEMENT_3D('',#15292,#12434,#12435);
#10910=AXIS2_PLACEMENT_3D('',#15294,#12436,#12437);
#10911=AXIS2_PLACEMENT_3D('',#15295,#12438,#12439);
#10912=AXIS2_PLACEMENT_3D('',#15297,#12440,#12441);
#10913=AXIS2_PLACEMENT_3D('',#15298,#12442,#12443);
#10914=AXIS2_PLACEMENT_3D('',#15300,#12444,#12445);
#10915=AXIS2_PLACEMENT_3D('',#15301,#12446,#12447);
#10916=AXIS2_PLACEMENT_3D('',#15303,#12448,#12449);
#10917=AXIS2_PLACEMENT_3D('',#15304,#12450,#12451);
#10918=AXIS2_PLACEMENT_3D('',#15306,#12452,#12453);
#10919=AXIS2_PLACEMENT_3D('',#15307,#12454,#12455);
#10920=AXIS2_PLACEMENT_3D('',#15309,#12456,#12457);
#10921=AXIS2_PLACEMENT_3D('',#15310,#12458,#12459);
#10922=AXIS2_PLACEMENT_3D('',#15312,#12460,#12461);
#10923=AXIS2_PLACEMENT_3D('',#15313,#12462,#12463);
#10924=AXIS2_PLACEMENT_3D('',#15315,#12464,#12465);
#10925=AXIS2_PLACEMENT_3D('',#15316,#12466,#12467);
#10926=AXIS2_PLACEMENT_3D('',#15318,#12468,#12469);
#10927=AXIS2_PLACEMENT_3D('',#15319,#12470,#12471);
#10928=AXIS2_PLACEMENT_3D('',#15321,#12472,#12473);
#10929=AXIS2_PLACEMENT_3D('',#15322,#12474,#12475);
#10930=AXIS2_PLACEMENT_3D('',#15327,#12477,#12478);
#10931=AXIS2_PLACEMENT_3D('',#15330,#12480,#12481);
#10932=AXIS2_PLACEMENT_3D('',#15339,#12486,#12487);
#10933=AXIS2_PLACEMENT_3D('',#15340,#12488,#12489);
#10934=AXIS2_PLACEMENT_3D('',#15344,#12491,#12492);
#10935=AXIS2_PLACEMENT_3D('',#15347,#12494,#12495);
#10936=AXIS2_PLACEMENT_3D('',#15351,#12498,#12499);
#10937=AXIS2_PLACEMENT_3D('',#15352,#12500,#12501);
#10938=AXIS2_PLACEMENT_3D('',#15356,#12503,#12504);
#10939=AXIS2_PLACEMENT_3D('',#15357,#12505,#12506);
#10940=AXIS2_PLACEMENT_3D('',#15358,#12507,#12508);
#10941=AXIS2_PLACEMENT_3D('',#15360,#12509,#12510);
#10942=AXIS2_PLACEMENT_3D('',#15361,#12511,#12512);
#10943=AXIS2_PLACEMENT_3D('',#15363,#12513,#12514);
#10944=AXIS2_PLACEMENT_3D('',#15364,#12515,#12516);
#10945=AXIS2_PLACEMENT_3D('',#15366,#12517,#12518);
#10946=AXIS2_PLACEMENT_3D('',#15367,#12519,#12520);
#10947=AXIS2_PLACEMENT_3D('',#15369,#12521,#12522);
#10948=AXIS2_PLACEMENT_3D('',#15370,#12523,#12524);
#10949=AXIS2_PLACEMENT_3D('',#15372,#12525,#12526);
#10950=AXIS2_PLACEMENT_3D('',#15373,#12527,#12528);
#10951=AXIS2_PLACEMENT_3D('',#15375,#12529,#12530);
#10952=AXIS2_PLACEMENT_3D('',#15376,#12531,#12532);
#10953=AXIS2_PLACEMENT_3D('',#15380,#12534,#12535);
#10954=AXIS2_PLACEMENT_3D('',#15381,#12536,#12537);
#10955=AXIS2_PLACEMENT_3D('',#15382,#12538,#12539);
#10956=AXIS2_PLACEMENT_3D('',#15383,#12540,#12541);
#10957=AXIS2_PLACEMENT_3D('',#15384,#12542,#12543);
#10958=AXIS2_PLACEMENT_3D('',#15385,#12544,#12545);
#10959=AXIS2_PLACEMENT_3D('',#15396,#12552,#12553);
#10960=AXIS2_PLACEMENT_3D('',#15397,#12554,#12555);
#10961=AXIS2_PLACEMENT_3D('',#15402,#12558,#12559);
#10962=AXIS2_PLACEMENT_3D('',#15404,#12561,#12562);
#10963=AXIS2_PLACEMENT_3D('',#15405,#12563,#12564);
#10964=AXIS2_PLACEMENT_3D('',#15410,#12567,#12568);
#10965=AXIS2_PLACEMENT_3D('',#15412,#12570,#12571);
#10966=AXIS2_PLACEMENT_3D('',#15413,#12572,#12573);
#10967=AXIS2_PLACEMENT_3D('',#15416,#12574,#12575);
#10968=AXIS2_PLACEMENT_3D('',#15419,#12577,#12578);
#10969=AXIS2_PLACEMENT_3D('',#15420,#12579,#12580);
#10970=AXIS2_PLACEMENT_3D('',#15423,#12581,#12582);
#10971=AXIS2_PLACEMENT_3D('',#15426,#12584,#12585);
#10972=AXIS2_PLACEMENT_3D('',#15429,#12587,#12588);
#10973=AXIS2_PLACEMENT_3D('',#15432,#12590,#12591);
#10974=AXIS2_PLACEMENT_3D('',#15435,#12593,#12594);
#10975=AXIS2_PLACEMENT_3D('',#15438,#12596,#12597);
#10976=AXIS2_PLACEMENT_3D('',#15478,#12619,#12620);
#10977=AXIS2_PLACEMENT_3D('',#15480,#12622,#12623);
#10978=AXIS2_PLACEMENT_3D('',#15482,#12625,#12626);
#10979=AXIS2_PLACEMENT_3D('',#15524,#12648,#12649);
#10980=AXIS2_PLACEMENT_3D('',#15527,#12652,#12653);
#10981=AXIS2_PLACEMENT_3D('',#15529,#12655,#12656);
#10982=AXIS2_PLACEMENT_3D('',#15531,#12658,#12659);
#10983=AXIS2_PLACEMENT_3D('',#15533,#12661,#12662);
#10984=AXIS2_PLACEMENT_3D('',#15535,#12664,#12665);
#10985=AXIS2_PLACEMENT_3D('',#15537,#12667,#12668);
#10986=AXIS2_PLACEMENT_3D('',#15539,#12670,#12671);
#10987=AXIS2_PLACEMENT_3D('',#15541,#12673,#12674);
#10988=AXIS2_PLACEMENT_3D('',#15543,#12676,#12677);
#10989=AXIS2_PLACEMENT_3D('',#15545,#12679,#12680);
#10990=AXIS2_PLACEMENT_3D('',#15547,#12682,#12683);
#10991=AXIS2_PLACEMENT_3D('',#15549,#12685,#12686);
#10992=AXIS2_PLACEMENT_3D('',#15551,#12688,#12689);
#10993=AXIS2_PLACEMENT_3D('',#15553,#12691,#12692);
#10994=AXIS2_PLACEMENT_3D('',#15555,#12694,#12695);
#10995=AXIS2_PLACEMENT_3D('',#15558,#12698,#12699);
#10996=AXIS2_PLACEMENT_3D('',#15559,#12700,#12701);
#10997=AXIS2_PLACEMENT_3D('',#15561,#12703,#12704);
#10998=AXIS2_PLACEMENT_3D('',#15563,#12706,#12707);
#10999=AXIS2_PLACEMENT_3D('',#15564,#12708,#12709);
#11000=AXIS2_PLACEMENT_3D('',#15565,#12710,#12711);
#11001=AXIS2_PLACEMENT_3D('',#15566,#12712,#12713);
#11002=AXIS2_PLACEMENT_3D('',#15567,#12714,#12715);
#11003=AXIS2_PLACEMENT_3D('',#15569,#12716,#12717);
#11004=AXIS2_PLACEMENT_3D('',#15619,#12742,#12743);
#11005=AXIS2_PLACEMENT_3D('',#15631,#12749,#12750);
#11006=AXIS2_PLACEMENT_3D('',#15635,#12752,#12753);
#11007=AXIS2_PLACEMENT_3D('',#15640,#12756,#12757);
#11008=AXIS2_PLACEMENT_3D('',#15649,#12762,#12763);
#11009=AXIS2_PLACEMENT_3D('',#15659,#12768,#12769);
#11010=AXIS2_PLACEMENT_3D('',#15663,#12771,#12772);
#11011=AXIS2_PLACEMENT_3D('',#15670,#12776,#12777);
#11012=AXIS2_PLACEMENT_3D('',#15679,#12782,#12783);
#11013=AXIS2_PLACEMENT_3D('',#15683,#12786,#12787);
#11014=AXIS2_PLACEMENT_3D('',#15684,#12788,#12789);
#11015=AXIS2_PLACEMENT_3D('',#15686,#12791,#12792);
#11016=AXIS2_PLACEMENT_3D('',#15690,#12794,#12795);
#11017=AXIS2_PLACEMENT_3D('',#15691,#12796,#12797);
#11018=AXIS2_PLACEMENT_3D('',#15695,#12800,#12801);
#11019=AXIS2_PLACEMENT_3D('',#15702,#12805,#12806);
#11020=AXIS2_PLACEMENT_3D('',#15703,#12807,#12808);
#11021=AXIS2_PLACEMENT_3D('',#15705,#12809,#12810);
#11022=AXIS2_PLACEMENT_3D('',#15707,#12811,#12812);
#11023=AXIS2_PLACEMENT_3D('',#15709,#12813,#12814);
#11024=AXIS2_PLACEMENT_3D('',#15711,#12815,#12816);
#11025=AXIS2_PLACEMENT_3D('',#15713,#12817,#12818);
#11026=AXIS2_PLACEMENT_3D('',#15715,#12819,#12820);
#11027=AXIS2_PLACEMENT_3D('',#15717,#12821,#12822);
#11028=AXIS2_PLACEMENT_3D('',#15759,#12843,#12844);
#11029=AXIS2_PLACEMENT_3D('',#15766,#12848,#12849);
#11030=AXIS2_PLACEMENT_3D('',#15767,#12850,#12851);
#11031=AXIS2_PLACEMENT_3D('',#15768,#12852,#12853);
#11032=AXIS2_PLACEMENT_3D('',#15770,#12854,#12855);
#11033=AXIS2_PLACEMENT_3D('',#15771,#12856,#12857);
#11034=AXIS2_PLACEMENT_3D('',#15772,#12858,#12859);
#11035=AXIS2_PLACEMENT_3D('',#15773,#12860,#12861);
#11036=AXIS2_PLACEMENT_3D('',#15775,#12862,#12863);
#11037=AXIS2_PLACEMENT_3D('',#15776,#12864,#12865);
#11038=AXIS2_PLACEMENT_3D('',#15777,#12866,#12867);
#11039=AXIS2_PLACEMENT_3D('',#15778,#12868,#12869);
#11040=AXIS2_PLACEMENT_3D('',#15779,#12870,#12871);
#11041=AXIS2_PLACEMENT_3D('',#15780,#12872,#12873);
#11042=AXIS2_PLACEMENT_3D('',#15781,#12874,#12875);
#11043=AXIS2_PLACEMENT_3D('',#15782,#12876,#12877);
#11044=AXIS2_PLACEMENT_3D('',#15783,#12878,#12879);
#11045=AXIS2_PLACEMENT_3D('',#15784,#12880,#12881);
#11046=AXIS2_PLACEMENT_3D('',#15786,#12883,#12884);
#11047=AXIS2_PLACEMENT_3D('',#15792,#12888,#12889);
#11048=AXIS2_PLACEMENT_3D('',#15798,#12893,#12894);
#11049=AXIS2_PLACEMENT_3D('',#15802,#12897,#12898);
#11050=AXIS2_PLACEMENT_3D('',#15806,#12901,#12902);
#11051=AXIS2_PLACEMENT_3D('',#15807,#12903,#12904);
#11052=AXIS2_PLACEMENT_3D('',#15809,#12905,#12906);
#11053=AXIS2_PLACEMENT_3D('',#15810,#12907,#12908);
#11054=AXIS2_PLACEMENT_3D('',#15811,#12909,#12910);
#11055=AXIS2_PLACEMENT_3D('',#15813,#12911,#12912);
#11056=AXIS2_PLACEMENT_3D('',#15814,#12913,#12914);
#11057=AXIS2_PLACEMENT_3D('',#15815,#12915,#12916);
#11058=AXIS2_PLACEMENT_3D('',#15817,#12917,#12918);
#11059=AXIS2_PLACEMENT_3D('',#15819,#12919,#12920);
#11060=AXIS2_PLACEMENT_3D('',#15820,#12921,#12922);
#11061=AXIS2_PLACEMENT_3D('',#15822,#12923,#12924);
#11062=AXIS2_PLACEMENT_3D('',#15823,#12925,#12926);
#11063=AXIS2_PLACEMENT_3D('',#15825,#12927,#12928);
#11064=AXIS2_PLACEMENT_3D('',#15827,#12929,#12930);
#11065=AXIS2_PLACEMENT_3D('',#15828,#12931,#12932);
#11066=AXIS2_PLACEMENT_3D('',#15830,#12933,#12934);
#11067=AXIS2_PLACEMENT_3D('',#15831,#12935,#12936);
#11068=AXIS2_PLACEMENT_3D('',#15833,#12937,#12938);
#11069=AXIS2_PLACEMENT_3D('',#15835,#12939,#12940);
#11070=AXIS2_PLACEMENT_3D('',#15836,#12941,#12942);
#11071=AXIS2_PLACEMENT_3D('',#15838,#12943,#12944);
#11072=AXIS2_PLACEMENT_3D('',#15839,#12945,#12946);
#11073=AXIS2_PLACEMENT_3D('',#15841,#12947,#12948);
#11074=AXIS2_PLACEMENT_3D('',#15843,#12949,#12950);
#11075=AXIS2_PLACEMENT_3D('',#15844,#12951,#12952);
#11076=AXIS2_PLACEMENT_3D('',#15846,#12953,#12954);
#11077=AXIS2_PLACEMENT_3D('',#15847,#12955,#12956);
#11078=AXIS2_PLACEMENT_3D('',#15849,#12957,#12958);
#11079=AXIS2_PLACEMENT_3D('',#15851,#12959,#12960);
#11080=AXIS2_PLACEMENT_3D('',#15852,#12961,#12962);
#11081=AXIS2_PLACEMENT_3D('',#15854,#12963,#12964);
#11082=AXIS2_PLACEMENT_3D('',#15855,#12965,#12966);
#11083=AXIS2_PLACEMENT_3D('',#15857,#12967,#12968);
#11084=AXIS2_PLACEMENT_3D('',#15859,#12969,#12970);
#11085=AXIS2_PLACEMENT_3D('',#15860,#12971,#12972);
#11086=AXIS2_PLACEMENT_3D('',#15862,#12973,#12974);
#11087=AXIS2_PLACEMENT_3D('',#15863,#12975,#12976);
#11088=AXIS2_PLACEMENT_3D('',#15865,#12977,#12978);
#11089=AXIS2_PLACEMENT_3D('',#15867,#12979,#12980);
#11090=AXIS2_PLACEMENT_3D('',#15868,#12981,#12982);
#11091=AXIS2_PLACEMENT_3D('',#15870,#12983,#12984);
#11092=AXIS2_PLACEMENT_3D('',#15871,#12985,#12986);
#11093=AXIS2_PLACEMENT_3D('',#15873,#12987,#12988);
#11094=AXIS2_PLACEMENT_3D('',#15875,#12989,#12990);
#11095=AXIS2_PLACEMENT_3D('',#15876,#12991,#12992);
#11096=AXIS2_PLACEMENT_3D('',#15878,#12993,#12994);
#11097=AXIS2_PLACEMENT_3D('',#15879,#12995,#12996);
#11098=AXIS2_PLACEMENT_3D('',#15880,#12997,#12998);
#11099=AXIS2_PLACEMENT_3D('',#15881,#12999,#13000);
#11100=AXIS2_PLACEMENT_3D('',#15882,#13001,#13002);
#11101=AXIS2_PLACEMENT_3D('',#15883,#13003,#13004);
#11102=AXIS2_PLACEMENT_3D('',#15884,#13005,#13006);
#11103=AXIS2_PLACEMENT_3D('',#15885,#13007,#13008);
#11104=AXIS2_PLACEMENT_3D('',#15886,#13009,#13010);
#11105=AXIS2_PLACEMENT_3D('',#15887,#13011,#13012);
#11106=AXIS2_PLACEMENT_3D('',#15888,#13013,#13014);
#11107=AXIS2_PLACEMENT_3D('',#15889,#13015,#13016);
#11108=AXIS2_PLACEMENT_3D('',#15890,#13017,#13018);
#11109=AXIS2_PLACEMENT_3D('',#15891,#13019,#13020);
#11110=AXIS2_PLACEMENT_3D('',#15892,#13021,#13022);
#11111=AXIS2_PLACEMENT_3D('',#15893,#13023,#13024);
#11112=AXIS2_PLACEMENT_3D('',#15894,#13025,#13026);
#11113=AXIS2_PLACEMENT_3D('',#15895,#13027,#13028);
#11114=AXIS2_PLACEMENT_3D('',#15896,#13029,#13030);
#11115=AXIS2_PLACEMENT_3D('',#15897,#13031,#13032);
#11116=AXIS2_PLACEMENT_3D('',#15898,#13033,#13034);
#11117=AXIS2_PLACEMENT_3D('',#15899,#13035,#13036);
#11118=AXIS2_PLACEMENT_3D('',#15900,#13037,#13038);
#11119=AXIS2_PLACEMENT_3D('',#15901,#13039,#13040);
#11120=AXIS2_PLACEMENT_3D('',#15902,#13041,#13042);
#11121=AXIS2_PLACEMENT_3D('',#15903,#13043,#13044);
#11122=AXIS2_PLACEMENT_3D('',#15904,#13045,#13046);
#11123=AXIS2_PLACEMENT_3D('',#15905,#13047,#13048);
#11124=AXIS2_PLACEMENT_3D('',#15906,#13049,#13050);
#11125=AXIS2_PLACEMENT_3D('',#15907,#13051,#13052);
#11126=AXIS2_PLACEMENT_3D('',#15908,#13053,#13054);
#11127=AXIS2_PLACEMENT_3D('',#15909,#13055,#13056);
#11128=AXIS2_PLACEMENT_3D('',#15910,#13057,#13058);
#11129=AXIS2_PLACEMENT_3D('',#15912,#13059,#13060);
#11130=AXIS2_PLACEMENT_3D('',#15913,#13061,#13062);
#11131=AXIS2_PLACEMENT_3D('',#15914,#13063,#13064);
#11132=AXIS2_PLACEMENT_3D('',#15916,#13065,#13066);
#11133=AXIS2_PLACEMENT_3D('',#15917,#13067,#13068);
#11134=AXIS2_PLACEMENT_3D('',#15918,#13069,#13070);
#11135=AXIS2_PLACEMENT_3D('',#15920,#13071,#13072);
#11136=AXIS2_PLACEMENT_3D('',#15921,#13073,#13074);
#11137=AXIS2_PLACEMENT_3D('',#15922,#13075,#13076);
#11138=AXIS2_PLACEMENT_3D('',#15924,#13077,#13078);
#11139=AXIS2_PLACEMENT_3D('',#15925,#13079,#13080);
#11140=AXIS2_PLACEMENT_3D('',#15926,#13081,#13082);
#11141=AXIS2_PLACEMENT_3D('',#15928,#13083,#13084);
#11142=AXIS2_PLACEMENT_3D('',#15929,#13085,#13086);
#11143=AXIS2_PLACEMENT_3D('',#15930,#13087,#13088);
#11144=AXIS2_PLACEMENT_3D('',#15932,#13089,#13090);
#11145=AXIS2_PLACEMENT_3D('',#15933,#13091,#13092);
#11146=AXIS2_PLACEMENT_3D('',#15934,#13093,#13094);
#11147=AXIS2_PLACEMENT_3D('',#15936,#13095,#13096);
#11148=AXIS2_PLACEMENT_3D('',#15937,#13097,#13098);
#11149=AXIS2_PLACEMENT_3D('',#15938,#13099,#13100);
#11150=AXIS2_PLACEMENT_3D('',#15940,#13101,#13102);
#11151=AXIS2_PLACEMENT_3D('',#15941,#13103,#13104);
#11152=AXIS2_PLACEMENT_3D('',#15944,#13107,#13108);
#11153=AXIS2_PLACEMENT_3D('',#15946,#13110,#13111);
#11154=AXIS2_PLACEMENT_3D('',#15948,#13113,#13114);
#11155=AXIS2_PLACEMENT_3D('',#15950,#13116,#13117);
#11156=AXIS2_PLACEMENT_3D('',#15952,#13119,#13120);
#11157=AXIS2_PLACEMENT_3D('',#15954,#13122,#13123);
#11158=AXIS2_PLACEMENT_3D('',#15956,#13125,#13126);
#11159=AXIS2_PLACEMENT_3D('',#15958,#13128,#13129);
#11160=AXIS2_PLACEMENT_3D('',#15960,#13131,#13132);
#11161=AXIS2_PLACEMENT_3D('',#15962,#13134,#13135);
#11162=AXIS2_PLACEMENT_3D('',#15964,#13137,#13138);
#11163=AXIS2_PLACEMENT_3D('',#15966,#13140,#13141);
#11164=AXIS2_PLACEMENT_3D('',#15968,#13143,#13144);
#11165=AXIS2_PLACEMENT_3D('',#15970,#13146,#13147);
#11166=AXIS2_PLACEMENT_3D('',#15972,#13149,#13150);
#11167=AXIS2_PLACEMENT_3D('',#15975,#13153,#13154);
#11168=AXIS2_PLACEMENT_3D('',#15976,#13155,#13156);
#11169=AXIS2_PLACEMENT_3D('',#15978,#13158,#13159);
#11170=AXIS2_PLACEMENT_3D('',#15980,#13161,#13162);
#11171=AXIS2_PLACEMENT_3D('',#15981,#13163,#13164);
#11172=AXIS2_PLACEMENT_3D('',#15982,#13165,#13166);
#11173=AXIS2_PLACEMENT_3D('',#15983,#13167,#13168);
#11174=AXIS2_PLACEMENT_3D('',#15992,#13173,#13174);
#11175=AXIS2_PLACEMENT_3D('',#15993,#13175,#13176);
#11176=AXIS2_PLACEMENT_3D('',#15998,#13178,#13179);
#11177=AXIS2_PLACEMENT_3D('',#16015,#13183,#13184);
#11178=AXIS2_PLACEMENT_3D('',#16016,#13185,#13186);
#11179=AXIS2_PLACEMENT_3D('',#16018,#13187,#13188);
#11180=AXIS2_PLACEMENT_3D('',#16021,#13190,#13191);
#11181=AXIS2_PLACEMENT_3D('',#16027,#13195,#13196);
#11182=AXIS2_PLACEMENT_3D('',#16033,#13200,#13201);
#11183=AXIS2_PLACEMENT_3D('',#16042,#13206,#13207);
#11184=AXIS2_PLACEMENT_3D('',#16048,#13211,#13212);
#11185=AXIS2_PLACEMENT_3D('',#16054,#13216,#13217);
#11186=AXIS2_PLACEMENT_3D('',#16057,#13220,#13221);
#11187=AXIS2_PLACEMENT_3D('',#16066,#13226,#13227);
#11188=AXIS2_PLACEMENT_3D('',#16072,#13231,#13232);
#11189=AXIS2_PLACEMENT_3D('',#16078,#13236,#13237);
#11190=AXIS2_PLACEMENT_3D('',#16081,#13240,#13241);
#11191=AXIS2_PLACEMENT_3D('',#16090,#13246,#13247);
#11192=AXIS2_PLACEMENT_3D('',#16096,#13251,#13252);
#11193=AXIS2_PLACEMENT_3D('',#16102,#13256,#13257);
#11194=AXIS2_PLACEMENT_3D('',#16105,#13260,#13261);
#11195=AXIS2_PLACEMENT_3D('',#16114,#13266,#13267);
#11196=AXIS2_PLACEMENT_3D('',#16120,#13271,#13272);
#11197=AXIS2_PLACEMENT_3D('',#16126,#13276,#13277);
#11198=AXIS2_PLACEMENT_3D('',#16129,#13280,#13281);
#11199=AXIS2_PLACEMENT_3D('',#16138,#13286,#13287);
#11200=AXIS2_PLACEMENT_3D('',#16144,#13291,#13292);
#11201=AXIS2_PLACEMENT_3D('',#16150,#13296,#13297);
#11202=AXIS2_PLACEMENT_3D('',#16153,#13300,#13301);
#11203=AXIS2_PLACEMENT_3D('',#16162,#13306,#13307);
#11204=AXIS2_PLACEMENT_3D('',#16168,#13311,#13312);
#11205=AXIS2_PLACEMENT_3D('',#16174,#13316,#13317);
#11206=AXIS2_PLACEMENT_3D('',#16177,#13320,#13321);
#11207=AXIS2_PLACEMENT_3D('',#16186,#13326,#13327);
#11208=AXIS2_PLACEMENT_3D('',#16192,#13331,#13332);
#11209=AXIS2_PLACEMENT_3D('',#16198,#13336,#13337);
#11210=AXIS2_PLACEMENT_3D('',#16201,#13340,#13341);
#11211=AXIS2_PLACEMENT_3D('',#16210,#13346,#13347);
#11212=AXIS2_PLACEMENT_3D('',#16216,#13351,#13352);
#11213=AXIS2_PLACEMENT_3D('',#16222,#13356,#13357);
#11214=AXIS2_PLACEMENT_3D('',#16225,#13360,#13361);
#11215=AXIS2_PLACEMENT_3D('',#16234,#13366,#13367);
#11216=AXIS2_PLACEMENT_3D('',#16240,#13371,#13372);
#11217=AXIS2_PLACEMENT_3D('',#16246,#13376,#13377);
#11218=AXIS2_PLACEMENT_3D('',#16249,#13380,#13381);
#11219=AXIS2_PLACEMENT_3D('',#16258,#13386,#13387);
#11220=AXIS2_PLACEMENT_3D('',#16264,#13391,#13392);
#11221=AXIS2_PLACEMENT_3D('',#16270,#13396,#13397);
#11222=AXIS2_PLACEMENT_3D('',#16273,#13400,#13401);
#11223=AXIS2_PLACEMENT_3D('',#16282,#13406,#13407);
#11224=AXIS2_PLACEMENT_3D('',#16288,#13411,#13412);
#11225=AXIS2_PLACEMENT_3D('',#16294,#13416,#13417);
#11226=AXIS2_PLACEMENT_3D('',#16297,#13420,#13421);
#11227=AXIS2_PLACEMENT_3D('',#16306,#13426,#13427);
#11228=AXIS2_PLACEMENT_3D('',#16312,#13431,#13432);
#11229=AXIS2_PLACEMENT_3D('',#16318,#13436,#13437);
#11230=AXIS2_PLACEMENT_3D('',#16321,#13440,#13441);
#11231=AXIS2_PLACEMENT_3D('',#16330,#13446,#13447);
#11232=AXIS2_PLACEMENT_3D('',#16336,#13451,#13452);
#11233=AXIS2_PLACEMENT_3D('',#16342,#13456,#13457);
#11234=AXIS2_PLACEMENT_3D('',#16345,#13460,#13461);
#11235=AXIS2_PLACEMENT_3D('',#16354,#13466,#13467);
#11236=AXIS2_PLACEMENT_3D('',#16360,#13471,#13472);
#11237=AXIS2_PLACEMENT_3D('',#16366,#13476,#13477);
#11238=AXIS2_PLACEMENT_3D('',#16369,#13480,#13481);
#11239=AXIS2_PLACEMENT_3D('',#16378,#13486,#13487);
#11240=AXIS2_PLACEMENT_3D('',#16384,#13491,#13492);
#11241=AXIS2_PLACEMENT_3D('',#16390,#13496,#13497);
#11242=AXIS2_PLACEMENT_3D('',#16393,#13500,#13501);
#11243=AXIS2_PLACEMENT_3D('',#16402,#13506,#13507);
#11244=AXIS2_PLACEMENT_3D('',#16408,#13511,#13512);
#11245=AXIS2_PLACEMENT_3D('',#16414,#13516,#13517);
#11246=AXIS2_PLACEMENT_3D('',#16417,#13520,#13521);
#11247=AXIS2_PLACEMENT_3D('',#16426,#13526,#13527);
#11248=AXIS2_PLACEMENT_3D('',#16432,#13531,#13532);
#11249=AXIS2_PLACEMENT_3D('',#16438,#13536,#13537);
#11250=AXIS2_PLACEMENT_3D('',#16441,#13540,#13541);
#11251=AXIS2_PLACEMENT_3D('',#16450,#13546,#13547);
#11252=AXIS2_PLACEMENT_3D('',#16456,#13551,#13552);
#11253=AXIS2_PLACEMENT_3D('',#16462,#13556,#13557);
#11254=AXIS2_PLACEMENT_3D('',#16465,#13560,#13561);
#11255=AXIS2_PLACEMENT_3D('',#16474,#13566,#13567);
#11256=AXIS2_PLACEMENT_3D('',#16480,#13571,#13572);
#11257=AXIS2_PLACEMENT_3D('',#16486,#13576,#13577);
#11258=AXIS2_PLACEMENT_3D('',#16489,#13580,#13581);
#11259=AXIS2_PLACEMENT_3D('',#16490,#13582,#13583);
#11260=AXIS2_PLACEMENT_3D('',#16492,#13584,#13585);
#11261=AXIS2_PLACEMENT_3D('',#16494,#13586,#13587);
#11262=AXIS2_PLACEMENT_3D('',#16503,#13592,#13593);
#11263=AXIS2_PLACEMENT_3D('',#16509,#13597,#13598);
#11264=AXIS2_PLACEMENT_3D('',#16515,#13602,#13603);
#11265=AXIS2_PLACEMENT_3D('',#16518,#13606,#13607);
#11266=AXIS2_PLACEMENT_3D('',#16527,#13612,#13613);
#11267=AXIS2_PLACEMENT_3D('',#16533,#13617,#13618);
#11268=AXIS2_PLACEMENT_3D('',#16539,#13622,#13623);
#11269=AXIS2_PLACEMENT_3D('',#16542,#13626,#13627);
#11270=AXIS2_PLACEMENT_3D('',#16551,#13632,#13633);
#11271=AXIS2_PLACEMENT_3D('',#16557,#13637,#13638);
#11272=AXIS2_PLACEMENT_3D('',#16563,#13642,#13643);
#11273=AXIS2_PLACEMENT_3D('',#16566,#13646,#13647);
#11274=AXIS2_PLACEMENT_3D('',#16567,#13648,#13649);
#11275=AXIS2_PLACEMENT_3D('',#16569,#13650,#13651);
#11276=AXIS2_PLACEMENT_3D('',#16571,#13652,#13653);
#11277=AXIS2_PLACEMENT_3D('',#16580,#13658,#13659);
#11278=AXIS2_PLACEMENT_3D('',#16586,#13663,#13664);
#11279=AXIS2_PLACEMENT_3D('',#16592,#13668,#13669);
#11280=AXIS2_PLACEMENT_3D('',#16598,#13673,#13674);
#11281=AXIS2_PLACEMENT_3D('',#16604,#13678,#13679);
#11282=AXIS2_PLACEMENT_3D('',#16610,#13683,#13684);
#11283=AXIS2_PLACEMENT_3D('',#16616,#13688,#13689);
#11284=AXIS2_PLACEMENT_3D('',#16622,#13693,#13694);
#11285=AXIS2_PLACEMENT_3D('',#16628,#13698,#13699);
#11286=AXIS2_PLACEMENT_3D('',#16634,#13703,#13704);
#11287=AXIS2_PLACEMENT_3D('',#16640,#13708,#13709);
#11288=AXIS2_PLACEMENT_3D('',#16646,#13713,#13714);
#11289=AXIS2_PLACEMENT_3D('',#16652,#13718,#13719);
#11290=AXIS2_PLACEMENT_3D('',#16658,#13723,#13724);
#11291=AXIS2_PLACEMENT_3D('',#16664,#13728,#13729);
#11292=AXIS2_PLACEMENT_3D('',#16670,#13733,#13734);
#11293=AXIS2_PLACEMENT_3D('',#16676,#13738,#13739);
#11294=AXIS2_PLACEMENT_3D('',#16682,#13743,#13744);
#11295=AXIS2_PLACEMENT_3D('',#16688,#13748,#13749);
#11296=AXIS2_PLACEMENT_3D('',#16694,#13753,#13754);
#11297=AXIS2_PLACEMENT_3D('',#16700,#13758,#13759);
#11298=AXIS2_PLACEMENT_3D('',#16706,#13763,#13764);
#11299=AXIS2_PLACEMENT_3D('',#16712,#13768,#13769);
#11300=AXIS2_PLACEMENT_3D('',#16718,#13773,#13774);
#11301=AXIS2_PLACEMENT_3D('',#16724,#13778,#13779);
#11302=AXIS2_PLACEMENT_3D('',#16730,#13783,#13784);
#11303=AXIS2_PLACEMENT_3D('',#16736,#13788,#13789);
#11304=AXIS2_PLACEMENT_3D('',#16739,#13792,#13793);
#11305=AXIS2_PLACEMENT_3D('',#16748,#13798,#13799);
#11306=AXIS2_PLACEMENT_3D('',#16754,#13803,#13804);
#11307=AXIS2_PLACEMENT_3D('',#16760,#13808,#13809);
#11308=AXIS2_PLACEMENT_3D('',#16766,#13813,#13814);
#11309=AXIS2_PLACEMENT_3D('',#16772,#13818,#13819);
#11310=AXIS2_PLACEMENT_3D('',#16778,#13823,#13824);
#11311=AXIS2_PLACEMENT_3D('',#16784,#13828,#13829);
#11312=AXIS2_PLACEMENT_3D('',#16790,#13833,#13834);
#11313=AXIS2_PLACEMENT_3D('',#16796,#13838,#13839);
#11314=AXIS2_PLACEMENT_3D('',#16802,#13843,#13844);
#11315=AXIS2_PLACEMENT_3D('',#16808,#13848,#13849);
#11316=AXIS2_PLACEMENT_3D('',#16814,#13853,#13854);
#11317=AXIS2_PLACEMENT_3D('',#16820,#13858,#13859);
#11318=AXIS2_PLACEMENT_3D('',#16826,#13863,#13864);
#11319=AXIS2_PLACEMENT_3D('',#16832,#13868,#13869);
#11320=AXIS2_PLACEMENT_3D('',#16838,#13873,#13874);
#11321=AXIS2_PLACEMENT_3D('',#16844,#13878,#13879);
#11322=AXIS2_PLACEMENT_3D('',#16850,#13883,#13884);
#11323=AXIS2_PLACEMENT_3D('',#16856,#13888,#13889);
#11324=AXIS2_PLACEMENT_3D('',#16862,#13893,#13894);
#11325=AXIS2_PLACEMENT_3D('',#16868,#13898,#13899);
#11326=AXIS2_PLACEMENT_3D('',#16874,#13903,#13904);
#11327=AXIS2_PLACEMENT_3D('',#16880,#13908,#13909);
#11328=AXIS2_PLACEMENT_3D('',#16886,#13913,#13914);
#11329=AXIS2_PLACEMENT_3D('',#16892,#13918,#13919);
#11330=AXIS2_PLACEMENT_3D('',#16898,#13923,#13924);
#11331=AXIS2_PLACEMENT_3D('',#16904,#13928,#13929);
#11332=AXIS2_PLACEMENT_3D('',#16907,#13932,#13933);
#11333=AXIS2_PLACEMENT_3D('',#16908,#13934,#13935);
#11334=AXIS2_PLACEMENT_3D('',#16910,#13936,#13937);
#11335=AXIS2_PLACEMENT_3D('',#16912,#13938,#13939);
#11336=AXIS2_PLACEMENT_3D('',#16921,#13944,#13945);
#11337=AXIS2_PLACEMENT_3D('',#16927,#13949,#13950);
#11338=AXIS2_PLACEMENT_3D('',#16933,#13954,#13955);
#11339=AXIS2_PLACEMENT_3D('',#16936,#13958,#13959);
#11340=AXIS2_PLACEMENT_3D('',#16937,#13960,#13961);
#11341=AXIS2_PLACEMENT_3D('',#16939,#13962,#13963);
#11342=AXIS2_PLACEMENT_3D('',#16941,#13964,#13965);
#11343=AXIS2_PLACEMENT_3D('',#16942,#13966,#13967);
#11344=AXIS2_PLACEMENT_3D('',#16944,#13968,#13969);
#11345=AXIS2_PLACEMENT_3D('',#16946,#13970,#13971);
#11346=AXIS2_PLACEMENT_3D('',#16955,#13976,#13977);
#11347=AXIS2_PLACEMENT_3D('',#16961,#13981,#13982);
#11348=AXIS2_PLACEMENT_3D('',#16967,#13986,#13987);
#11349=AXIS2_PLACEMENT_3D('',#16970,#13990,#13991);
#11350=AXIS2_PLACEMENT_3D('',#16971,#13992,#13993);
#11351=AXIS2_PLACEMENT_3D('',#16973,#13994,#13995);
#11352=AXIS2_PLACEMENT_3D('',#16975,#13996,#13997);
#11353=AXIS2_PLACEMENT_3D('',#16984,#14002,#14003);
#11354=AXIS2_PLACEMENT_3D('',#16990,#14007,#14008);
#11355=AXIS2_PLACEMENT_3D('',#16996,#14012,#14013);
#11356=AXIS2_PLACEMENT_3D('',#16999,#14016,#14017);
#11357=AXIS2_PLACEMENT_3D('',#17008,#14022,#14023);
#11358=AXIS2_PLACEMENT_3D('',#17014,#14027,#14028);
#11359=AXIS2_PLACEMENT_3D('',#17020,#14032,#14033);
#11360=AXIS2_PLACEMENT_3D('',#17023,#14036,#14037);
#11361=AXIS2_PLACEMENT_3D('',#17024,#14038,#14039);
#11362=AXIS2_PLACEMENT_3D('',#17026,#14040,#14041);
#11363=AXIS2_PLACEMENT_3D('',#17028,#14042,#14043);
#11364=AXIS2_PLACEMENT_3D('',#17037,#14048,#14049);
#11365=AXIS2_PLACEMENT_3D('',#17043,#14053,#14054);
#11366=AXIS2_PLACEMENT_3D('',#17049,#14058,#14059);
#11367=AXIS2_PLACEMENT_3D('',#17052,#14062,#14063);
#11368=AXIS2_PLACEMENT_3D('',#17053,#14064,#14065);
#11369=AXIS2_PLACEMENT_3D('',#17055,#14066,#14067);
#11370=AXIS2_PLACEMENT_3D('',#17057,#14068,#14069);
#11371=AXIS2_PLACEMENT_3D('',#17066,#14074,#14075);
#11372=AXIS2_PLACEMENT_3D('',#17072,#14079,#14080);
#11373=AXIS2_PLACEMENT_3D('',#17078,#14084,#14085);
#11374=AXIS2_PLACEMENT_3D('',#17081,#14088,#14089);
#11375=AXIS2_PLACEMENT_3D('',#17082,#14090,#14091);
#11376=AXIS2_PLACEMENT_3D('',#17084,#14092,#14093);
#11377=AXIS2_PLACEMENT_3D('',#17086,#14094,#14095);
#11378=AXIS2_PLACEMENT_3D('',#17095,#14100,#14101);
#11379=AXIS2_PLACEMENT_3D('',#17101,#14105,#14106);
#11380=AXIS2_PLACEMENT_3D('',#17107,#14110,#14111);
#11381=AXIS2_PLACEMENT_3D('',#17110,#14114,#14115);
#11382=AXIS2_PLACEMENT_3D('',#17111,#14116,#14117);
#11383=AXIS2_PLACEMENT_3D('',#17115,#14119,#14120);
#11384=AXIS2_PLACEMENT_3D('',#17116,#14121,#14122);
#11385=AXIS2_PLACEMENT_3D('',#17117,#14123,#14124);
#11386=AXIS2_PLACEMENT_3D('',#17119,#14125,#14126);
#11387=AXIS2_PLACEMENT_3D('',#17122,#14128,#14129);
#11388=AXIS2_PLACEMENT_3D('',#17131,#14134,#14135);
#11389=AXIS2_PLACEMENT_3D('',#17140,#14140,#14141);
#11390=AXIS2_PLACEMENT_3D('',#17141,#14142,#14143);
#11391=AXIS2_PLACEMENT_3D('',#17145,#14145,#14146);
#11392=AXIS2_PLACEMENT_3D('',#17146,#14147,#14148);
#11393=AXIS2_PLACEMENT_3D('',#17147,#14149,#14150);
#11394=AXIS2_PLACEMENT_3D('',#17151,#14152,#14153);
#11395=AXIS2_PLACEMENT_3D('',#17152,#14154,#14155);
#11396=AXIS2_PLACEMENT_3D('',#17153,#14156,#14157);
#11397=AXIS2_PLACEMENT_3D('',#17160,#14158,#14159);
#11398=AXIS2_PLACEMENT_3D('',#17161,#14160,#14161);
#11399=AXIS2_PLACEMENT_3D('',#17163,#14163,#14164);
#11400=AXIS2_PLACEMENT_3D('',#17164,#14165,#14166);
#11401=AXIS2_PLACEMENT_3D('',#17165,#14167,#14168);
#11402=AXIS2_PLACEMENT_3D('',#17166,#14169,#14170);
#11403=AXIS2_PLACEMENT_3D('',#17167,#14171,#14172);
#11404=AXIS2_PLACEMENT_3D('',#17170,#14174,#14175);
#11405=AXIS2_PLACEMENT_3D('',#17171,#14176,#14177);
#11406=AXIS2_PLACEMENT_3D('',#17177,#14178,#14179);
#11407=AXIS2_PLACEMENT_3D('',#17178,#14180,#14181);
#11408=AXIS2_PLACEMENT_3D('',#17181,#14183,#14184);
#11409=AXIS2_PLACEMENT_3D('',#17184,#14186,#14187);
#11410=AXIS2_PLACEMENT_3D('',#17187,#14189,#14190);
#11411=AXIS2_PLACEMENT_3D('',#17188,#14191,#14192);
#11412=AXIS2_PLACEMENT_3D('',#17192,#14195,#14196);
#11413=AXIS2_PLACEMENT_3D('',#17196,#14199,#14200);
#11414=AXIS2_PLACEMENT_3D('',#17202,#14204,#14205);
#11415=AXIS2_PLACEMENT_3D('',#17205,#14208,#14209);
#11416=AXIS2_PLACEMENT_3D('',#17208,#14212,#14213);
#11417=AXIS2_PLACEMENT_3D('',#17214,#14217,#14218);
#11418=AXIS2_PLACEMENT_3D('',#17217,#14220,#14221);
#11419=AXIS2_PLACEMENT_3D('',#17220,#14223,#14224);
#11420=AXIS2_PLACEMENT_3D('',#17221,#14225,#14226);
#11421=AXIS2_PLACEMENT_3D('',#17224,#14228,#14229);
#11422=AXIS2_PLACEMENT_3D('',#17228,#14232,#14233);
#11423=AXIS2_PLACEMENT_3D('',#17232,#14236,#14237);
#11424=AXIS2_PLACEMENT_3D('',#17235,#14240,#14241);
#11425=AXIS2_PLACEMENT_3D('',#17238,#14244,#14245);
#11426=AXIS2_PLACEMENT_3D('',#17239,#14246,#14247);
#11427=DIRECTION('',(0.,0.,1.));
#11428=DIRECTION('',(1.,0.,0.));
#11429=DIRECTION('',(0.,0.,1.));
#11430=DIRECTION('',(1.,0.,0.));
#11431=DIRECTION('',(0.,-1.,0.));
#11432=DIRECTION('',(1.,0.,0.));
#11433=DIRECTION('',(0.,1.,0.));
#11434=DIRECTION('',(-1.,0.,0.));
#11435=DIRECTION('',(0.,0.,1.));
#11436=DIRECTION('',(1.,0.,0.));
#11437=DIRECTION('',(-1.,0.,0.));
#11438=DIRECTION('',(0.,-1.,0.));
#11439=DIRECTION('',(1.,0.,0.));
#11440=DIRECTION('',(0.,1.,0.));
#11441=DIRECTION('',(0.,1.,0.));
#11442=DIRECTION('',(-1.,0.,0.));
#11443=DIRECTION('',(0.,-1.,0.));
#11444=DIRECTION('',(1.,0.,0.));
#11445=DIRECTION('',(0.,1.,0.));
#11446=DIRECTION('',(-1.,0.,0.));
#11447=DIRECTION('',(0.,-1.,0.));
#11448=DIRECTION('',(1.,0.,0.));
#11449=DIRECTION('',(0.,1.,0.));
#11450=DIRECTION('',(-1.,0.,0.));
#11451=DIRECTION('',(0.,-1.,0.));
#11452=DIRECTION('',(1.,0.,0.));
#11453=DIRECTION('',(0.,1.,0.));
#11454=DIRECTION('',(-1.,0.,0.));
#11455=DIRECTION('',(0.,-1.,0.));
#11456=DIRECTION('',(1.,0.,0.));
#11457=DIRECTION('',(0.,1.,0.));
#11458=DIRECTION('',(-1.,0.,0.));
#11459=DIRECTION('',(0.,-1.,0.));
#11460=DIRECTION('',(1.,0.,0.));
#11461=DIRECTION('',(0.,1.,0.));
#11462=DIRECTION('',(-1.,0.,0.));
#11463=DIRECTION('',(0.,-1.,0.));
#11464=DIRECTION('',(1.,0.,0.));
#11465=DIRECTION('',(0.,1.,0.));
#11466=DIRECTION('',(-1.,0.,0.));
#11467=DIRECTION('',(0.,-1.,0.));
#11468=DIRECTION('',(1.,0.,0.));
#11469=DIRECTION('',(0.,-1.,0.));
#11470=DIRECTION('',(1.,0.,0.));
#11471=DIRECTION('',(0.,1.,0.));
#11472=DIRECTION('',(-1.,0.,0.));
#11473=DIRECTION('',(0.,-1.,0.));
#11474=DIRECTION('',(1.,0.,0.));
#11475=DIRECTION('',(0.,1.,0.));
#11476=DIRECTION('',(-1.,0.,0.));
#11477=DIRECTION('',(0.,-1.,0.));
#11478=DIRECTION('',(1.,0.,0.));
#11479=DIRECTION('',(0.,1.,0.));
#11480=DIRECTION('',(-1.,0.,0.));
#11481=DIRECTION('',(1.,0.,0.));
#11482=DIRECTION('',(0.,1.,0.));
#11483=DIRECTION('',(-1.,0.,0.));
#11484=DIRECTION('',(0.,-1.,0.));
#11485=DIRECTION('',(0.,0.,1.));
#11486=DIRECTION('',(1.,0.,0.));
#11487=DIRECTION('',(0.,0.,1.));
#11488=DIRECTION('',(1.,0.,0.));
#11489=DIRECTION('',(-1.,0.,0.));
#11490=DIRECTION('',(0.,-1.,0.));
#11491=DIRECTION('',(1.,0.,0.));
#11492=DIRECTION('',(0.,1.,0.));
#11493=DIRECTION('',(0.,0.,1.));
#11494=DIRECTION('',(1.,0.,0.));
#11495=DIRECTION('',(-1.,0.,0.));
#11496=DIRECTION('',(0.,-1.,0.));
#11497=DIRECTION('',(1.,0.,0.));
#11498=DIRECTION('',(0.,1.,0.));
#11499=DIRECTION('',(-1.,0.,0.));
#11500=DIRECTION('',(0.,-1.,0.));
#11501=DIRECTION('',(1.,0.,0.));
#11502=DIRECTION('',(0.,1.,0.));
#11503=DIRECTION('',(0.,0.,1.));
#11504=DIRECTION('',(1.,0.,0.));
#11505=DIRECTION('',(-1.,0.,0.));
#11506=DIRECTION('',(0.,-1.,0.));
#11507=DIRECTION('',(1.,0.,0.));
#11508=DIRECTION('',(0.,1.,0.));
#11509=DIRECTION('',(0.,-1.,0.));
#11510=DIRECTION('',(-1.,0.,0.));
#11511=DIRECTION('',(0.,0.,1.));
#11512=DIRECTION('',(1.,0.,0.));
#11513=DIRECTION('',(0.,-1.,0.));
#11514=DIRECTION('',(-1.,0.,0.));
#11515=DIRECTION('',(0.,1.,0.));
#11516=DIRECTION('',(0.,0.,1.));
#11517=DIRECTION('',(1.,0.,0.));
#11518=DIRECTION('',(1.,0.,0.));
#11519=DIRECTION('',(0.,0.,1.));
#11520=DIRECTION('',(1.,0.,0.));
#11521=DIRECTION('',(0.,-1.,0.));
#11522=DIRECTION('',(0.,0.,1.));
#11523=DIRECTION('',(1.,0.,0.));
#11524=DIRECTION('',(1.,0.,0.));
#11525=DIRECTION('',(0.,1.,0.));
#11526=DIRECTION('',(-1.,0.,0.));
#11527=DIRECTION('',(0.,-1.,0.));
#11528=DIRECTION('',(1.,0.,0.));
#11529=DIRECTION('',(0.,1.,0.));
#11530=DIRECTION('',(-1.,0.,0.));
#11531=DIRECTION('',(0.,-1.,0.));
#11532=DIRECTION('',(1.,0.,0.));
#11533=DIRECTION('',(0.,1.,0.));
#11534=DIRECTION('',(1.,0.,0.));
#11535=DIRECTION('',(0.,0.,1.));
#11536=DIRECTION('',(1.,0.,0.));
#11537=DIRECTION('',(0.,1.,0.));
#11538=DIRECTION('',(-1.,0.,0.));
#11539=DIRECTION('',(0.,-1.,0.));
#11540=DIRECTION('',(-1.,2.53272989948594E-16,0.));
#11541=DIRECTION('',(0.,0.,1.));
#11542=DIRECTION('',(1.,0.,0.));
#11543=DIRECTION('',(0.,-1.,0.));
#11544=DIRECTION('',(-1.,0.,0.));
#11545=DIRECTION('',(0.,-1.,0.));
#11546=DIRECTION('',(0.,0.,1.));
#11547=DIRECTION('',(1.,0.,0.));
#11548=DIRECTION('',(-1.,0.,0.));
#11549=DIRECTION('',(0.,0.,1.));
#11550=DIRECTION('',(1.,0.,0.));
#11551=DIRECTION('',(-1.,0.,0.));
#11552=DIRECTION('',(0.,0.,1.));
#11553=DIRECTION('',(1.,0.,0.));
#11554=DIRECTION('',(0.,0.,-1.));
#11555=DIRECTION('',(-1.,0.,0.));
#11556=DIRECTION('',(0.,0.,1.));
#11557=DIRECTION('',(1.,0.,0.));
#11558=DIRECTION('',(0.,0.,1.));
#11559=DIRECTION('',(0.,0.,1.));
#11560=DIRECTION('',(1.,0.,0.));
#11561=DIRECTION('',(0.,0.,1.));
#11562=DIRECTION('',(0.,0.,1.));
#11563=DIRECTION('',(1.,0.,0.));
#11564=DIRECTION('',(0.,0.,1.));
#11565=DIRECTION('',(1.,0.,0.));
#11566=DIRECTION('',(1.,0.,0.));
#11567=DIRECTION('',(0.,0.,1.));
#11568=DIRECTION('',(1.,0.,0.));
#11569=DIRECTION('',(0.,-1.,0.));
#11570=DIRECTION('',(0.,0.,1.));
#11571=DIRECTION('',(1.,0.,0.));
#11572=DIRECTION('',(-1.,-2.42822435047145E-16,0.));
#11573=DIRECTION('',(0.,-1.,0.));
#11574=DIRECTION('',(1.,0.,0.));
#11575=DIRECTION('',(0.,0.,1.));
#11576=DIRECTION('',(1.,0.,0.));
#11577=DIRECTION('',(0.,-1.,0.));
#11578=DIRECTION('',(0.,0.,1.));
#11579=DIRECTION('',(1.,0.,0.));
#11580=DIRECTION('',(1.,0.,0.));
#11581=DIRECTION('',(0.,-1.,0.));
#11582=DIRECTION('',(0.,0.,1.));
#11583=DIRECTION('',(1.,0.,0.));
#11584=DIRECTION('',(1.,0.,0.));
#11585=DIRECTION('',(0.,0.,1.));
#11586=DIRECTION('',(1.,0.,0.));
#11587=DIRECTION('',(0.,-1.,0.));
#11588=DIRECTION('',(1.,0.,0.));
#11589=DIRECTION('',(0.,0.,-1.));
#11590=DIRECTION('',(0.,0.,-1.));
#11591=DIRECTION('',(0.,1.,0.));
#11592=DIRECTION('',(0.,0.,-1.));
#11593=DIRECTION('',(-1.5770213417971E-16,0.,-1.));
#11594=DIRECTION('',(-1.,0.,1.5770213417971E-16));
#11595=DIRECTION('',(-1.,5.06545979897188E-16,1.5770213417971E-16));
#11596=DIRECTION('',(0.,1.,0.));
#11597=DIRECTION('',(-1.,0.,1.5770213417971E-16));
#11598=DIRECTION('',(0.,1.,0.));
#11599=DIRECTION('',(0.,0.,-1.));
#11600=DIRECTION('',(1.,0.,0.));
#11601=DIRECTION('',(0.,1.,0.));
#11602=DIRECTION('',(-1.,2.53272989948594E-16,0.));
#11603=DIRECTION('',(0.,-1.,0.));
#11604=DIRECTION('',(-1.,0.,0.));
#11605=DIRECTION('',(1.,0.,0.));
#11606=DIRECTION('',(0.,0.,-1.));
#11607=DIRECTION('',(0.,1.,0.));
#11608=DIRECTION('',(0.,0.,-1.));
#11609=DIRECTION('',(0.,1.,0.));
#11610=DIRECTION('',(0.,0.,-1.));
#11611=DIRECTION('',(0.,0.,-1.));
#11612=DIRECTION('',(0.,0.,-1.));
#11613=DIRECTION('',(0.,0.,1.));
#11614=DIRECTION('',(1.,0.,0.));
#11615=DIRECTION('',(0.,-1.,0.));
#11616=DIRECTION('',(-1.,0.,0.));
#11617=DIRECTION('',(0.,1.,0.));
#11618=DIRECTION('',(1.,0.,0.));
#11619=DIRECTION('',(0.,0.,1.));
#11620=DIRECTION('',(1.,0.,0.));
#11621=DIRECTION('',(-1.,0.,0.));
#11622=DIRECTION('',(0.,1.,0.));
#11623=DIRECTION('',(1.,0.,0.));
#11624=DIRECTION('',(0.,-1.,0.));
#11625=DIRECTION('',(0.,1.,0.));
#11626=DIRECTION('',(0.,0.,1.));
#11627=DIRECTION('',(1.,0.,0.));
#11628=DIRECTION('',(1.,3.5492700350417E-16,0.));
#11629=DIRECTION('',(0.,0.,1.));
#11630=DIRECTION('',(1.,0.,0.));
#11631=DIRECTION('',(0.,1.,0.));
#11632=DIRECTION('',(0.,0.,1.));
#11633=DIRECTION('',(1.,0.,0.));
#11634=DIRECTION('',(-1.,0.,0.));
#11635=DIRECTION('',(0.,0.,1.));
#11636=DIRECTION('',(1.,0.,0.));
#11637=DIRECTION('',(0.,0.,1.));
#11638=DIRECTION('',(1.,0.,0.));
#11639=DIRECTION('',(0.,1.,0.));
#11640=DIRECTION('',(-1.,-1.61879357416311E-16,0.));
#11641=DIRECTION('',(0.,0.,1.));
#11642=DIRECTION('',(1.,0.,0.));
#11643=DIRECTION('',(0.,-1.,0.));
#11644=DIRECTION('',(0.,0.,1.));
#11645=DIRECTION('',(1.,0.,0.));
#11646=DIRECTION('',(1.,0.,0.));
#11647=DIRECTION('',(0.,0.,1.));
#11648=DIRECTION('',(1.,0.,0.));
#11649=DIRECTION('',(0.,-1.,0.));
#11650=DIRECTION('',(0.,0.,1.));
#11651=DIRECTION('',(1.,0.,0.));
#11652=DIRECTION('',(-1.,-9.09393925211694E-17,0.));
#11653=DIRECTION('',(0.,0.,1.));
#11654=DIRECTION('',(1.,0.,0.));
#11655=DIRECTION('',(0.,1.,0.));
#11656=DIRECTION('',(0.,0.,1.));
#11657=DIRECTION('',(1.,0.,0.));
#11658=DIRECTION('',(-1.,0.,0.));
#11659=DIRECTION('',(0.,1.,0.));
#11660=DIRECTION('',(1.,0.,0.));
#11661=DIRECTION('',(0.,-1.,0.));
#11662=DIRECTION('',(-1.,0.,0.));
#11663=DIRECTION('',(0.,1.,0.));
#11664=DIRECTION('',(1.,0.,0.));
#11665=DIRECTION('',(0.,-1.,0.));
#11666=DIRECTION('',(-1.,0.,0.));
#11667=DIRECTION('',(0.,1.,0.));
#11668=DIRECTION('',(1.,0.,0.));
#11669=DIRECTION('',(0.,-1.,0.));
#11670=DIRECTION('',(-1.,0.,0.));
#11671=DIRECTION('',(0.,1.,0.));
#11672=DIRECTION('',(1.,0.,0.));
#11673=DIRECTION('',(0.,-1.,0.));
#11674=DIRECTION('',(-1.,0.,0.));
#11675=DIRECTION('',(0.,1.,0.));
#11676=DIRECTION('',(1.,0.,0.));
#11677=DIRECTION('',(0.,-1.,0.));
#11678=DIRECTION('',(-1.,0.,0.));
#11679=DIRECTION('',(0.,1.,0.));
#11680=DIRECTION('',(1.,0.,0.));
#11681=DIRECTION('',(0.,-1.,0.));
#11682=DIRECTION('',(-1.,0.,0.));
#11683=DIRECTION('',(0.,1.,0.));
#11684=DIRECTION('',(1.,0.,0.));
#11685=DIRECTION('',(0.,-1.,0.));
#11686=DIRECTION('',(-1.,0.,0.));
#11687=DIRECTION('',(0.,1.,0.));
#11688=DIRECTION('',(1.,0.,0.));
#11689=DIRECTION('',(0.,-1.,0.));
#11690=DIRECTION('',(-1.,0.,0.));
#11691=DIRECTION('',(0.,1.,0.));
#11692=DIRECTION('',(1.,0.,0.));
#11693=DIRECTION('',(0.,-1.,0.));
#11694=DIRECTION('',(-1.,0.,0.));
#11695=DIRECTION('',(0.,-1.,0.));
#11696=DIRECTION('',(-1.,0.,0.));
#11697=DIRECTION('',(0.,1.,0.));
#11698=DIRECTION('',(1.,0.,0.));
#11699=DIRECTION('',(0.,-1.,0.));
#11700=DIRECTION('',(-1.,0.,0.));
#11701=DIRECTION('',(0.,1.,0.));
#11702=DIRECTION('',(1.,0.,0.));
#11703=DIRECTION('',(0.,-1.,0.));
#11704=DIRECTION('',(-1.,0.,0.));
#11705=DIRECTION('',(0.,1.,0.));
#11706=DIRECTION('',(1.,0.,0.));
#11707=DIRECTION('',(1.,0.,0.));
#11708=DIRECTION('',(0.,-1.,0.));
#11709=DIRECTION('',(-1.,0.,0.));
#11710=DIRECTION('',(0.,1.,0.));
#11711=DIRECTION('',(0.,0.,1.));
#11712=DIRECTION('',(1.,0.,0.));
#11713=DIRECTION('',(0.,0.,1.));
#11714=DIRECTION('',(1.,0.,0.));
#11715=DIRECTION('',(-1.,0.,0.));
#11716=DIRECTION('',(0.,1.,0.));
#11717=DIRECTION('',(1.,0.,0.));
#11718=DIRECTION('',(0.,-1.,0.));
#11719=DIRECTION('',(0.,0.,1.));
#11720=DIRECTION('',(1.,0.,0.));
#11721=DIRECTION('',(-1.,0.,0.));
#11722=DIRECTION('',(0.,1.,0.));
#11723=DIRECTION('',(1.,0.,0.));
#11724=DIRECTION('',(0.,-1.,0.));
#11725=DIRECTION('',(-1.,0.,0.));
#11726=DIRECTION('',(0.,1.,0.));
#11727=DIRECTION('',(1.,0.,0.));
#11728=DIRECTION('',(0.,-1.,0.));
#11729=DIRECTION('',(0.,0.,1.));
#11730=DIRECTION('',(1.,0.,0.));
#11731=DIRECTION('',(-1.,0.,0.));
#11732=DIRECTION('',(0.,1.,0.));
#11733=DIRECTION('',(1.,0.,0.));
#11734=DIRECTION('',(0.,-1.,0.));
#11735=DIRECTION('',(0.,1.,0.));
#11736=DIRECTION('',(0.,0.,1.));
#11737=DIRECTION('',(1.,0.,0.));
#11738=DIRECTION('',(0.,0.,-1.));
#11739=DIRECTION('',(0.,0.,-1.));
#11740=DIRECTION('',(1.,0.,0.));
#11741=DIRECTION('',(0.,0.,-1.));
#11742=DIRECTION('',(0.,-1.,0.));
#11743=DIRECTION('',(0.,0.,-1.));
#11744=DIRECTION('',(0.,0.,-1.));
#11745=DIRECTION('',(0.,1.,0.));
#11746=DIRECTION('',(0.,0.,1.));
#11747=DIRECTION('',(0.,0.,-1.));
#11748=DIRECTION('',(1.,0.,0.));
#11749=DIRECTION('',(0.,0.,-1.));
#11750=DIRECTION('',(0.,0.,-1.));
#11751=DIRECTION('',(0.,1.,0.));
#11752=DIRECTION('',(0.,0.,1.));
#11753=DIRECTION('',(-1.,0.,1.5770213417971E-16));
#11754=DIRECTION('',(0.,1.,0.));
#11755=DIRECTION('',(0.,0.,1.));
#11756=DIRECTION('',(0.,0.,-1.));
#11757=DIRECTION('',(1.,0.,0.));
#11758=DIRECTION('',(0.,0.,-1.));
#11759=DIRECTION('',(0.,0.,-1.));
#11760=DIRECTION('',(0.,0.,-1.));
#11761=DIRECTION('',(0.,-1.,0.));
#11762=DIRECTION('',(0.,0.,-1.));
#11763=DIRECTION('',(0.,0.,-1.));
#11764=DIRECTION('',(-1.,0.,0.));
#11765=DIRECTION('',(0.,0.,1.));
#11766=DIRECTION('',(0.,0.,-1.));
#11767=DIRECTION('',(0.,-1.,0.));
#11768=DIRECTION('',(0.,0.,-1.));
#11769=DIRECTION('',(0.,0.,-1.));
#11770=DIRECTION('',(0.,0.,-1.));
#11771=DIRECTION('',(-1.,0.,0.));
#11772=DIRECTION('',(0.,0.,1.));
#11773=DIRECTION('',(0.,0.,-1.));
#11774=DIRECTION('',(0.,1.,0.));
#11775=DIRECTION('',(0.,0.,1.));
#11776=DIRECTION('',(0.,0.,-1.));
#11777=DIRECTION('',(-1.,0.,0.));
#11778=DIRECTION('',(0.,0.,1.));
#11779=DIRECTION('',(0.,0.,-1.));
#11780=DIRECTION('',(0.,0.,-1.));
#11781=DIRECTION('',(0.,1.,0.));
#11782=DIRECTION('',(0.,0.,1.));
#11783=DIRECTION('',(0.,0.,-1.));
#11784=DIRECTION('',(1.,0.,0.));
#11785=DIRECTION('',(0.,0.,-1.));
#11786=DIRECTION('',(0.,0.,-1.));
#11787=DIRECTION('',(-1.,0.,0.));
#11788=DIRECTION('',(0.,0.,1.));
#11789=DIRECTION('',(0.,0.,-1.));
#11790=DIRECTION('',(0.,0.,-1.));
#11791=DIRECTION('',(0.,1.,0.));
#11792=DIRECTION('',(0.,0.,1.));
#11793=DIRECTION('',(0.,0.,-1.));
#11794=DIRECTION('',(1.,0.,0.));
#11795=DIRECTION('',(0.,0.,-1.));
#11796=DIRECTION('',(0.,0.,-1.));
#11797=DIRECTION('',(-1.,0.,0.));
#11798=DIRECTION('',(0.,0.,1.));
#11799=DIRECTION('',(0.,0.,-1.));
#11800=DIRECTION('',(0.,0.,-1.));
#11801=DIRECTION('',(0.,1.,0.));
#11802=DIRECTION('',(0.,0.,1.));
#11803=DIRECTION('',(0.,0.,-1.));
#11804=DIRECTION('',(1.,0.,0.));
#11805=DIRECTION('',(0.,0.,-1.));
#11806=DIRECTION('',(0.,0.,-1.));
#11807=DIRECTION('',(0.,1.,0.));
#11808=DIRECTION('',(0.,0.,1.));
#11809=DIRECTION('',(0.,0.,-1.));
#11810=DIRECTION('',(0.,0.,-1.));
#11811=DIRECTION('',(1.,0.,0.));
#11812=DIRECTION('',(0.,0.,-1.));
#11813=DIRECTION('',(0.,0.,-1.));
#11814=DIRECTION('',(-1.,0.,0.));
#11815=DIRECTION('',(0.,0.,1.));
#11816=DIRECTION('',(0.,0.,-1.));
#11817=DIRECTION('',(0.,0.,-1.));
#11818=DIRECTION('',(0.,1.,0.));
#11819=DIRECTION('',(0.,0.,1.));
#11820=DIRECTION('',(0.,0.,-1.));
#11821=DIRECTION('',(1.,0.,0.));
#11822=DIRECTION('',(0.,0.,-1.));
#11823=DIRECTION('',(0.,0.,-1.));
#11824=DIRECTION('',(-1.,0.,0.));
#11825=DIRECTION('',(0.,0.,1.));
#11826=DIRECTION('',(0.,0.,-1.));
#11827=DIRECTION('',(0.,0.,-1.));
#11828=DIRECTION('',(0.,1.,0.));
#11829=DIRECTION('',(0.,0.,1.));
#11830=DIRECTION('',(0.,0.,-1.));
#11831=DIRECTION('',(1.,0.,0.));
#11832=DIRECTION('',(0.,0.,-1.));
#11833=DIRECTION('',(0.,0.,-1.));
#11834=DIRECTION('',(-1.,0.,0.));
#11835=DIRECTION('',(0.,0.,1.));
#11836=DIRECTION('',(0.,0.,-1.));
#11837=DIRECTION('',(0.,0.,-1.));
#11838=DIRECTION('',(0.,1.,0.));
#11839=DIRECTION('',(0.,0.,1.));
#11840=DIRECTION('',(0.,0.,-1.));
#11841=DIRECTION('',(1.,0.,0.));
#11842=DIRECTION('',(0.,0.,-1.));
#11843=DIRECTION('',(0.,0.,-1.));
#11844=DIRECTION('',(0.,1.,0.));
#11845=DIRECTION('',(0.,0.,1.));
#11846=DIRECTION('',(0.,0.,-1.));
#11847=DIRECTION('',(0.,0.,-1.));
#11848=DIRECTION('',(1.,0.,0.));
#11849=DIRECTION('',(0.,0.,-1.));
#11850=DIRECTION('',(0.,0.,-1.));
#11851=DIRECTION('',(-1.,0.,0.));
#11852=DIRECTION('',(0.,0.,1.));
#11853=DIRECTION('',(0.,0.,-1.));
#11854=DIRECTION('',(0.,0.,-1.));
#11855=DIRECTION('',(0.,1.,0.));
#11856=DIRECTION('',(0.,0.,1.));
#11857=DIRECTION('',(0.,0.,-1.));
#11858=DIRECTION('',(1.,0.,0.));
#11859=DIRECTION('',(0.,0.,-1.));
#11860=DIRECTION('',(0.,0.,-1.));
#11861=DIRECTION('',(1.,0.,0.));
#11862=DIRECTION('',(0.,0.,-1.));
#11863=DIRECTION('',(0.,0.,-1.));
#11864=DIRECTION('',(0.,0.,-1.));
#11865=DIRECTION('',(0.,-1.,0.));
#11866=DIRECTION('',(0.,0.,-1.));
#11867=DIRECTION('',(0.,0.,-1.));
#11868=DIRECTION('',(-1.,0.,0.));
#11869=DIRECTION('',(0.,0.,1.));
#11870=DIRECTION('',(0.,0.,-1.));
#11871=DIRECTION('',(1.,0.,0.));
#11872=DIRECTION('',(0.,0.,-1.));
#11873=DIRECTION('',(0.,0.,-1.));
#11874=DIRECTION('',(0.,0.,-1.));
#11875=DIRECTION('',(0.,-1.,0.));
#11876=DIRECTION('',(0.,0.,-1.));
#11877=DIRECTION('',(0.,0.,-1.));
#11878=DIRECTION('',(-1.,0.,0.));
#11879=DIRECTION('',(0.,0.,1.));
#11880=DIRECTION('',(0.,0.,-1.));
#11881=DIRECTION('',(1.,0.,0.));
#11882=DIRECTION('',(0.,0.,-1.));
#11883=DIRECTION('',(0.,0.,-1.));
#11884=DIRECTION('',(0.,0.,-1.));
#11885=DIRECTION('',(0.,-1.,0.));
#11886=DIRECTION('',(0.,0.,-1.));
#11887=DIRECTION('',(0.,0.,-1.));
#11888=DIRECTION('',(-1.,0.,0.));
#11889=DIRECTION('',(0.,0.,1.));
#11890=DIRECTION('',(0.,0.,-1.));
#11891=DIRECTION('',(0.,1.,0.));
#11892=DIRECTION('',(0.,0.,1.));
#11893=DIRECTION('',(0.,0.,-1.));
#11894=DIRECTION('',(0.,0.,-1.));
#11895=DIRECTION('',(1.,0.,0.));
#11896=DIRECTION('',(0.,0.,-1.));
#11897=DIRECTION('',(0.,0.,-1.));
#11898=DIRECTION('',(0.,-1.,0.));
#11899=DIRECTION('',(0.,0.,-1.));
#11900=DIRECTION('',(0.,0.,-1.));
#11901=DIRECTION('',(0.,-1.,0.));
#11902=DIRECTION('',(0.,0.,-1.));
#11903=DIRECTION('',(0.,0.,-1.));
#11904=DIRECTION('',(0.,0.,-1.));
#11905=DIRECTION('',(-1.,0.,0.));
#11906=DIRECTION('',(0.,0.,1.));
#11907=DIRECTION('',(0.,0.,-1.));
#11908=DIRECTION('',(0.,1.,0.));
#11909=DIRECTION('',(0.,0.,1.));
#11910=DIRECTION('',(0.,0.,-1.));
#11911=DIRECTION('',(0.,-1.,0.));
#11912=DIRECTION('',(0.,0.,-1.));
#11913=DIRECTION('',(0.,0.,-1.));
#11914=DIRECTION('',(0.,0.,-1.));
#11915=DIRECTION('',(-1.,0.,0.));
#11916=DIRECTION('',(0.,0.,1.));
#11917=DIRECTION('',(0.,0.,-1.));
#11918=DIRECTION('',(0.,1.,0.));
#11919=DIRECTION('',(0.,0.,1.));
#11920=DIRECTION('',(0.,0.,-1.));
#11921=DIRECTION('',(0.,-1.,0.));
#11922=DIRECTION('',(0.,0.,-1.));
#11923=DIRECTION('',(0.,0.,-1.));
#11924=DIRECTION('',(0.,0.,-1.));
#11925=DIRECTION('',(-1.,0.,0.));
#11926=DIRECTION('',(0.,0.,1.));
#11927=DIRECTION('',(0.,0.,-1.));
#11928=DIRECTION('',(0.,1.,0.));
#11929=DIRECTION('',(0.,0.,1.));
#11930=DIRECTION('',(0.,0.,-1.));
#11931=DIRECTION('',(0.,-1.,0.));
#11932=DIRECTION('',(0.,0.,-1.));
#11933=DIRECTION('',(0.,0.,-1.));
#11934=DIRECTION('',(0.,0.,-1.));
#11935=DIRECTION('',(-1.,0.,0.));
#11936=DIRECTION('',(0.,0.,1.));
#11937=DIRECTION('',(0.,0.,-1.));
#11938=DIRECTION('',(0.,1.,0.));
#11939=DIRECTION('',(0.,0.,1.));
#11940=DIRECTION('',(0.,0.,-1.));
#11941=DIRECTION('',(0.,1.,0.));
#11942=DIRECTION('',(0.,0.,1.));
#11943=DIRECTION('',(0.,0.,-1.));
#11944=DIRECTION('',(-1.,0.,0.));
#11945=DIRECTION('',(1.,0.,0.));
#11946=DIRECTION('',(0.,0.,-1.));
#11947=DIRECTION('',(0.,-1.,0.));
#11948=DIRECTION('',(0.,0.,-1.));
#11949=DIRECTION('',(0.,-1.,0.));
#11950=DIRECTION('',(0.,0.,-1.));
#11951=DIRECTION('',(0.,-1.,0.));
#11952=DIRECTION('',(0.,0.,-1.));
#11953=DIRECTION('',(0.,-1.,0.));
#11954=DIRECTION('',(0.,0.,-1.));
#11955=DIRECTION('',(0.,0.,1.));
#11956=DIRECTION('',(0.,-1.,0.));
#11957=DIRECTION('',(0.,0.,-1.));
#11958=DIRECTION('',(0.,-1.,0.));
#11959=DIRECTION('',(0.,0.,-1.));
#11960=DIRECTION('',(0.,-1.,0.));
#11961=DIRECTION('',(0.,0.,-1.));
#11962=DIRECTION('',(0.,-1.,0.));
#11963=DIRECTION('',(0.,0.,-1.));
#11964=DIRECTION('',(0.,0.,1.));
#11965=DIRECTION('',(0.,-1.,0.));
#11966=DIRECTION('',(0.,0.,-1.));
#11967=DIRECTION('',(0.,1.,0.));
#11968=DIRECTION('',(0.,0.,1.));
#11969=DIRECTION('',(0.,1.,0.));
#11970=DIRECTION('',(0.,0.,1.));
#11971=DIRECTION('',(0.,1.,0.));
#11972=DIRECTION('',(0.,0.,1.));
#11973=DIRECTION('',(-1.,0.,0.));
#11974=DIRECTION('',(0.,0.,1.));
#11975=DIRECTION('',(0.,0.,-1.));
#11976=DIRECTION('',(-1.,0.,0.));
#11977=DIRECTION('',(0.,0.,-1.));
#11978=DIRECTION('',(-1.,0.,0.));
#11979=DIRECTION('',(1.,0.,0.));
#11980=DIRECTION('',(0.,0.,-1.));
#11981=DIRECTION('',(0.,0.,-1.));
#11982=DIRECTION('',(-1.,0.,0.));
#11983=DIRECTION('',(1.,0.,0.));
#11984=DIRECTION('',(0.,0.,-1.));
#11985=DIRECTION('',(1.,0.,0.));
#11986=DIRECTION('',(0.,0.,-1.));
#11987=DIRECTION('',(0.,0.,-1.));
#11988=DIRECTION('',(-1.,0.,0.));
#11989=DIRECTION('',(1.,0.,0.));
#11990=DIRECTION('',(0.,0.,-1.));
#11991=DIRECTION('',(0.,1.,0.));
#11992=DIRECTION('',(0.,0.,1.));
#11993=DIRECTION('',(0.,0.,-1.));
#11994=DIRECTION('',(1.,0.,0.));
#11995=DIRECTION('',(0.,0.,-1.));
#11996=DIRECTION('',(1.,0.,0.));
#11997=DIRECTION('',(0.,0.,-1.));
#11998=DIRECTION('',(0.,0.,-1.));
#11999=DIRECTION('',(0.,-1.,0.));
#12000=DIRECTION('',(0.,0.,-1.));
#12001=DIRECTION('',(0.,1.,0.));
#12002=DIRECTION('',(0.,0.,1.));
#12003=DIRECTION('',(0.,0.,-1.));
#12004=DIRECTION('',(1.,0.,0.));
#12005=DIRECTION('',(0.,0.,-1.));
#12006=DIRECTION('',(1.,0.,0.));
#12007=DIRECTION('',(0.,0.,-1.));
#12008=DIRECTION('',(0.,-1.,0.));
#12009=DIRECTION('',(0.,0.,-1.));
#12010=DIRECTION('',(0.,0.,-1.));
#12011=DIRECTION('',(1.,0.,0.));
#12012=DIRECTION('',(0.,0.,-1.));
#12013=DIRECTION('',(0.,0.,-1.));
#12014=DIRECTION('',(0.,-1.,0.));
#12015=DIRECTION('',(0.,0.,-1.));
#12016=DIRECTION('',(2.42822435047145E-16,-1.,0.));
#12017=DIRECTION('',(1.,2.42822435047145E-16,0.));
#12018=DIRECTION('',(0.,0.,-1.));
#12019=DIRECTION('',(-1.,-2.42822435047145E-16,0.));
#12020=DIRECTION('',(0.,0.,-1.));
#12021=DIRECTION('',(1.,0.,0.));
#12022=DIRECTION('',(0.,0.,-1.));
#12023=DIRECTION('',(0.,0.,-1.));
#12024=DIRECTION('',(0.,-1.,0.));
#12025=DIRECTION('',(0.,0.,-1.));
#12026=DIRECTION('',(0.,0.,1.));
#12027=DIRECTION('',(1.,0.,0.));
#12028=DIRECTION('',(0.,-1.,0.));
#12029=DIRECTION('',(1.,0.,0.));
#12030=DIRECTION('',(0.,0.,1.));
#12031=DIRECTION('',(1.,0.,0.));
#12032=DIRECTION('',(0.,1.,0.));
#12033=DIRECTION('',(0.,0.,1.));
#12034=DIRECTION('',(1.,0.,0.));
#12035=DIRECTION('',(0.,0.,-1.));
#12036=DIRECTION('',(0.,0.,-1.));
#12037=DIRECTION('',(0.,1.,0.));
#12038=DIRECTION('',(0.,0.,1.));
#12039=DIRECTION('',(1.,0.,0.));
#12040=DIRECTION('',(0.,0.,-1.));
#12041=DIRECTION('',(0.,0.,-1.));
#12042=DIRECTION('',(1.,0.,0.));
#12043=DIRECTION('',(0.,0.,-1.));
#12044=DIRECTION('',(0.,-1.,0.));
#12045=DIRECTION('',(0.,0.,-1.));
#12046=DIRECTION('',(0.,0.,-1.));
#12047=DIRECTION('',(-1.61879357416311E-16,1.,0.));
#12048=DIRECTION('',(-1.,-1.61879357416311E-16,0.));
#12049=DIRECTION('',(0.,0.,-1.));
#12050=DIRECTION('',(1.,1.61879357416311E-16,0.));
#12051=DIRECTION('',(0.,0.,-1.));
#12052=DIRECTION('',(0.,0.,-1.));
#12053=DIRECTION('',(-1.,0.,0.));
#12054=DIRECTION('',(0.,0.,1.));
#12055=DIRECTION('',(1.,0.,0.));
#12056=DIRECTION('',(-1.,8.67361737988403E-16,0.));
#12057=DIRECTION('',(-8.67361737988403E-16,-1.,0.));
#12058=DIRECTION('',(-1.,0.,0.));
#12059=DIRECTION('',(0.,0.,1.));
#12060=DIRECTION('',(0.,1.,8.67361737988403E-16));
#12061=DIRECTION('',(0.,-8.67361737988403E-16,1.));
#12062=DIRECTION('',(0.,0.,-1.));
#12063=DIRECTION('',(-1.,0.,0.));
#12064=DIRECTION('',(0.,0.,1.));
#12065=DIRECTION('',(1.,0.,0.));
#12066=DIRECTION('',(0.,1.,0.));
#12067=DIRECTION('',(0.,0.,1.));
#12068=DIRECTION('',(0.,-1.,0.));
#12069=DIRECTION('',(0.,0.,-1.));
#12070=DIRECTION('',(1.,2.42822435047145E-16,0.));
#12071=DIRECTION('',(-2.42822435047145E-16,1.,0.));
#12072=DIRECTION('',(1.,0.,0.));
#12073=DIRECTION('',(0.,0.,-1.));
#12074=DIRECTION('',(0.,0.,1.));
#12075=DIRECTION('',(1.,0.,0.));
#12076=DIRECTION('',(0.,0.,1.));
#12077=DIRECTION('',(1.,0.,0.));
#12078=DIRECTION('',(-1.,0.,0.));
#12079=DIRECTION('',(0.,0.,1.));
#12080=DIRECTION('',(-1.,0.,0.));
#12081=DIRECTION('',(0.,0.,1.));
#12082=DIRECTION('',(0.,0.,1.));
#12083=DIRECTION('',(1.,0.,0.));
#12084=DIRECTION('',(0.,-1.,0.));
#12085=DIRECTION('',(0.,0.,-1.));
#12086=DIRECTION('',(0.,0.,1.));
#12087=DIRECTION('',(1.,0.,0.));
#12088=DIRECTION('',(0.,0.,1.));
#12089=DIRECTION('',(1.,0.,0.));
#12090=DIRECTION('',(-1.,0.,0.));
#12091=DIRECTION('',(0.,0.,1.));
#12092=DIRECTION('',(1.,0.,0.));
#12093=DIRECTION('',(0.,0.,-1.));
#12094=DIRECTION('',(0.,1.,0.));
#12095=DIRECTION('',(0.,0.,1.));
#12096=DIRECTION('',(0.,1.,0.));
#12097=DIRECTION('',(0.,0.,1.));
#12098=DIRECTION('',(0.,0.,1.));
#12099=DIRECTION('',(1.,0.,0.));
#12100=DIRECTION('',(0.,0.,1.));
#12101=DIRECTION('',(1.,0.,0.));
#12102=DIRECTION('',(0.,0.,1.));
#12103=DIRECTION('',(1.,0.,0.));
#12104=DIRECTION('',(0.,1.,0.));
#12105=DIRECTION('',(0.,0.,1.));
#12106=DIRECTION('',(0.,0.,1.));
#12107=DIRECTION('',(1.,0.,0.));
#12108=DIRECTION('',(1.,0.,0.));
#12109=DIRECTION('',(0.,0.,-1.));
#12110=DIRECTION('',(0.,0.,-1.));
#12111=DIRECTION('',(-1.,0.,0.));
#12112=DIRECTION('',(0.,0.,1.));
#12113=DIRECTION('',(1.,0.,0.));
#12114=DIRECTION('',(0.,1.,0.));
#12115=DIRECTION('',(0.,0.,1.));
#12116=DIRECTION('',(0.,-1.,0.));
#12117=DIRECTION('',(0.,0.,-1.));
#12118=DIRECTION('',(-1.,0.,0.));
#12119=DIRECTION('',(0.,0.,1.));
#12120=DIRECTION('',(1.,0.,0.));
#12121=DIRECTION('',(0.,0.,-1.));
#12122=DIRECTION('',(1.,0.,0.));
#12123=DIRECTION('',(0.,0.,1.));
#12124=DIRECTION('',(1.,0.,0.));
#12125=DIRECTION('',(1.,0.,0.));
#12126=DIRECTION('',(0.,0.,-1.));
#12127=DIRECTION('',(1.,1.61879357416311E-16,0.));
#12128=DIRECTION('',(-1.61879357416311E-16,1.,0.));
#12129=DIRECTION('',(1.,0.,0.));
#12130=DIRECTION('',(0.,0.,-1.));
#12131=DIRECTION('',(-1.,0.,0.));
#12132=DIRECTION('',(0.,0.,1.));
#12133=DIRECTION('',(1.,0.,0.));
#12134=DIRECTION('',(0.,0.,1.));
#12135=DIRECTION('',(1.,0.,0.));
#12136=DIRECTION('',(0.,0.,1.));
#12137=DIRECTION('',(1.,0.,0.));
#12138=DIRECTION('',(1.,0.,0.));
#12139=DIRECTION('',(0.,0.,-1.));
#12140=DIRECTION('',(0.,1.,0.));
#12141=DIRECTION('',(0.,0.,1.));
#12142=DIRECTION('',(0.,0.,-1.));
#12143=DIRECTION('',(-1.,0.,0.));
#12144=DIRECTION('',(0.,0.,1.));
#12145=DIRECTION('',(1.,0.,0.));
#12146=DIRECTION('',(0.,1.,0.));
#12147=DIRECTION('',(0.,0.,1.));
#12148=DIRECTION('',(0.,-1.,0.));
#12149=DIRECTION('',(0.,0.,-1.));
#12150=DIRECTION('',(0.,-1.,0.));
#12151=DIRECTION('',(-1.,0.,0.));
#12152=DIRECTION('',(0.,0.,1.));
#12153=DIRECTION('',(1.,0.,0.));
#12154=DIRECTION('',(-1.,0.,0.));
#12155=DIRECTION('',(0.,0.,1.));
#12156=DIRECTION('',(0.,0.,-1.));
#12157=DIRECTION('',(-1.,0.,0.));
#12158=DIRECTION('',(0.,0.,1.));
#12159=DIRECTION('',(1.,0.,0.));
#12160=DIRECTION('',(0.,0.,1.));
#12161=DIRECTION('',(1.,0.,0.));
#12162=DIRECTION('',(1.,0.,0.));
#12163=DIRECTION('',(0.,0.,-1.));
#12164=DIRECTION('',(0.,0.,1.));
#12165=DIRECTION('',(1.,0.,0.));
#12166=DIRECTION('',(0.,1.,0.));
#12167=DIRECTION('',(0.,0.,1.));
#12168=DIRECTION('',(1.,0.,0.));
#12169=DIRECTION('',(0.,0.,-1.));
#12170=DIRECTION('',(-1.,0.,0.));
#12171=DIRECTION('',(0.,0.,1.));
#12172=DIRECTION('',(0.,-1.,0.));
#12173=DIRECTION('',(0.,0.,-1.));
#12174=DIRECTION('',(0.,-1.,0.));
#12175=DIRECTION('',(0.,0.,-1.));
#12176=DIRECTION('',(0.,0.,1.));
#12177=DIRECTION('',(1.,0.,0.));
#12178=DIRECTION('',(0.,0.,1.));
#12179=DIRECTION('',(1.,0.,0.));
#12180=DIRECTION('',(0.,0.,1.));
#12181=DIRECTION('',(1.,0.,0.));
#12182=DIRECTION('',(0.,-1.,0.));
#12183=DIRECTION('',(0.,0.,-1.));
#12184=DIRECTION('',(0.,-1.,0.));
#12185=DIRECTION('',(0.,0.,-1.));
#12186=DIRECTION('',(0.,0.,-1.));
#12187=DIRECTION('',(-1.,0.,0.));
#12188=DIRECTION('',(0.,0.,-1.));
#12189=DIRECTION('',(-1.,5.06545979897188E-16,0.));
#12190=DIRECTION('',(0.,-1.,0.));
#12191=DIRECTION('',(0.,0.,-1.));
#12192=DIRECTION('',(0.,0.,-1.));
#12193=DIRECTION('',(1.,0.,0.));
#12194=DIRECTION('',(0.,0.,-1.));
#12195=DIRECTION('',(-1.,0.,0.));
#12196=DIRECTION('',(0.,1.,0.));
#12197=DIRECTION('',(0.,-1.,0.));
#12198=DIRECTION('',(0.,-1.,0.));
#12199=DIRECTION('',(0.,0.,-1.));
#12200=DIRECTION('',(0.,0.,-1.));
#12201=DIRECTION('',(1.,0.,0.));
#12202=DIRECTION('',(0.,0.,-1.));
#12203=DIRECTION('',(0.,0.,1.));
#12204=DIRECTION('',(-2.53272989948594E-16,-1.,0.));
#12205=DIRECTION('',(1.,-2.53272989948594E-16,0.));
#12206=DIRECTION('',(-1.,2.53272989948594E-16,0.));
#12207=DIRECTION('',(0.,0.,1.));
#12208=DIRECTION('',(0.,0.,-1.));
#12209=DIRECTION('',(1.,0.,0.));
#12210=DIRECTION('',(0.,0.,-1.));
#12211=DIRECTION('',(-1.,0.,0.));
#12212=DIRECTION('',(0.,0.,1.));
#12213=DIRECTION('',(0.,0.,1.));
#12214=DIRECTION('',(0.,1.,0.));
#12215=DIRECTION('',(0.,0.,-1.));
#12216=DIRECTION('',(1.,0.,0.));
#12217=DIRECTION('',(0.,0.,-1.));
#12218=DIRECTION('',(-1.,0.,0.));
#12219=DIRECTION('',(0.,1.,0.));
#12220=DIRECTION('',(0.,0.,1.));
#12221=DIRECTION('',(0.,1.,0.));
#12222=DIRECTION('',(0.,0.,1.));
#12223=DIRECTION('',(0.,0.,1.));
#12224=DIRECTION('',(1.,0.,0.));
#12225=DIRECTION('',(0.,0.,1.));
#12226=DIRECTION('',(1.,0.,0.));
#12227=DIRECTION('',(0.,1.,0.));
#12228=DIRECTION('',(0.,0.,1.));
#12229=DIRECTION('',(1.,0.,0.));
#12230=DIRECTION('',(0.,0.,-1.));
#12231=DIRECTION('',(-1.,0.,1.5770213417971E-16));
#12232=DIRECTION('',(1.5770213417971E-16,0.,1.));
#12233=DIRECTION('',(-1.,0.,0.));
#12234=DIRECTION('',(0.,0.,1.));
#12235=DIRECTION('',(0.,0.,-1.));
#12236=DIRECTION('',(-1.,0.,0.));
#12237=DIRECTION('',(0.,0.,1.));
#12238=DIRECTION('',(1.,0.,0.));
#12239=DIRECTION('',(0.,1.,0.));
#12240=DIRECTION('',(0.,0.,1.));
#12241=DIRECTION('',(0.,1.,0.));
#12242=DIRECTION('',(0.,0.,1.));
#12243=DIRECTION('',(0.,-1.,0.));
#12244=DIRECTION('',(0.,0.,-1.));
#12245=DIRECTION('',(1.,0.,0.));
#12246=DIRECTION('',(0.,0.,-1.));
#12247=DIRECTION('',(1.,0.,0.));
#12248=DIRECTION('',(0.,0.,-1.));
#12249=DIRECTION('',(1.,0.,0.));
#12250=DIRECTION('',(0.,0.,-1.));
#12251=DIRECTION('',(0.,0.,-1.));
#12252=DIRECTION('',(-1.,0.,0.));
#12253=DIRECTION('',(0.,0.,1.));
#12254=DIRECTION('',(1.,0.,0.));
#12255=DIRECTION('',(0.,1.,0.));
#12256=DIRECTION('',(0.,0.,1.));
#12257=DIRECTION('',(0.,1.,0.));
#12258=DIRECTION('',(0.,0.,1.));
#12259=DIRECTION('',(0.,-1.,0.));
#12260=DIRECTION('',(0.,0.,-1.));
#12261=DIRECTION('',(0.,-1.,0.));
#12262=DIRECTION('',(0.,0.,-1.));
#12263=DIRECTION('',(0.,0.,1.));
#12264=DIRECTION('',(1.,0.,0.));
#12265=DIRECTION('',(0.,0.,1.));
#12266=DIRECTION('',(1.,0.,0.));
#12267=DIRECTION('',(1.,0.,0.));
#12268=DIRECTION('',(0.,0.,-1.));
#12269=DIRECTION('',(1.,0.,0.));
#12270=DIRECTION('',(0.,0.,-1.));
#12271=DIRECTION('',(-1.,0.,0.));
#12272=DIRECTION('',(0.,0.,1.));
#12273=DIRECTION('',(1.,0.,0.));
#12274=DIRECTION('',(0.,0.,-1.));
#12275=DIRECTION('',(1.,0.,0.));
#12276=DIRECTION('',(0.,1.,0.));
#12277=DIRECTION('',(1.,0.,0.));
#12278=DIRECTION('',(0.,1.,0.));
#12279=DIRECTION('',(1.,0.,0.));
#12280=DIRECTION('',(0.,1.,0.));
#12281=DIRECTION('',(0.,1.,0.));
#12282=DIRECTION('',(0.,0.,1.));
#12283=DIRECTION('',(0.,0.,1.));
#12284=DIRECTION('',(-1.,0.,0.));
#12285=DIRECTION('',(0.,1.,0.));
#12286=DIRECTION('',(0.,0.,1.));
#12287=DIRECTION('',(-1.,0.,0.));
#12288=DIRECTION('',(0.,0.,1.));
#12289=DIRECTION('',(0.,0.,1.));
#12290=DIRECTION('',(1.,0.,0.));
#12291=DIRECTION('',(0.,0.,-1.));
#12292=DIRECTION('',(-1.,0.,0.));
#12293=DIRECTION('',(0.,0.,1.));
#12294=DIRECTION('',(0.,0.,1.));
#12295=DIRECTION('',(1.,0.,0.));
#12296=DIRECTION('',(0.,0.,1.));
#12297=DIRECTION('',(0.,0.,-1.));
#12298=DIRECTION('',(-1.,0.,0.));
#12299=DIRECTION('',(0.,0.,1.));
#12300=DIRECTION('',(0.,0.,1.));
#12301=DIRECTION('',(0.,0.,-1.));
#12302=DIRECTION('',(-1.,0.,0.));
#12303=DIRECTION('',(0.,0.,1.));
#12304=DIRECTION('',(1.,0.,0.));
#12305=DIRECTION('',(1.,0.,0.));
#12306=DIRECTION('',(0.,0.,-1.));
#12307=DIRECTION('',(0.,0.,-1.));
#12308=DIRECTION('',(0.,-1.,0.));
#12309=DIRECTION('',(1.,0.,0.));
#12310=DIRECTION('',(0.,0.,-1.));
#12311=DIRECTION('',(0.,-1.,0.));
#12312=DIRECTION('',(0.,0.,-1.));
#12313=DIRECTION('',(0.,0.,-1.));
#12314=DIRECTION('',(1.,0.,0.));
#12315=DIRECTION('',(0.,0.,1.));
#12316=DIRECTION('',(1.,0.,0.));
#12317=DIRECTION('',(0.,0.,1.));
#12318=DIRECTION('',(1.,0.,0.));
#12319=DIRECTION('',(-1.,0.,0.));
#12320=DIRECTION('',(0.,-1.,0.));
#12321=DIRECTION('',(0.,0.,-1.));
#12322=DIRECTION('',(1.,0.,0.));
#12323=DIRECTION('',(0.,0.,-1.));
#12324=DIRECTION('',(0.,-1.,0.));
#12325=DIRECTION('',(0.,0.,-1.));
#12326=DIRECTION('',(1.,0.,0.));
#12327=DIRECTION('',(0.,0.,-1.));
#12328=DIRECTION('',(0.,0.,-1.));
#12329=DIRECTION('',(0.,-1.,0.));
#12330=DIRECTION('',(0.,-1.,0.));
#12331=DIRECTION('',(0.,0.,-1.));
#12332=DIRECTION('',(-1.,0.,0.));
#12333=DIRECTION('',(-1.,0.,0.));
#12334=DIRECTION('',(0.,0.,-1.));
#12335=DIRECTION('',(1.,0.,0.));
#12336=DIRECTION('',(0.,0.,1.));
#12337=DIRECTION('',(1.,0.,0.));
#12338=DIRECTION('',(0.,0.,-1.));
#12339=DIRECTION('',(1.,0.,0.));
#12340=DIRECTION('',(0.,0.,-1.));
#12341=DIRECTION('',(-1.,0.,0.));
#12342=DIRECTION('',(0.,0.,1.));
#12343=DIRECTION('',(1.,0.,0.));
#12344=DIRECTION('',(0.,0.,1.));
#12345=DIRECTION('',(1.,0.,0.));
#12346=DIRECTION('',(0.,0.,-1.));
#12347=DIRECTION('',(-1.,0.,0.));
#12348=DIRECTION('',(0.,0.,1.));
#12349=DIRECTION('',(1.,0.,0.));
#12350=DIRECTION('',(0.,0.,1.));
#12351=DIRECTION('',(1.,0.,0.));
#12352=DIRECTION('',(0.,0.,-1.));
#12353=DIRECTION('',(-1.,0.,0.));
#12354=DIRECTION('',(0.,0.,1.));
#12355=DIRECTION('',(1.,0.,0.));
#12356=DIRECTION('',(0.,0.,1.));
#12357=DIRECTION('',(1.,0.,0.));
#12358=DIRECTION('',(0.,0.,1.));
#12359=DIRECTION('',(1.,0.,0.));
#12360=DIRECTION('',(0.,0.,1.));
#12361=DIRECTION('',(1.,0.,0.));
#12362=DIRECTION('',(0.,0.,-1.));
#12363=DIRECTION('',(-1.,0.,0.));
#12364=DIRECTION('',(0.,0.,1.));
#12365=DIRECTION('',(1.,0.,0.));
#12366=DIRECTION('',(0.,0.,-1.));
#12367=DIRECTION('',(-1.,0.,0.));
#12368=DIRECTION('',(0.,0.,1.));
#12369=DIRECTION('',(1.,0.,0.));
#12370=DIRECTION('',(0.,0.,-1.));
#12371=DIRECTION('',(-1.,0.,0.));
#12372=DIRECTION('',(0.,0.,1.));
#12373=DIRECTION('',(1.,0.,0.));
#12374=DIRECTION('',(0.,0.,-1.));
#12375=DIRECTION('',(-1.,0.,0.));
#12376=DIRECTION('',(0.,0.,1.));
#12377=DIRECTION('',(1.,0.,0.));
#12378=DIRECTION('',(0.,0.,-1.));
#12379=DIRECTION('',(-1.,0.,0.));
#12380=DIRECTION('',(0.,0.,1.));
#12381=DIRECTION('',(1.,0.,0.));
#12382=DIRECTION('',(0.,0.,-1.));
#12383=DIRECTION('',(-1.,0.,0.));
#12384=DIRECTION('',(0.,0.,-1.));
#12385=DIRECTION('',(-1.,0.,0.));
#12386=DIRECTION('',(0.,0.,-1.));
#12387=DIRECTION('',(-1.,0.,0.));
#12388=DIRECTION('',(0.,0.,-1.));
#12389=DIRECTION('',(-1.,0.,0.));
#12390=DIRECTION('',(0.,0.,-1.));
#12391=DIRECTION('',(-1.,0.,0.));
#12392=DIRECTION('',(0.,0.,-1.));
#12393=DIRECTION('',(-1.,0.,0.));
#12394=DIRECTION('',(0.,0.,-1.));
#12395=DIRECTION('',(-1.,0.,0.));
#12396=DIRECTION('',(0.,0.,-1.));
#12397=DIRECTION('',(-1.,0.,0.));
#12398=DIRECTION('',(0.,0.,-1.));
#12399=DIRECTION('',(-1.,0.,0.));
#12400=DIRECTION('',(0.,0.,-1.));
#12401=DIRECTION('',(-1.,0.,0.));
#12402=DIRECTION('',(0.,0.,-1.));
#12403=DIRECTION('',(-1.,0.,0.));
#12404=DIRECTION('',(0.,0.,-1.));
#12405=DIRECTION('',(-1.,0.,0.));
#12406=DIRECTION('',(0.,0.,-1.));
#12407=DIRECTION('',(-1.,0.,0.));
#12408=DIRECTION('',(0.,0.,1.));
#12409=DIRECTION('',(1.,0.,0.));
#12410=DIRECTION('',(0.,0.,1.));
#12411=DIRECTION('',(1.,0.,0.));
#12412=DIRECTION('',(0.,0.,1.));
#12413=DIRECTION('',(1.,0.,0.));
#12414=DIRECTION('',(0.,0.,1.));
#12415=DIRECTION('',(1.,0.,0.));
#12416=DIRECTION('',(0.,0.,1.));
#12417=DIRECTION('',(1.,0.,0.));
#12418=DIRECTION('',(0.,0.,1.));
#12419=DIRECTION('',(1.,0.,0.));
#12420=DIRECTION('',(0.,0.,1.));
#12421=DIRECTION('',(1.,0.,0.));
#12422=DIRECTION('',(0.,0.,1.));
#12423=DIRECTION('',(1.,0.,0.));
#12424=DIRECTION('',(0.,0.,1.));
#12425=DIRECTION('',(1.,0.,0.));
#12426=DIRECTION('',(0.,0.,1.));
#12427=DIRECTION('',(1.,0.,0.));
#12428=DIRECTION('',(0.,0.,1.));
#12429=DIRECTION('',(1.,0.,0.));
#12430=DIRECTION('',(0.,0.,1.));
#12431=DIRECTION('',(1.,0.,0.));
#12432=DIRECTION('',(0.,0.,-1.));
#12433=DIRECTION('',(1.,0.,0.));
#12434=DIRECTION('',(0.,0.,-1.));
#12435=DIRECTION('',(-1.,0.,0.));
#12436=DIRECTION('',(0.,0.,-1.));
#12437=DIRECTION('',(1.,0.,0.));
#12438=DIRECTION('',(0.,0.,-1.));
#12439=DIRECTION('',(-1.,0.,0.));
#12440=DIRECTION('',(0.,0.,-1.));
#12441=DIRECTION('',(-1.,0.,0.));
#12442=DIRECTION('',(0.,0.,1.));
#12443=DIRECTION('',(1.,0.,0.));
#12444=DIRECTION('',(0.,0.,-1.));
#12445=DIRECTION('',(-1.,0.,0.));
#12446=DIRECTION('',(0.,0.,1.));
#12447=DIRECTION('',(1.,0.,0.));
#12448=DIRECTION('',(0.,0.,-1.));
#12449=DIRECTION('',(-1.,0.,0.));
#12450=DIRECTION('',(0.,0.,1.));
#12451=DIRECTION('',(1.,0.,0.));
#12452=DIRECTION('',(0.,0.,-1.));
#12453=DIRECTION('',(-1.,0.,0.));
#12454=DIRECTION('',(0.,0.,1.));
#12455=DIRECTION('',(1.,0.,0.));
#12456=DIRECTION('',(0.,0.,-1.));
#12457=DIRECTION('',(-1.,0.,0.));
#12458=DIRECTION('',(0.,0.,1.));
#12459=DIRECTION('',(1.,0.,0.));
#12460=DIRECTION('',(0.,0.,-1.));
#12461=DIRECTION('',(-1.,0.,0.));
#12462=DIRECTION('',(0.,0.,1.));
#12463=DIRECTION('',(1.,0.,0.));
#12464=DIRECTION('',(0.,0.,-1.));
#12465=DIRECTION('',(-1.,0.,0.));
#12466=DIRECTION('',(0.,0.,-1.));
#12467=DIRECTION('',(-1.,0.,0.));
#12468=DIRECTION('',(0.,0.,-1.));
#12469=DIRECTION('',(-1.,0.,0.));
#12470=DIRECTION('',(0.,0.,-1.));
#12471=DIRECTION('',(-1.,0.,0.));
#12472=DIRECTION('',(0.,-1.,0.));
#12473=DIRECTION('',(0.,0.,-1.));
#12474=DIRECTION('',(0.,-1.,0.));
#12475=DIRECTION('',(0.,0.,-1.));
#12476=DIRECTION('',(0.,-1.,0.));
#12477=DIRECTION('',(0.,1.,0.));
#12478=DIRECTION('',(0.,0.,1.));
#12479=DIRECTION('',(0.,-1.,0.));
#12480=DIRECTION('',(1.,0.,0.));
#12481=DIRECTION('',(0.,0.,-1.));
#12482=DIRECTION('',(0.,0.,-1.));
#12483=DIRECTION('',(0.,-1.,0.));
#12484=DIRECTION('',(0.,0.,-1.));
#12485=DIRECTION('',(0.,-1.,0.));
#12486=DIRECTION('',(0.,0.,-1.));
#12487=DIRECTION('',(-1.,0.,0.));
#12488=DIRECTION('',(0.,0.,1.));
#12489=DIRECTION('',(1.,0.,0.));
#12490=DIRECTION('',(0.,0.,-1.));
#12491=DIRECTION('',(0.,0.,-1.));
#12492=DIRECTION('',(-1.,0.,0.));
#12493=DIRECTION('',(0.,0.,-1.));
#12494=DIRECTION('',(1.,0.,0.));
#12495=DIRECTION('',(0.,0.,-1.));
#12496=DIRECTION('',(0.,-1.,0.));
#12497=DIRECTION('',(0.,0.,-1.));
#12498=DIRECTION('',(0.,0.,1.));
#12499=DIRECTION('',(1.,0.,0.));
#12500=DIRECTION('',(0.,0.,1.));
#12501=DIRECTION('',(1.,0.,0.));
#12502=DIRECTION('',(0.,0.,-1.));
#12503=DIRECTION('',(0.,2.89120579329468E-16,-1.));
#12504=DIRECTION('',(0.,1.,2.89120579329468E-16));
#12505=DIRECTION('',(0.,0.,1.));
#12506=DIRECTION('',(1.,0.,0.));
#12507=DIRECTION('',(0.,0.,1.));
#12508=DIRECTION('',(1.,0.,0.));
#12509=DIRECTION('',(0.,0.,1.));
#12510=DIRECTION('',(1.,0.,0.));
#12511=DIRECTION('',(0.,0.,1.));
#12512=DIRECTION('',(1.,0.,0.));
#12513=DIRECTION('',(0.,0.,1.));
#12514=DIRECTION('',(1.,0.,0.));
#12515=DIRECTION('',(0.,0.,1.));
#12516=DIRECTION('',(1.,0.,0.));
#12517=DIRECTION('',(0.,0.,1.));
#12518=DIRECTION('',(1.,0.,0.));
#12519=DIRECTION('',(0.,0.,1.));
#12520=DIRECTION('',(1.,0.,0.));
#12521=DIRECTION('',(0.,0.,1.));
#12522=DIRECTION('',(1.,0.,0.));
#12523=DIRECTION('',(0.,0.,1.));
#12524=DIRECTION('',(1.,0.,0.));
#12525=DIRECTION('',(0.,0.,1.));
#12526=DIRECTION('',(1.,0.,0.));
#12527=DIRECTION('',(0.,0.,1.));
#12528=DIRECTION('',(1.,0.,0.));
#12529=DIRECTION('',(0.,1.,0.));
#12530=DIRECTION('',(0.,0.,1.));
#12531=DIRECTION('',(-0.707106781186548,0.707106781186548,0.));
#12532=DIRECTION('',(0.707106781186548,0.707106781186548,0.));
#12533=DIRECTION('',(0.,-1.,0.));
#12534=DIRECTION('',(0.707106781186548,0.707106781186548,0.));
#12535=DIRECTION('',(-0.707106781186548,0.707106781186548,0.));
#12536=DIRECTION('',(0.,-1.,-2.89120579329468E-16));
#12537=DIRECTION('',(0.,2.89120579329468E-16,-1.));
#12538=DIRECTION('',(-1.,0.,0.));
#12539=DIRECTION('',(0.,0.,1.));
#12540=DIRECTION('',(0.,0.,-1.));
#12541=DIRECTION('',(-1.,0.,0.));
#12542=DIRECTION('',(-1.,0.,0.));
#12543=DIRECTION('',(0.,0.,1.));
#12544=DIRECTION('',(0.,0.,1.));
#12545=DIRECTION('',(1.,0.,0.));
#12546=DIRECTION('',(0.,-1.,0.));
#12547=DIRECTION('',(1.,0.,0.));
#12548=DIRECTION('',(1.,0.,0.));
#12549=DIRECTION('',(0.,-1.,0.));
#12550=DIRECTION('',(1.,0.,0.));
#12551=DIRECTION('',(1.,0.,0.));
#12552=DIRECTION('',(1.,0.,0.));
#12553=DIRECTION('',(0.,0.,-1.));
#12554=DIRECTION('',(-1.,0.,0.));
#12555=DIRECTION('',(0.,0.,1.));
#12556=DIRECTION('',(1.,0.,0.));
#12557=DIRECTION('',(1.,0.,0.));
#12558=DIRECTION('',(0.,1.,0.));
#12559=DIRECTION('',(0.,0.,1.));
#12560=DIRECTION('',(0.,0.,1.));
#12561=DIRECTION('',(-1.,0.,0.));
#12562=DIRECTION('',(0.,0.,1.));
#12563=DIRECTION('',(-1.,0.,0.));
#12564=DIRECTION('',(0.,0.,1.));
#12565=DIRECTION('',(1.,0.,0.));
#12566=DIRECTION('',(1.,0.,0.));
#12567=DIRECTION('',(0.,1.,0.));
#12568=DIRECTION('',(0.,0.,1.));
#12569=DIRECTION('',(0.,0.,1.));
#12570=DIRECTION('',(1.,0.,0.));
#12571=DIRECTION('',(0.,0.,-1.));
#12572=DIRECTION('',(-1.,0.,0.));
#12573=DIRECTION('',(0.,0.,1.));
#12574=DIRECTION('',(0.173648177666931,-0.984807753012208,0.));
#12575=DIRECTION('',(0.984807753012208,0.173648177666931,0.));
#12576=DIRECTION('',(1.,0.,0.));
#12577=DIRECTION('',(-1.,0.,0.));
#12578=DIRECTION('',(0.,0.,1.));
#12579=DIRECTION('',(0.17364817766693,0.984807753012208,0.));
#12580=DIRECTION('',(-0.984807753012208,0.17364817766693,0.));
#12581=DIRECTION('',(-1.,0.,0.));
#12582=DIRECTION('',(0.,0.,1.));
#12583=DIRECTION('',(1.,0.,0.));
#12584=DIRECTION('',(-1.,0.,0.));
#12585=DIRECTION('',(0.,0.,1.));
#12586=DIRECTION('',(1.,0.,0.));
#12587=DIRECTION('',(-1.,0.,0.));
#12588=DIRECTION('',(0.,0.,1.));
#12589=DIRECTION('',(1.,0.,0.));
#12590=DIRECTION('',(1.,0.,0.));
#12591=DIRECTION('',(0.,0.,-1.));
#12592=DIRECTION('',(1.,0.,0.));
#12593=DIRECTION('',(-1.,0.,0.));
#12594=DIRECTION('',(0.,0.,1.));
#12595=DIRECTION('',(1.,0.,0.));
#12596=DIRECTION('',(0.,0.,1.));
#12597=DIRECTION('',(1.,0.,0.));
#12598=DIRECTION('',(0.,-1.,0.));
#12599=DIRECTION('',(0.,-1.,0.));
#12600=DIRECTION('',(-0.984807753012208,0.17364817766693,0.));
#12601=DIRECTION('',(0.,-1.,0.));
#12602=DIRECTION('',(0.984807753012208,0.17364817766693,0.));
#12603=DIRECTION('',(0.,-1.,0.));
#12604=DIRECTION('',(-0.984807753012208,0.17364817766693,0.));
#12605=DIRECTION('',(0.,-1.,0.));
#12606=DIRECTION('',(0.984807753012208,0.17364817766693,0.));
#12607=DIRECTION('',(0.,-1.,0.));
#12608=DIRECTION('',(-0.984807753012208,0.17364817766693,0.));
#12609=DIRECTION('',(0.,-1.,0.));
#12610=DIRECTION('',(0.984807753012208,0.17364817766693,0.));
#12611=DIRECTION('',(0.,-1.,0.));
#12612=DIRECTION('',(-0.984807753012208,0.17364817766693,0.));
#12613=DIRECTION('',(0.,-1.,0.));
#12614=DIRECTION('',(0.984807753012208,0.17364817766693,0.));
#12615=DIRECTION('',(0.,-1.,0.));
#12616=DIRECTION('',(-0.984807753012208,0.17364817766693,0.));
#12617=DIRECTION('',(0.,-1.,0.));
#12618=DIRECTION('',(0.984807753012208,0.173648177666931,0.));
#12619=DIRECTION('',(0.,1.,0.));
#12620=DIRECTION('',(0.,0.,1.));
#12621=DIRECTION('',(0.,0.,1.));
#12622=DIRECTION('',(0.,1.,0.));
#12623=DIRECTION('',(0.,0.,1.));
#12624=DIRECTION('',(0.,0.,1.));
#12625=DIRECTION('',(0.,0.,1.));
#12626=DIRECTION('',(1.,0.,0.));
#12627=DIRECTION('',(0.,-1.,0.));
#12628=DIRECTION('',(0.984807753012208,0.173648177666931,0.));
#12629=DIRECTION('',(0.,-1.,0.));
#12630=DIRECTION('',(-0.984807753012208,0.17364817766693,0.));
#12631=DIRECTION('',(0.,-1.,0.));
#12632=DIRECTION('',(0.984807753012208,0.17364817766693,0.));
#12633=DIRECTION('',(0.,-1.,0.));
#12634=DIRECTION('',(-0.984807753012208,0.17364817766693,0.));
#12635=DIRECTION('',(0.,-1.,0.));
#12636=DIRECTION('',(0.984807753012208,0.17364817766693,0.));
#12637=DIRECTION('',(0.,-1.,0.));
#12638=DIRECTION('',(-0.984807753012208,0.17364817766693,0.));
#12639=DIRECTION('',(0.,-1.,0.));
#12640=DIRECTION('',(0.984807753012208,0.17364817766693,0.));
#12641=DIRECTION('',(0.,-1.,0.));
#12642=DIRECTION('',(-0.984807753012208,0.17364817766693,0.));
#12643=DIRECTION('',(0.,-1.,0.));
#12644=DIRECTION('',(0.984807753012208,0.17364817766693,0.));
#12645=DIRECTION('',(0.,-1.,0.));
#12646=DIRECTION('',(-0.984807753012208,0.17364817766693,0.));
#12647=DIRECTION('',(0.,-1.,0.));
#12648=DIRECTION('',(0.17364817766693,0.984807753012208,0.));
#12649=DIRECTION('',(-0.984807753012208,0.17364817766693,0.));
#12650=DIRECTION('',(0.,0.,1.));
#12651=DIRECTION('',(0.,0.,1.));
#12652=DIRECTION('',(-1.,0.,0.));
#12653=DIRECTION('',(0.,0.,1.));
#12654=DIRECTION('',(0.,0.,1.));
#12655=DIRECTION('',(0.17364817766693,-0.984807753012208,0.));
#12656=DIRECTION('',(0.984807753012208,0.17364817766693,0.));
#12657=DIRECTION('',(0.,0.,1.));
#12658=DIRECTION('',(-1.,0.,0.));
#12659=DIRECTION('',(0.,0.,1.));
#12660=DIRECTION('',(0.,0.,1.));
#12661=DIRECTION('',(0.17364817766693,0.984807753012208,0.));
#12662=DIRECTION('',(-0.984807753012208,0.17364817766693,0.));
#12663=DIRECTION('',(0.,0.,1.));
#12664=DIRECTION('',(-1.,0.,0.));
#12665=DIRECTION('',(0.,0.,1.));
#12666=DIRECTION('',(0.,0.,1.));
#12667=DIRECTION('',(0.17364817766693,-0.984807753012208,0.));
#12668=DIRECTION('',(0.984807753012208,0.17364817766693,0.));
#12669=DIRECTION('',(0.,0.,1.));
#12670=DIRECTION('',(-1.,0.,0.));
#12671=DIRECTION('',(0.,0.,1.));
#12672=DIRECTION('',(0.,0.,1.));
#12673=DIRECTION('',(0.17364817766693,0.984807753012208,0.));
#12674=DIRECTION('',(-0.984807753012208,0.17364817766693,0.));
#12675=DIRECTION('',(0.,0.,1.));
#12676=DIRECTION('',(-1.,0.,0.));
#12677=DIRECTION('',(0.,0.,1.));
#12678=DIRECTION('',(0.,0.,1.));
#12679=DIRECTION('',(0.17364817766693,-0.984807753012208,0.));
#12680=DIRECTION('',(0.984807753012208,0.17364817766693,0.));
#12681=DIRECTION('',(0.,0.,1.));
#12682=DIRECTION('',(-1.,0.,0.));
#12683=DIRECTION('',(0.,0.,1.));
#12684=DIRECTION('',(0.,0.,1.));
#12685=DIRECTION('',(0.17364817766693,0.984807753012208,0.));
#12686=DIRECTION('',(-0.984807753012208,0.17364817766693,0.));
#12687=DIRECTION('',(0.,0.,1.));
#12688=DIRECTION('',(-1.,0.,0.));
#12689=DIRECTION('',(0.,0.,1.));
#12690=DIRECTION('',(0.,0.,1.));
#12691=DIRECTION('',(0.17364817766693,-0.984807753012208,0.));
#12692=DIRECTION('',(0.984807753012208,0.17364817766693,0.));
#12693=DIRECTION('',(0.,0.,1.));
#12694=DIRECTION('',(0.173648177666931,-0.984807753012208,0.));
#12695=DIRECTION('',(0.984807753012208,0.173648177666931,0.));
#12696=DIRECTION('',(0.,0.,1.));
#12697=DIRECTION('',(0.,0.,1.));
#12698=DIRECTION('',(-1.,0.,0.));
#12699=DIRECTION('',(0.,0.,1.));
#12700=DIRECTION('',(-1.,0.,0.));
#12701=DIRECTION('',(0.,0.,1.));
#12702=DIRECTION('',(0.,0.,1.));
#12703=DIRECTION('',(0.17364817766693,0.984807753012208,0.));
#12704=DIRECTION('',(-0.984807753012208,0.17364817766693,0.));
#12705=DIRECTION('',(0.,0.,1.));
#12706=DIRECTION('',(-1.,0.,0.));
#12707=DIRECTION('',(0.,0.,1.));
#12708=DIRECTION('',(-1.,0.,0.));
#12709=DIRECTION('',(0.,0.,1.));
#12710=DIRECTION('',(0.,0.,1.));
#12711=DIRECTION('',(1.,0.,0.));
#12712=DIRECTION('',(0.,0.,1.));
#12713=DIRECTION('',(1.,0.,0.));
#12714=DIRECTION('',(0.,0.,-1.));
#12715=DIRECTION('',(-1.,0.,0.));
#12716=DIRECTION('',(0.,0.,-1.));
#12717=DIRECTION('',(-1.,0.,0.));
#12718=DIRECTION('',(0.,-1.,0.));
#12719=DIRECTION('',(1.,0.,0.));
#12720=DIRECTION('',(0.,-1.,0.));
#12721=DIRECTION('',(1.,0.,0.));
#12722=DIRECTION('',(0.,-1.,0.));
#12723=DIRECTION('',(-0.984807753012208,0.17364817766693,0.));
#12724=DIRECTION('',(0.,-1.,0.));
#12725=DIRECTION('',(0.984807753012208,0.17364817766693,0.));
#12726=DIRECTION('',(0.,-1.,0.));
#12727=DIRECTION('',(-0.984807753012208,0.17364817766693,0.));
#12728=DIRECTION('',(0.,-1.,0.));
#12729=DIRECTION('',(0.984807753012208,0.17364817766693,0.));
#12730=DIRECTION('',(0.,-1.,0.));
#12731=DIRECTION('',(-0.984807753012208,0.17364817766693,0.));
#12732=DIRECTION('',(0.,-1.,0.));
#12733=DIRECTION('',(0.984807753012208,0.17364817766693,0.));
#12734=DIRECTION('',(0.,-1.,0.));
#12735=DIRECTION('',(-0.984807753012208,0.17364817766693,0.));
#12736=DIRECTION('',(0.,-1.,0.));
#12737=DIRECTION('',(0.984807753012208,0.17364817766693,0.));
#12738=DIRECTION('',(0.,-1.,0.));
#12739=DIRECTION('',(-0.984807753012208,0.17364817766693,0.));
#12740=DIRECTION('',(0.,-1.,0.));
#12741=DIRECTION('',(0.984807753012208,0.173648177666931,0.));
#12742=DIRECTION('',(0.,1.,0.));
#12743=DIRECTION('',(0.,0.,1.));
#12744=DIRECTION('',(0.,0.,1.));
#12745=DIRECTION('',(1.,0.,0.));
#12746=DIRECTION('',(0.,0.,-1.));
#12747=DIRECTION('',(1.,0.,0.));
#12748=DIRECTION('',(0.,0.,-1.));
#12749=DIRECTION('',(0.,1.,0.));
#12750=DIRECTION('',(0.,0.,1.));
#12751=DIRECTION('',(-1.,0.,1.5770213417971E-16));
#12752=DIRECTION('',(0.,1.,0.));
#12753=DIRECTION('',(0.,0.,1.));
#12754=DIRECTION('',(0.,0.,-1.));
#12755=DIRECTION('',(1.,0.,0.));
#12756=DIRECTION('',(0.,1.,0.));
#12757=DIRECTION('',(0.,0.,1.));
#12758=DIRECTION('',(1.,0.,0.));
#12759=DIRECTION('',(0.,0.,1.));
#12760=DIRECTION('',(1.,0.,0.));
#12761=DIRECTION('',(0.,0.,-1.));
#12762=DIRECTION('',(0.,1.,0.));
#12763=DIRECTION('',(0.,0.,1.));
#12764=DIRECTION('',(1.,0.,0.));
#12765=DIRECTION('',(0.,0.,1.));
#12766=DIRECTION('',(1.,0.,0.));
#12767=DIRECTION('',(0.,0.,-1.));
#12768=DIRECTION('',(0.,1.,0.));
#12769=DIRECTION('',(0.,0.,1.));
#12770=DIRECTION('',(-1.,0.,1.5770213417971E-16));
#12771=DIRECTION('',(0.,1.,0.));
#12772=DIRECTION('',(0.,0.,1.));
#12773=DIRECTION('',(0.,0.,-1.));
#12774=DIRECTION('',(1.,0.,0.));
#12775=DIRECTION('',(0.,0.,-1.));
#12776=DIRECTION('',(0.,1.,0.));
#12777=DIRECTION('',(0.,0.,1.));
#12778=DIRECTION('',(0.,0.,1.));
#12779=DIRECTION('',(1.,0.,0.));
#12780=DIRECTION('',(0.,0.,-1.));
#12781=DIRECTION('',(1.,0.,0.));
#12782=DIRECTION('',(0.,0.,1.));
#12783=DIRECTION('',(1.,0.,0.));
#12784=DIRECTION('',(0.,-1.,0.));
#12785=DIRECTION('',(0.,1.,0.));
#12786=DIRECTION('',(0.,0.,1.));
#12787=DIRECTION('',(1.,0.,0.));
#12788=DIRECTION('',(0.,0.,1.));
#12789=DIRECTION('',(1.,0.,0.));
#12790=DIRECTION('',(0.,-1.,0.));
#12791=DIRECTION('',(0.,0.,1.));
#12792=DIRECTION('',(1.,0.,0.));
#12793=DIRECTION('',(0.,-1.,0.));
#12794=DIRECTION('',(0.,0.,1.));
#12795=DIRECTION('',(1.,0.,0.));
#12796=DIRECTION('',(0.,0.,1.));
#12797=DIRECTION('',(1.,0.,0.));
#12798=DIRECTION('',(0.,1.,0.));
#12799=DIRECTION('',(0.,-1.,0.));
#12800=DIRECTION('',(0.,0.,1.));
#12801=DIRECTION('',(1.,0.,0.));
#12802=DIRECTION('',(1.,0.,0.));
#12803=DIRECTION('',(0.,-1.,0.));
#12804=DIRECTION('',(0.984807753012208,0.173648177666931,0.));
#12805=DIRECTION('',(0.,0.,1.));
#12806=DIRECTION('',(1.,0.,0.));
#12807=DIRECTION('',(0.,0.,1.));
#12808=DIRECTION('',(1.,0.,0.));
#12809=DIRECTION('',(0.,0.,1.));
#12810=DIRECTION('',(1.,0.,0.));
#12811=DIRECTION('',(0.,0.,1.));
#12812=DIRECTION('',(1.,0.,0.));
#12813=DIRECTION('',(0.,0.,1.));
#12814=DIRECTION('',(1.,0.,0.));
#12815=DIRECTION('',(0.,0.,1.));
#12816=DIRECTION('',(1.,0.,0.));
#12817=DIRECTION('',(0.,0.,1.));
#12818=DIRECTION('',(1.,0.,0.));
#12819=DIRECTION('',(0.,0.,1.));
#12820=DIRECTION('',(1.,0.,0.));
#12821=DIRECTION('',(0.,0.,1.));
#12822=DIRECTION('',(1.,0.,0.));
#12823=DIRECTION('',(1.,0.,0.));
#12824=DIRECTION('',(0.,-1.,0.));
#12825=DIRECTION('',(-0.984807753012208,0.17364817766693,0.));
#12826=DIRECTION('',(0.,-1.,0.));
#12827=DIRECTION('',(0.984807753012208,0.17364817766693,0.));
#12828=DIRECTION('',(0.,-1.,0.));
#12829=DIRECTION('',(-0.984807753012208,0.17364817766693,0.));
#12830=DIRECTION('',(0.,-1.,0.));
#12831=DIRECTION('',(0.984807753012208,0.17364817766693,0.));
#12832=DIRECTION('',(0.,-1.,0.));
#12833=DIRECTION('',(-0.984807753012208,0.17364817766693,0.));
#12834=DIRECTION('',(0.,-1.,0.));
#12835=DIRECTION('',(0.984807753012208,0.17364817766693,0.));
#12836=DIRECTION('',(0.,-1.,0.));
#12837=DIRECTION('',(-0.984807753012208,0.17364817766693,0.));
#12838=DIRECTION('',(0.,-1.,0.));
#12839=DIRECTION('',(0.984807753012208,0.17364817766693,0.));
#12840=DIRECTION('',(0.,-1.,0.));
#12841=DIRECTION('',(1.,0.,0.));
#12842=DIRECTION('',(0.,-1.,0.));
#12843=DIRECTION('',(0.,0.,1.));
#12844=DIRECTION('',(1.,0.,0.));
#12845=DIRECTION('',(1.,0.,0.));
#12846=DIRECTION('',(-0.984807753012208,0.17364817766693,0.));
#12847=DIRECTION('',(0.,-1.,0.));
#12848=DIRECTION('',(1.,0.,0.));
#12849=DIRECTION('',(0.,0.,-1.));
#12850=DIRECTION('',(-1.,0.,0.));
#12851=DIRECTION('',(0.,0.,1.));
#12852=DIRECTION('',(0.173648177666931,-0.984807753012208,0.));
#12853=DIRECTION('',(0.984807753012208,0.173648177666931,0.));
#12854=DIRECTION('',(-1.,0.,0.));
#12855=DIRECTION('',(0.,0.,1.));
#12856=DIRECTION('',(0.707106781186548,-0.707106781186548,0.));
#12857=DIRECTION('',(-0.707106781186548,-0.707106781186548,0.));
#12858=DIRECTION('',(-1.,0.,0.));
#12859=DIRECTION('',(0.,0.,1.));
#12860=DIRECTION('',(-1.,0.,0.));
#12861=DIRECTION('',(0.,0.,1.));
#12862=DIRECTION('',(0.17364817766693,0.984807753012208,0.));
#12863=DIRECTION('',(-0.984807753012208,0.17364817766693,0.));
#12864=DIRECTION('',(-1.,0.,0.));
#12865=DIRECTION('',(0.,0.,1.));
#12866=DIRECTION('',(-0.707106781186548,-0.707106781186548,0.));
#12867=DIRECTION('',(0.707106781186548,-0.707106781186548,0.));
#12868=DIRECTION('',(1.,0.,0.));
#12869=DIRECTION('',(0.,0.,-1.));
#12870=DIRECTION('',(-1.,0.,0.));
#12871=DIRECTION('',(0.,0.,1.));
#12872=DIRECTION('',(1.,0.,0.));
#12873=DIRECTION('',(0.,0.,-1.));
#12874=DIRECTION('',(-1.,0.,0.));
#12875=DIRECTION('',(0.,0.,1.));
#12876=DIRECTION('',(-1.,0.,0.));
#12877=DIRECTION('',(0.,0.,1.));
#12878=DIRECTION('',(1.,0.,0.));
#12879=DIRECTION('',(0.,0.,-1.));
#12880=DIRECTION('',(1.,0.,0.));
#12881=DIRECTION('',(0.,0.,-1.));
#12882=DIRECTION('',(0.,-1.,0.));
#12883=DIRECTION('',(1.,0.,0.));
#12884=DIRECTION('',(0.,0.,-1.));
#12885=DIRECTION('',(0.,-1.,0.));
#12886=DIRECTION('',(0.,0.,-1.));
#12887=DIRECTION('',(0.,0.,-1.));
#12888=DIRECTION('',(-1.5770213417971E-16,0.,-1.));
#12889=DIRECTION('',(-1.,0.,1.5770213417971E-16));
#12890=DIRECTION('',(0.,1.,0.));
#12891=DIRECTION('',(-1.,0.,1.5770213417971E-16));
#12892=DIRECTION('',(0.,1.,0.));
#12893=DIRECTION('',(1.,0.,0.));
#12894=DIRECTION('',(0.,0.,-1.));
#12895=DIRECTION('',(0.,0.,-1.));
#12896=DIRECTION('',(0.,1.,0.));
#12897=DIRECTION('',(1.,0.,0.));
#12898=DIRECTION('',(0.,0.,-1.));
#12899=DIRECTION('',(0.,1.,0.));
#12900=DIRECTION('',(0.,0.,-1.));
#12901=DIRECTION('',(0.,0.,-1.));
#12902=DIRECTION('',(-1.,0.,0.));
#12903=DIRECTION('',(0.,0.,-1.));
#12904=DIRECTION('',(-1.,0.,0.));
#12905=DIRECTION('',(0.,0.,-1.));
#12906=DIRECTION('',(1.,0.,0.));
#12907=DIRECTION('',(0.,0.,-1.));
#12908=DIRECTION('',(-1.,0.,0.));
#12909=DIRECTION('',(0.,0.,-1.));
#12910=DIRECTION('',(-1.,0.,0.));
#12911=DIRECTION('',(0.,0.,-1.));
#12912=DIRECTION('',(1.,0.,0.));
#12913=DIRECTION('',(0.,0.,-1.));
#12914=DIRECTION('',(-1.,0.,0.));
#12915=DIRECTION('',(0.,0.,1.));
#12916=DIRECTION('',(1.,0.,0.));
#12917=DIRECTION('',(0.,0.,1.));
#12918=DIRECTION('',(1.,0.,0.));
#12919=DIRECTION('',(0.,0.,1.));
#12920=DIRECTION('',(1.,0.,0.));
#12921=DIRECTION('',(0.,0.,-1.));
#12922=DIRECTION('',(-1.,0.,0.));
#12923=DIRECTION('',(0.,0.,-1.));
#12924=DIRECTION('',(-1.,0.,0.));
#12925=DIRECTION('',(0.,0.,1.));
#12926=DIRECTION('',(1.,0.,0.));
#12927=DIRECTION('',(0.,0.,1.));
#12928=DIRECTION('',(1.,0.,0.));
#12929=DIRECTION('',(0.,0.,1.));
#12930=DIRECTION('',(1.,0.,0.));
#12931=DIRECTION('',(0.,0.,-1.));
#12932=DIRECTION('',(-1.,0.,0.));
#12933=DIRECTION('',(0.,0.,-1.));
#12934=DIRECTION('',(-1.,0.,0.));
#12935=DIRECTION('',(0.,0.,1.));
#12936=DIRECTION('',(1.,0.,0.));
#12937=DIRECTION('',(0.,0.,1.));
#12938=DIRECTION('',(1.,0.,0.));
#12939=DIRECTION('',(0.,0.,1.));
#12940=DIRECTION('',(1.,0.,0.));
#12941=DIRECTION('',(0.,0.,-1.));
#12942=DIRECTION('',(-1.,0.,0.));
#12943=DIRECTION('',(0.,0.,-1.));
#12944=DIRECTION('',(-1.,0.,0.));
#12945=DIRECTION('',(0.,0.,1.));
#12946=DIRECTION('',(1.,0.,0.));
#12947=DIRECTION('',(0.,0.,1.));
#12948=DIRECTION('',(1.,0.,0.));
#12949=DIRECTION('',(0.,0.,1.));
#12950=DIRECTION('',(1.,0.,0.));
#12951=DIRECTION('',(0.,0.,-1.));
#12952=DIRECTION('',(-1.,0.,0.));
#12953=DIRECTION('',(0.,0.,-1.));
#12954=DIRECTION('',(-1.,0.,0.));
#12955=DIRECTION('',(0.,0.,1.));
#12956=DIRECTION('',(1.,0.,0.));
#12957=DIRECTION('',(0.,0.,1.));
#12958=DIRECTION('',(1.,0.,0.));
#12959=DIRECTION('',(0.,0.,1.));
#12960=DIRECTION('',(1.,0.,0.));
#12961=DIRECTION('',(0.,0.,-1.));
#12962=DIRECTION('',(-1.,0.,0.));
#12963=DIRECTION('',(0.,0.,-1.));
#12964=DIRECTION('',(-1.,0.,0.));
#12965=DIRECTION('',(0.,0.,1.));
#12966=DIRECTION('',(1.,0.,0.));
#12967=DIRECTION('',(0.,0.,1.));
#12968=DIRECTION('',(1.,0.,0.));
#12969=DIRECTION('',(0.,0.,1.));
#12970=DIRECTION('',(1.,0.,0.));
#12971=DIRECTION('',(0.,0.,-1.));
#12972=DIRECTION('',(-1.,0.,0.));
#12973=DIRECTION('',(0.,0.,-1.));
#12974=DIRECTION('',(-1.,0.,0.));
#12975=DIRECTION('',(0.,0.,1.));
#12976=DIRECTION('',(1.,0.,0.));
#12977=DIRECTION('',(0.,0.,1.));
#12978=DIRECTION('',(1.,0.,0.));
#12979=DIRECTION('',(0.,0.,1.));
#12980=DIRECTION('',(1.,0.,0.));
#12981=DIRECTION('',(0.,0.,-1.));
#12982=DIRECTION('',(-1.,0.,0.));
#12983=DIRECTION('',(0.,0.,-1.));
#12984=DIRECTION('',(-1.,0.,0.));
#12985=DIRECTION('',(0.,0.,1.));
#12986=DIRECTION('',(1.,0.,0.));
#12987=DIRECTION('',(0.,0.,1.));
#12988=DIRECTION('',(1.,0.,0.));
#12989=DIRECTION('',(0.,0.,1.));
#12990=DIRECTION('',(1.,0.,0.));
#12991=DIRECTION('',(0.,0.,-1.));
#12992=DIRECTION('',(-1.,0.,0.));
#12993=DIRECTION('',(0.,0.,1.));
#12994=DIRECTION('',(1.,0.,0.));
#12995=DIRECTION('',(0.,0.,1.));
#12996=DIRECTION('',(1.,0.,0.));
#12997=DIRECTION('',(0.,0.,1.));
#12998=DIRECTION('',(1.,0.,0.));
#12999=DIRECTION('',(0.,0.,1.));
#13000=DIRECTION('',(1.,0.,0.));
#13001=DIRECTION('',(0.,0.,1.));
#13002=DIRECTION('',(1.,0.,0.));
#13003=DIRECTION('',(0.,0.,1.));
#13004=DIRECTION('',(1.,0.,0.));
#13005=DIRECTION('',(0.,0.,1.));
#13006=DIRECTION('',(1.,0.,0.));
#13007=DIRECTION('',(0.,0.,1.));
#13008=DIRECTION('',(1.,0.,0.));
#13009=DIRECTION('',(0.,-1.,0.));
#13010=DIRECTION('',(0.,0.,-1.));
#13011=DIRECTION('',(0.,1.,0.));
#13012=DIRECTION('',(0.,0.,1.));
#13013=DIRECTION('',(0.,1.,0.));
#13014=DIRECTION('',(0.,0.,1.));
#13015=DIRECTION('',(0.,0.,-1.));
#13016=DIRECTION('',(-1.,0.,0.));
#13017=DIRECTION('',(0.,0.,-1.));
#13018=DIRECTION('',(-1.,0.,0.));
#13019=DIRECTION('',(0.,1.,0.));
#13020=DIRECTION('',(0.,0.,1.));
#13021=DIRECTION('',(-1.,0.,0.));
#13022=DIRECTION('',(0.,0.,1.));
#13023=DIRECTION('',(1.,0.,-1.5770213417971E-16));
#13024=DIRECTION('',(-1.5770213417971E-16,0.,-1.));
#13025=DIRECTION('',(1.,0.,0.));
#13026=DIRECTION('',(0.,0.,-1.));
#13027=DIRECTION('',(0.,0.,1.));
#13028=DIRECTION('',(1.,0.,0.));
#13029=DIRECTION('',(0.,0.,-1.));
#13030=DIRECTION('',(-1.,0.,0.));
#13031=DIRECTION('',(0.,1.,0.));
#13032=DIRECTION('',(0.,0.,1.));
#13033=DIRECTION('',(0.,1.,0.));
#13034=DIRECTION('',(0.,0.,1.));
#13035=DIRECTION('',(0.,-1.,0.));
#13036=DIRECTION('',(0.,0.,-1.));
#13037=DIRECTION('',(0.,0.,1.));
#13038=DIRECTION('',(1.,0.,0.));
#13039=DIRECTION('',(0.,2.89120579329468E-16,-1.));
#13040=DIRECTION('',(0.,1.,2.89120579329468E-16));
#13041=DIRECTION('',(0.,-1.,-2.89120579329468E-16));
#13042=DIRECTION('',(0.,2.89120579329468E-16,-1.));
#13043=DIRECTION('',(0.,-1.,0.));
#13044=DIRECTION('',(0.,0.,-1.));
#13045=DIRECTION('',(0.,1.,0.));
#13046=DIRECTION('',(0.,0.,1.));
#13047=DIRECTION('',(0.,1.,0.));
#13048=DIRECTION('',(0.,0.,1.));
#13049=DIRECTION('',(0.,0.,-1.));
#13050=DIRECTION('',(-1.,0.,0.));
#13051=DIRECTION('',(0.,0.,-1.));
#13052=DIRECTION('',(-1.,0.,0.));
#13053=DIRECTION('',(1.,0.,0.));
#13054=DIRECTION('',(0.,0.,-1.));
#13055=DIRECTION('',(0.,0.,1.));
#13056=DIRECTION('',(1.,0.,0.));
#13057=DIRECTION('',(0.,0.,-1.));
#13058=DIRECTION('',(-1.,0.,0.));
#13059=DIRECTION('',(0.,0.,-1.));
#13060=DIRECTION('',(-1.,0.,0.));
#13061=DIRECTION('',(0.,0.,1.));
#13062=DIRECTION('',(1.,0.,0.));
#13063=DIRECTION('',(0.,0.,-1.));
#13064=DIRECTION('',(-1.,0.,0.));
#13065=DIRECTION('',(0.,0.,-1.));
#13066=DIRECTION('',(-1.,0.,0.));
#13067=DIRECTION('',(0.,0.,1.));
#13068=DIRECTION('',(1.,0.,0.));
#13069=DIRECTION('',(0.,0.,-1.));
#13070=DIRECTION('',(-1.,0.,0.));
#13071=DIRECTION('',(0.,0.,-1.));
#13072=DIRECTION('',(-1.,0.,0.));
#13073=DIRECTION('',(0.,0.,1.));
#13074=DIRECTION('',(1.,0.,0.));
#13075=DIRECTION('',(0.,0.,-1.));
#13076=DIRECTION('',(-1.,0.,0.));
#13077=DIRECTION('',(0.,0.,-1.));
#13078=DIRECTION('',(-1.,0.,0.));
#13079=DIRECTION('',(0.,0.,1.));
#13080=DIRECTION('',(1.,0.,0.));
#13081=DIRECTION('',(0.,0.,-1.));
#13082=DIRECTION('',(-1.,0.,0.));
#13083=DIRECTION('',(0.,0.,-1.));
#13084=DIRECTION('',(-1.,0.,0.));
#13085=DIRECTION('',(0.,0.,1.));
#13086=DIRECTION('',(1.,0.,0.));
#13087=DIRECTION('',(0.,0.,-1.));
#13088=DIRECTION('',(-1.,0.,0.));
#13089=DIRECTION('',(0.,0.,-1.));
#13090=DIRECTION('',(-1.,0.,0.));
#13091=DIRECTION('',(0.,0.,1.));
#13092=DIRECTION('',(1.,0.,0.));
#13093=DIRECTION('',(0.,0.,-1.));
#13094=DIRECTION('',(-1.,0.,0.));
#13095=DIRECTION('',(0.,0.,-1.));
#13096=DIRECTION('',(-1.,0.,0.));
#13097=DIRECTION('',(0.,0.,1.));
#13098=DIRECTION('',(1.,0.,0.));
#13099=DIRECTION('',(0.,0.,-1.));
#13100=DIRECTION('',(-1.,0.,0.));
#13101=DIRECTION('',(0.,0.,-1.));
#13102=DIRECTION('',(-1.,0.,0.));
#13103=DIRECTION('',(0.17364817766693,0.984807753012208,0.));
#13104=DIRECTION('',(-0.984807753012208,0.17364817766693,0.));
#13105=DIRECTION('',(0.,0.,1.));
#13106=DIRECTION('',(0.,0.,1.));
#13107=DIRECTION('',(-1.,0.,0.));
#13108=DIRECTION('',(0.,0.,1.));
#13109=DIRECTION('',(0.,0.,1.));
#13110=DIRECTION('',(0.17364817766693,-0.984807753012208,0.));
#13111=DIRECTION('',(0.984807753012208,0.17364817766693,0.));
#13112=DIRECTION('',(0.,0.,1.));
#13113=DIRECTION('',(-1.,0.,0.));
#13114=DIRECTION('',(0.,0.,1.));
#13115=DIRECTION('',(0.,0.,1.));
#13116=DIRECTION('',(0.17364817766693,0.984807753012208,0.));
#13117=DIRECTION('',(-0.984807753012208,0.17364817766693,0.));
#13118=DIRECTION('',(0.,0.,1.));
#13119=DIRECTION('',(-1.,0.,0.));
#13120=DIRECTION('',(0.,0.,1.));
#13121=DIRECTION('',(0.,0.,1.));
#13122=DIRECTION('',(0.17364817766693,-0.984807753012208,0.));
#13123=DIRECTION('',(0.984807753012208,0.17364817766693,0.));
#13124=DIRECTION('',(0.,0.,1.));
#13125=DIRECTION('',(-1.,0.,0.));
#13126=DIRECTION('',(0.,0.,1.));
#13127=DIRECTION('',(0.,0.,1.));
#13128=DIRECTION('',(0.17364817766693,0.984807753012208,0.));
#13129=DIRECTION('',(-0.984807753012208,0.17364817766693,0.));
#13130=DIRECTION('',(0.,0.,1.));
#13131=DIRECTION('',(-1.,0.,0.));
#13132=DIRECTION('',(0.,0.,1.));
#13133=DIRECTION('',(0.,0.,1.));
#13134=DIRECTION('',(0.17364817766693,-0.984807753012208,0.));
#13135=DIRECTION('',(0.984807753012208,0.17364817766693,0.));
#13136=DIRECTION('',(0.,0.,1.));
#13137=DIRECTION('',(-1.,0.,0.));
#13138=DIRECTION('',(0.,0.,1.));
#13139=DIRECTION('',(0.,0.,1.));
#13140=DIRECTION('',(0.17364817766693,0.984807753012208,0.));
#13141=DIRECTION('',(-0.984807753012208,0.17364817766693,0.));
#13142=DIRECTION('',(0.,0.,1.));
#13143=DIRECTION('',(-1.,0.,0.));
#13144=DIRECTION('',(0.,0.,1.));
#13145=DIRECTION('',(0.,0.,1.));
#13146=DIRECTION('',(0.17364817766693,-0.984807753012208,0.));
#13147=DIRECTION('',(0.984807753012208,0.17364817766693,0.));
#13148=DIRECTION('',(0.,0.,1.));
#13149=DIRECTION('',(0.173648177666931,-0.984807753012208,0.));
#13150=DIRECTION('',(0.984807753012208,0.173648177666931,0.));
#13151=DIRECTION('',(0.,0.,1.));
#13152=DIRECTION('',(0.,0.,1.));
#13153=DIRECTION('',(-1.,0.,0.));
#13154=DIRECTION('',(0.,0.,1.));
#13155=DIRECTION('',(-1.,0.,0.));
#13156=DIRECTION('',(0.,0.,1.));
#13157=DIRECTION('',(0.,0.,1.));
#13158=DIRECTION('',(0.17364817766693,0.984807753012208,0.));
#13159=DIRECTION('',(-0.984807753012208,0.17364817766693,0.));
#13160=DIRECTION('',(0.,0.,1.));
#13161=DIRECTION('',(-1.,0.,0.));
#13162=DIRECTION('',(0.,0.,1.));
#13163=DIRECTION('',(-1.,0.,0.));
#13164=DIRECTION('',(0.,0.,1.));
#13165=DIRECTION('',(0.,0.,1.));
#13166=DIRECTION('',(1.,0.,0.));
#13167=DIRECTION('',(1.,0.,0.));
#13168=DIRECTION('',(0.,1.,0.));
#13169=DIRECTION('',(0.,1.,0.));
#13170=DIRECTION('',(0.,0.,-1.));
#13171=DIRECTION('',(0.,1.,0.));
#13172=DIRECTION('',(0.,0.,1.));
#13173=DIRECTION('',(0.,1.,0.));
#13174=DIRECTION('',(0.,0.,1.));
#13175=DIRECTION('',(0.,1.,0.));
#13176=DIRECTION('',(0.,0.,1.));
#13177=DIRECTION('',(0.,-1.,0.));
#13178=DIRECTION('',(0.,-1.,0.));
#13179=DIRECTION('',(0.,0.,-1.));
#13180=DIRECTION('',(0.,-1.,0.));
#13181=DIRECTION('',(0.,1.,0.));
#13182=DIRECTION('',(0.,-1.,0.));
#13183=DIRECTION('',(0.,-1.,0.));
#13184=DIRECTION('',(0.,0.,-1.));
#13185=DIRECTION('',(0.,1.,0.));
#13186=DIRECTION('',(0.,0.,1.));
#13187=DIRECTION('',(0.,-1.,0.));
#13188=DIRECTION('',(0.,0.,-1.));
#13189=DIRECTION('',(0.,-1.,0.));
#13190=DIRECTION('',(1.,0.,0.));
#13191=DIRECTION('',(0.,0.,-1.));
#13192=DIRECTION('',(0.,0.,-1.));
#13193=DIRECTION('',(0.,-1.,0.));
#13194=DIRECTION('',(0.,0.,-1.));
#13195=DIRECTION('',(1.,0.,0.));
#13196=DIRECTION('',(0.,0.,-1.));
#13197=DIRECTION('',(0.,0.,-1.));
#13198=DIRECTION('',(0.,1.,0.));
#13199=DIRECTION('',(0.,0.,-1.));
#13200=DIRECTION('',(0.,-1.,0.));
#13201=DIRECTION('',(0.,0.,-1.));
#13202=DIRECTION('',(-1.,0.,0.));
#13203=DIRECTION('',(0.,0.,-1.));
#13204=DIRECTION('',(-1.,0.,0.));
#13205=DIRECTION('',(0.,0.,-1.));
#13206=DIRECTION('',(1.,0.,0.));
#13207=DIRECTION('',(0.,0.,-1.));
#13208=DIRECTION('',(0.,-1.,0.));
#13209=DIRECTION('',(0.,-1.,0.));
#13210=DIRECTION('',(0.,0.,-1.));
#13211=DIRECTION('',(0.,1.,0.));
#13212=DIRECTION('',(0.,0.,1.));
#13213=DIRECTION('',(1.,0.,0.));
#13214=DIRECTION('',(1.,0.,0.));
#13215=DIRECTION('',(0.,0.,-1.));
#13216=DIRECTION('',(-1.,0.,0.));
#13217=DIRECTION('',(0.,0.,1.));
#13218=DIRECTION('',(0.,1.,0.));
#13219=DIRECTION('',(0.,1.,0.));
#13220=DIRECTION('',(0.,-1.,0.));
#13221=DIRECTION('',(0.,0.,-1.));
#13222=DIRECTION('',(-1.,0.,0.));
#13223=DIRECTION('',(0.,0.,-1.));
#13224=DIRECTION('',(-1.,0.,0.));
#13225=DIRECTION('',(0.,0.,-1.));
#13226=DIRECTION('',(1.,0.,0.));
#13227=DIRECTION('',(0.,0.,-1.));
#13228=DIRECTION('',(0.,-1.,0.));
#13229=DIRECTION('',(0.,-1.,0.));
#13230=DIRECTION('',(0.,0.,-1.));
#13231=DIRECTION('',(0.,1.,0.));
#13232=DIRECTION('',(0.,0.,1.));
#13233=DIRECTION('',(1.,0.,0.));
#13234=DIRECTION('',(1.,0.,0.));
#13235=DIRECTION('',(0.,0.,-1.));
#13236=DIRECTION('',(-1.,0.,0.));
#13237=DIRECTION('',(0.,0.,1.));
#13238=DIRECTION('',(0.,1.,0.));
#13239=DIRECTION('',(0.,1.,0.));
#13240=DIRECTION('',(0.,-1.,0.));
#13241=DIRECTION('',(0.,0.,-1.));
#13242=DIRECTION('',(-1.,0.,0.));
#13243=DIRECTION('',(0.,0.,-1.));
#13244=DIRECTION('',(-1.,0.,0.));
#13245=DIRECTION('',(0.,0.,-1.));
#13246=DIRECTION('',(1.,0.,0.));
#13247=DIRECTION('',(0.,0.,-1.));
#13248=DIRECTION('',(0.,-1.,0.));
#13249=DIRECTION('',(0.,-1.,0.));
#13250=DIRECTION('',(0.,0.,-1.));
#13251=DIRECTION('',(0.,1.,0.));
#13252=DIRECTION('',(0.,0.,1.));
#13253=DIRECTION('',(1.,0.,0.));
#13254=DIRECTION('',(1.,0.,0.));
#13255=DIRECTION('',(0.,0.,-1.));
#13256=DIRECTION('',(-1.,0.,0.));
#13257=DIRECTION('',(0.,0.,1.));
#13258=DIRECTION('',(0.,1.,0.));
#13259=DIRECTION('',(0.,1.,0.));
#13260=DIRECTION('',(0.,-1.,0.));
#13261=DIRECTION('',(0.,0.,-1.));
#13262=DIRECTION('',(-1.,0.,0.));
#13263=DIRECTION('',(0.,0.,-1.));
#13264=DIRECTION('',(-1.,0.,0.));
#13265=DIRECTION('',(0.,0.,-1.));
#13266=DIRECTION('',(1.,0.,0.));
#13267=DIRECTION('',(0.,0.,-1.));
#13268=DIRECTION('',(0.,-1.,0.));
#13269=DIRECTION('',(0.,-1.,0.));
#13270=DIRECTION('',(0.,0.,-1.));
#13271=DIRECTION('',(0.,1.,0.));
#13272=DIRECTION('',(0.,0.,1.));
#13273=DIRECTION('',(1.,0.,0.));
#13274=DIRECTION('',(1.,0.,0.));
#13275=DIRECTION('',(0.,0.,-1.));
#13276=DIRECTION('',(-1.,0.,0.));
#13277=DIRECTION('',(0.,0.,1.));
#13278=DIRECTION('',(0.,1.,0.));
#13279=DIRECTION('',(0.,1.,0.));
#13280=DIRECTION('',(0.,-1.,0.));
#13281=DIRECTION('',(0.,0.,-1.));
#13282=DIRECTION('',(-1.,0.,0.));
#13283=DIRECTION('',(0.,0.,-1.));
#13284=DIRECTION('',(-1.,0.,0.));
#13285=DIRECTION('',(0.,0.,-1.));
#13286=DIRECTION('',(1.,0.,0.));
#13287=DIRECTION('',(0.,0.,-1.));
#13288=DIRECTION('',(0.,-1.,0.));
#13289=DIRECTION('',(0.,-1.,0.));
#13290=DIRECTION('',(0.,0.,-1.));
#13291=DIRECTION('',(0.,1.,0.));
#13292=DIRECTION('',(0.,0.,1.));
#13293=DIRECTION('',(1.,0.,0.));
#13294=DIRECTION('',(1.,0.,0.));
#13295=DIRECTION('',(0.,0.,-1.));
#13296=DIRECTION('',(-1.,0.,0.));
#13297=DIRECTION('',(0.,0.,1.));
#13298=DIRECTION('',(0.,1.,0.));
#13299=DIRECTION('',(0.,1.,0.));
#13300=DIRECTION('',(0.,-1.,0.));
#13301=DIRECTION('',(0.,0.,-1.));
#13302=DIRECTION('',(-1.,0.,0.));
#13303=DIRECTION('',(0.,0.,-1.));
#13304=DIRECTION('',(-1.,0.,0.));
#13305=DIRECTION('',(0.,0.,-1.));
#13306=DIRECTION('',(1.,0.,0.));
#13307=DIRECTION('',(0.,0.,-1.));
#13308=DIRECTION('',(0.,-1.,0.));
#13309=DIRECTION('',(0.,-1.,0.));
#13310=DIRECTION('',(0.,0.,-1.));
#13311=DIRECTION('',(0.,1.,0.));
#13312=DIRECTION('',(0.,0.,1.));
#13313=DIRECTION('',(1.,0.,0.));
#13314=DIRECTION('',(1.,0.,0.));
#13315=DIRECTION('',(0.,0.,-1.));
#13316=DIRECTION('',(-1.,0.,0.));
#13317=DIRECTION('',(0.,0.,1.));
#13318=DIRECTION('',(0.,1.,0.));
#13319=DIRECTION('',(0.,1.,0.));
#13320=DIRECTION('',(0.,-1.,0.));
#13321=DIRECTION('',(0.,0.,-1.));
#13322=DIRECTION('',(-1.,0.,0.));
#13323=DIRECTION('',(0.,0.,-1.));
#13324=DIRECTION('',(-1.,0.,0.));
#13325=DIRECTION('',(0.,0.,-1.));
#13326=DIRECTION('',(1.,0.,0.));
#13327=DIRECTION('',(0.,0.,-1.));
#13328=DIRECTION('',(0.,-1.,0.));
#13329=DIRECTION('',(0.,-1.,0.));
#13330=DIRECTION('',(0.,0.,-1.));
#13331=DIRECTION('',(0.,1.,0.));
#13332=DIRECTION('',(0.,0.,1.));
#13333=DIRECTION('',(1.,0.,0.));
#13334=DIRECTION('',(1.,0.,0.));
#13335=DIRECTION('',(0.,0.,-1.));
#13336=DIRECTION('',(-1.,0.,0.));
#13337=DIRECTION('',(0.,0.,1.));
#13338=DIRECTION('',(0.,1.,0.));
#13339=DIRECTION('',(0.,1.,0.));
#13340=DIRECTION('',(0.,-1.,0.));
#13341=DIRECTION('',(0.,0.,-1.));
#13342=DIRECTION('',(-1.,0.,0.));
#13343=DIRECTION('',(0.,0.,-1.));
#13344=DIRECTION('',(-1.,0.,0.));
#13345=DIRECTION('',(0.,0.,-1.));
#13346=DIRECTION('',(1.,0.,0.));
#13347=DIRECTION('',(0.,0.,-1.));
#13348=DIRECTION('',(0.,-1.,0.));
#13349=DIRECTION('',(0.,-1.,0.));
#13350=DIRECTION('',(0.,0.,-1.));
#13351=DIRECTION('',(0.,1.,0.));
#13352=DIRECTION('',(0.,0.,1.));
#13353=DIRECTION('',(1.,0.,0.));
#13354=DIRECTION('',(1.,0.,0.));
#13355=DIRECTION('',(0.,0.,-1.));
#13356=DIRECTION('',(-1.,0.,0.));
#13357=DIRECTION('',(0.,0.,1.));
#13358=DIRECTION('',(0.,1.,0.));
#13359=DIRECTION('',(0.,1.,0.));
#13360=DIRECTION('',(0.,-1.,0.));
#13361=DIRECTION('',(0.,0.,-1.));
#13362=DIRECTION('',(-1.,0.,0.));
#13363=DIRECTION('',(0.,0.,-1.));
#13364=DIRECTION('',(-1.,0.,0.));
#13365=DIRECTION('',(0.,0.,-1.));
#13366=DIRECTION('',(1.,0.,0.));
#13367=DIRECTION('',(0.,0.,-1.));
#13368=DIRECTION('',(0.,-1.,0.));
#13369=DIRECTION('',(0.,-1.,0.));
#13370=DIRECTION('',(0.,0.,-1.));
#13371=DIRECTION('',(0.,1.,0.));
#13372=DIRECTION('',(0.,0.,1.));
#13373=DIRECTION('',(1.,0.,0.));
#13374=DIRECTION('',(1.,0.,0.));
#13375=DIRECTION('',(0.,0.,-1.));
#13376=DIRECTION('',(-1.,0.,0.));
#13377=DIRECTION('',(0.,0.,1.));
#13378=DIRECTION('',(0.,1.,0.));
#13379=DIRECTION('',(0.,1.,0.));
#13380=DIRECTION('',(0.,-1.,0.));
#13381=DIRECTION('',(0.,0.,-1.));
#13382=DIRECTION('',(-1.,0.,0.));
#13383=DIRECTION('',(0.,0.,-1.));
#13384=DIRECTION('',(-1.,0.,0.));
#13385=DIRECTION('',(0.,0.,-1.));
#13386=DIRECTION('',(1.,0.,0.));
#13387=DIRECTION('',(0.,0.,-1.));
#13388=DIRECTION('',(0.,-1.,0.));
#13389=DIRECTION('',(0.,-1.,0.));
#13390=DIRECTION('',(0.,0.,-1.));
#13391=DIRECTION('',(0.,1.,0.));
#13392=DIRECTION('',(0.,0.,1.));
#13393=DIRECTION('',(1.,0.,0.));
#13394=DIRECTION('',(1.,0.,0.));
#13395=DIRECTION('',(0.,0.,-1.));
#13396=DIRECTION('',(-1.,0.,0.));
#13397=DIRECTION('',(0.,0.,1.));
#13398=DIRECTION('',(0.,1.,0.));
#13399=DIRECTION('',(0.,1.,0.));
#13400=DIRECTION('',(0.,-1.,0.));
#13401=DIRECTION('',(0.,0.,-1.));
#13402=DIRECTION('',(-1.,0.,0.));
#13403=DIRECTION('',(0.,0.,-1.));
#13404=DIRECTION('',(-1.,0.,0.));
#13405=DIRECTION('',(0.,0.,-1.));
#13406=DIRECTION('',(1.,0.,0.));
#13407=DIRECTION('',(0.,0.,-1.));
#13408=DIRECTION('',(0.,-1.,0.));
#13409=DIRECTION('',(0.,-1.,0.));
#13410=DIRECTION('',(0.,0.,-1.));
#13411=DIRECTION('',(0.,1.,0.));
#13412=DIRECTION('',(0.,0.,1.));
#13413=DIRECTION('',(1.,0.,0.));
#13414=DIRECTION('',(1.,0.,0.));
#13415=DIRECTION('',(0.,0.,-1.));
#13416=DIRECTION('',(-1.,0.,0.));
#13417=DIRECTION('',(0.,0.,1.));
#13418=DIRECTION('',(0.,1.,0.));
#13419=DIRECTION('',(0.,1.,0.));
#13420=DIRECTION('',(0.,-1.,0.));
#13421=DIRECTION('',(0.,0.,-1.));
#13422=DIRECTION('',(-1.,0.,0.));
#13423=DIRECTION('',(0.,0.,-1.));
#13424=DIRECTION('',(-1.,0.,0.));
#13425=DIRECTION('',(0.,0.,-1.));
#13426=DIRECTION('',(1.,0.,0.));
#13427=DIRECTION('',(0.,0.,-1.));
#13428=DIRECTION('',(0.,-1.,0.));
#13429=DIRECTION('',(0.,-1.,0.));
#13430=DIRECTION('',(0.,0.,-1.));
#13431=DIRECTION('',(0.,1.,0.));
#13432=DIRECTION('',(0.,0.,1.));
#13433=DIRECTION('',(1.,0.,0.));
#13434=DIRECTION('',(1.,0.,0.));
#13435=DIRECTION('',(0.,0.,-1.));
#13436=DIRECTION('',(-1.,0.,0.));
#13437=DIRECTION('',(0.,0.,1.));
#13438=DIRECTION('',(0.,1.,0.));
#13439=DIRECTION('',(0.,1.,0.));
#13440=DIRECTION('',(0.,-1.,0.));
#13441=DIRECTION('',(0.,0.,-1.));
#13442=DIRECTION('',(-1.,0.,0.));
#13443=DIRECTION('',(0.,0.,-1.));
#13444=DIRECTION('',(-1.,0.,0.));
#13445=DIRECTION('',(0.,0.,-1.));
#13446=DIRECTION('',(1.,0.,0.));
#13447=DIRECTION('',(0.,0.,-1.));
#13448=DIRECTION('',(0.,-1.,0.));
#13449=DIRECTION('',(0.,-1.,0.));
#13450=DIRECTION('',(0.,0.,-1.));
#13451=DIRECTION('',(0.,1.,0.));
#13452=DIRECTION('',(0.,0.,1.));
#13453=DIRECTION('',(1.,0.,0.));
#13454=DIRECTION('',(1.,0.,0.));
#13455=DIRECTION('',(0.,0.,-1.));
#13456=DIRECTION('',(-1.,0.,0.));
#13457=DIRECTION('',(0.,0.,1.));
#13458=DIRECTION('',(0.,1.,0.));
#13459=DIRECTION('',(0.,1.,0.));
#13460=DIRECTION('',(0.,-1.,0.));
#13461=DIRECTION('',(0.,0.,-1.));
#13462=DIRECTION('',(-1.,0.,0.));
#13463=DIRECTION('',(0.,0.,-1.));
#13464=DIRECTION('',(-1.,0.,0.));
#13465=DIRECTION('',(0.,0.,-1.));
#13466=DIRECTION('',(1.,0.,0.));
#13467=DIRECTION('',(0.,0.,-1.));
#13468=DIRECTION('',(0.,-1.,0.));
#13469=DIRECTION('',(0.,-1.,0.));
#13470=DIRECTION('',(0.,0.,-1.));
#13471=DIRECTION('',(0.,1.,0.));
#13472=DIRECTION('',(0.,0.,1.));
#13473=DIRECTION('',(1.,0.,0.));
#13474=DIRECTION('',(1.,0.,0.));
#13475=DIRECTION('',(0.,0.,-1.));
#13476=DIRECTION('',(-1.,0.,0.));
#13477=DIRECTION('',(0.,0.,1.));
#13478=DIRECTION('',(0.,1.,0.));
#13479=DIRECTION('',(0.,1.,0.));
#13480=DIRECTION('',(0.,-1.,0.));
#13481=DIRECTION('',(0.,0.,-1.));
#13482=DIRECTION('',(-1.,0.,0.));
#13483=DIRECTION('',(0.,0.,-1.));
#13484=DIRECTION('',(-1.,0.,0.));
#13485=DIRECTION('',(0.,0.,-1.));
#13486=DIRECTION('',(1.,0.,0.));
#13487=DIRECTION('',(0.,0.,-1.));
#13488=DIRECTION('',(0.,-1.,0.));
#13489=DIRECTION('',(0.,-1.,0.));
#13490=DIRECTION('',(0.,0.,-1.));
#13491=DIRECTION('',(0.,1.,0.));
#13492=DIRECTION('',(0.,0.,1.));
#13493=DIRECTION('',(1.,0.,0.));
#13494=DIRECTION('',(1.,0.,0.));
#13495=DIRECTION('',(0.,0.,-1.));
#13496=DIRECTION('',(-1.,0.,0.));
#13497=DIRECTION('',(0.,0.,1.));
#13498=DIRECTION('',(0.,1.,0.));
#13499=DIRECTION('',(0.,1.,0.));
#13500=DIRECTION('',(0.,-1.,0.));
#13501=DIRECTION('',(0.,0.,-1.));
#13502=DIRECTION('',(-1.,0.,0.));
#13503=DIRECTION('',(0.,0.,-1.));
#13504=DIRECTION('',(-1.,0.,0.));
#13505=DIRECTION('',(0.,0.,-1.));
#13506=DIRECTION('',(1.,0.,0.));
#13507=DIRECTION('',(0.,0.,-1.));
#13508=DIRECTION('',(0.,-1.,0.));
#13509=DIRECTION('',(0.,-1.,0.));
#13510=DIRECTION('',(0.,0.,-1.));
#13511=DIRECTION('',(0.,1.,0.));
#13512=DIRECTION('',(0.,0.,1.));
#13513=DIRECTION('',(1.,0.,0.));
#13514=DIRECTION('',(1.,0.,0.));
#13515=DIRECTION('',(0.,0.,-1.));
#13516=DIRECTION('',(-1.,0.,0.));
#13517=DIRECTION('',(0.,0.,1.));
#13518=DIRECTION('',(0.,1.,0.));
#13519=DIRECTION('',(0.,1.,0.));
#13520=DIRECTION('',(0.,-1.,0.));
#13521=DIRECTION('',(0.,0.,-1.));
#13522=DIRECTION('',(-1.,0.,0.));
#13523=DIRECTION('',(0.,0.,-1.));
#13524=DIRECTION('',(-1.,0.,0.));
#13525=DIRECTION('',(0.,0.,-1.));
#13526=DIRECTION('',(1.,0.,0.));
#13527=DIRECTION('',(0.,0.,-1.));
#13528=DIRECTION('',(0.,-1.,0.));
#13529=DIRECTION('',(0.,-1.,0.));
#13530=DIRECTION('',(0.,0.,-1.));
#13531=DIRECTION('',(0.,1.,0.));
#13532=DIRECTION('',(0.,0.,1.));
#13533=DIRECTION('',(1.,0.,0.));
#13534=DIRECTION('',(1.,0.,0.));
#13535=DIRECTION('',(0.,0.,-1.));
#13536=DIRECTION('',(-1.,0.,0.));
#13537=DIRECTION('',(0.,0.,1.));
#13538=DIRECTION('',(0.,1.,0.));
#13539=DIRECTION('',(0.,1.,0.));
#13540=DIRECTION('',(0.,1.,0.));
#13541=DIRECTION('',(0.,0.,1.));
#13542=DIRECTION('',(1.,0.,0.));
#13543=DIRECTION('',(0.,0.,-1.));
#13544=DIRECTION('',(1.,0.,0.));
#13545=DIRECTION('',(0.,0.,-1.));
#13546=DIRECTION('',(-1.,0.,0.));
#13547=DIRECTION('',(0.,0.,1.));
#13548=DIRECTION('',(0.,1.,0.));
#13549=DIRECTION('',(0.,1.,0.));
#13550=DIRECTION('',(0.,0.,-1.));
#13551=DIRECTION('',(0.,-1.,0.));
#13552=DIRECTION('',(0.,0.,-1.));
#13553=DIRECTION('',(-1.,0.,0.));
#13554=DIRECTION('',(-1.,0.,0.));
#13555=DIRECTION('',(0.,0.,-1.));
#13556=DIRECTION('',(1.,0.,0.));
#13557=DIRECTION('',(0.,0.,-1.));
#13558=DIRECTION('',(0.,-1.,0.));
#13559=DIRECTION('',(0.,-1.,0.));
#13560=DIRECTION('',(0.,1.,0.));
#13561=DIRECTION('',(0.,0.,1.));
#13562=DIRECTION('',(1.,0.,0.));
#13563=DIRECTION('',(0.,0.,-1.));
#13564=DIRECTION('',(1.,0.,0.));
#13565=DIRECTION('',(0.,0.,-1.));
#13566=DIRECTION('',(-1.,0.,0.));
#13567=DIRECTION('',(0.,0.,1.));
#13568=DIRECTION('',(0.,1.,0.));
#13569=DIRECTION('',(0.,1.,0.));
#13570=DIRECTION('',(0.,0.,-1.));
#13571=DIRECTION('',(0.,-1.,0.));
#13572=DIRECTION('',(0.,0.,-1.));
#13573=DIRECTION('',(-1.,0.,0.));
#13574=DIRECTION('',(-1.,0.,0.));
#13575=DIRECTION('',(0.,0.,-1.));
#13576=DIRECTION('',(1.,0.,0.));
#13577=DIRECTION('',(0.,0.,-1.));
#13578=DIRECTION('',(0.,-1.,0.));
#13579=DIRECTION('',(0.,-1.,0.));
#13580=DIRECTION('',(0.,0.,-1.));
#13581=DIRECTION('',(-1.,0.,0.));
#13582=DIRECTION('',(0.,0.,1.));
#13583=DIRECTION('',(1.,0.,0.));
#13584=DIRECTION('',(0.,0.,1.));
#13585=DIRECTION('',(1.,0.,0.));
#13586=DIRECTION('',(0.,1.,0.));
#13587=DIRECTION('',(0.,0.,1.));
#13588=DIRECTION('',(1.,0.,0.));
#13589=DIRECTION('',(0.,0.,-1.));
#13590=DIRECTION('',(1.,0.,0.));
#13591=DIRECTION('',(0.,0.,-1.));
#13592=DIRECTION('',(-1.,0.,0.));
#13593=DIRECTION('',(0.,0.,1.));
#13594=DIRECTION('',(0.,1.,0.));
#13595=DIRECTION('',(0.,1.,0.));
#13596=DIRECTION('',(0.,0.,-1.));
#13597=DIRECTION('',(0.,-1.,0.));
#13598=DIRECTION('',(0.,0.,-1.));
#13599=DIRECTION('',(-1.,0.,0.));
#13600=DIRECTION('',(-1.,0.,0.));
#13601=DIRECTION('',(0.,0.,-1.));
#13602=DIRECTION('',(1.,0.,0.));
#13603=DIRECTION('',(0.,0.,-1.));
#13604=DIRECTION('',(0.,-1.,0.));
#13605=DIRECTION('',(0.,-1.,0.));
#13606=DIRECTION('',(0.,1.,0.));
#13607=DIRECTION('',(0.,0.,1.));
#13608=DIRECTION('',(1.,0.,0.));
#13609=DIRECTION('',(0.,0.,-1.));
#13610=DIRECTION('',(1.,0.,0.));
#13611=DIRECTION('',(0.,0.,-1.));
#13612=DIRECTION('',(-1.,0.,0.));
#13613=DIRECTION('',(0.,0.,1.));
#13614=DIRECTION('',(0.,1.,0.));
#13615=DIRECTION('',(0.,1.,0.));
#13616=DIRECTION('',(0.,0.,-1.));
#13617=DIRECTION('',(0.,-1.,0.));
#13618=DIRECTION('',(0.,0.,-1.));
#13619=DIRECTION('',(-1.,0.,0.));
#13620=DIRECTION('',(-1.,0.,0.));
#13621=DIRECTION('',(0.,0.,-1.));
#13622=DIRECTION('',(1.,0.,0.));
#13623=DIRECTION('',(0.,0.,-1.));
#13624=DIRECTION('',(0.,-1.,0.));
#13625=DIRECTION('',(0.,-1.,0.));
#13626=DIRECTION('',(0.,1.,0.));
#13627=DIRECTION('',(0.,0.,1.));
#13628=DIRECTION('',(1.,0.,0.));
#13629=DIRECTION('',(0.,0.,-1.));
#13630=DIRECTION('',(1.,0.,0.));
#13631=DIRECTION('',(0.,0.,-1.));
#13632=DIRECTION('',(-1.,0.,0.));
#13633=DIRECTION('',(0.,0.,1.));
#13634=DIRECTION('',(0.,1.,0.));
#13635=DIRECTION('',(0.,1.,0.));
#13636=DIRECTION('',(0.,0.,-1.));
#13637=DIRECTION('',(0.,-1.,0.));
#13638=DIRECTION('',(0.,0.,-1.));
#13639=DIRECTION('',(-1.,0.,0.));
#13640=DIRECTION('',(-1.,0.,0.));
#13641=DIRECTION('',(0.,0.,-1.));
#13642=DIRECTION('',(1.,0.,0.));
#13643=DIRECTION('',(0.,0.,-1.));
#13644=DIRECTION('',(0.,-1.,0.));
#13645=DIRECTION('',(0.,-1.,0.));
#13646=DIRECTION('',(0.,0.,-1.));
#13647=DIRECTION('',(-1.,0.,0.));
#13648=DIRECTION('',(0.,0.,1.));
#13649=DIRECTION('',(1.,0.,0.));
#13650=DIRECTION('',(0.,0.,1.));
#13651=DIRECTION('',(1.,0.,0.));
#13652=DIRECTION('',(1.,0.,0.));
#13653=DIRECTION('',(0.,0.,-1.));
#13654=DIRECTION('',(0.,-1.,0.));
#13655=DIRECTION('',(0.,0.,-1.));
#13656=DIRECTION('',(0.,-1.,0.));
#13657=DIRECTION('',(0.,0.,-1.));
#13658=DIRECTION('',(0.,1.,0.));
#13659=DIRECTION('',(0.,0.,1.));
#13660=DIRECTION('',(1.,0.,0.));
#13661=DIRECTION('',(1.,0.,0.));
#13662=DIRECTION('',(0.,0.,-1.));
#13663=DIRECTION('',(1.,0.,0.));
#13664=DIRECTION('',(0.,0.,-1.));
#13665=DIRECTION('',(0.,-1.,0.));
#13666=DIRECTION('',(0.,-1.,0.));
#13667=DIRECTION('',(0.,0.,-1.));
#13668=DIRECTION('',(0.,1.,0.));
#13669=DIRECTION('',(0.,0.,1.));
#13670=DIRECTION('',(1.,0.,0.));
#13671=DIRECTION('',(1.,0.,0.));
#13672=DIRECTION('',(0.,0.,-1.));
#13673=DIRECTION('',(1.,0.,0.));
#13674=DIRECTION('',(0.,0.,-1.));
#13675=DIRECTION('',(0.,-1.,0.));
#13676=DIRECTION('',(0.,-1.,0.));
#13677=DIRECTION('',(0.,0.,-1.));
#13678=DIRECTION('',(0.,1.,0.));
#13679=DIRECTION('',(0.,0.,1.));
#13680=DIRECTION('',(1.,0.,0.));
#13681=DIRECTION('',(1.,0.,0.));
#13682=DIRECTION('',(0.,0.,-1.));
#13683=DIRECTION('',(1.,0.,0.));
#13684=DIRECTION('',(0.,0.,-1.));
#13685=DIRECTION('',(0.,-1.,0.));
#13686=DIRECTION('',(0.,-1.,0.));
#13687=DIRECTION('',(0.,0.,-1.));
#13688=DIRECTION('',(0.,1.,0.));
#13689=DIRECTION('',(0.,0.,1.));
#13690=DIRECTION('',(1.,0.,0.));
#13691=DIRECTION('',(1.,0.,0.));
#13692=DIRECTION('',(0.,0.,-1.));
#13693=DIRECTION('',(-1.,0.,0.));
#13694=DIRECTION('',(0.,0.,1.));
#13695=DIRECTION('',(0.,1.,0.));
#13696=DIRECTION('',(0.,1.,0.));
#13697=DIRECTION('',(0.,0.,-1.));
#13698=DIRECTION('',(0.,1.,0.));
#13699=DIRECTION('',(0.,0.,1.));
#13700=DIRECTION('',(1.,0.,0.));
#13701=DIRECTION('',(1.,0.,0.));
#13702=DIRECTION('',(0.,0.,-1.));
#13703=DIRECTION('',(1.,0.,0.));
#13704=DIRECTION('',(0.,0.,-1.));
#13705=DIRECTION('',(0.,-1.,0.));
#13706=DIRECTION('',(0.,-1.,0.));
#13707=DIRECTION('',(0.,0.,-1.));
#13708=DIRECTION('',(0.,1.,0.));
#13709=DIRECTION('',(0.,0.,1.));
#13710=DIRECTION('',(1.,0.,0.));
#13711=DIRECTION('',(1.,0.,0.));
#13712=DIRECTION('',(0.,0.,-1.));
#13713=DIRECTION('',(1.,0.,0.));
#13714=DIRECTION('',(0.,0.,-1.));
#13715=DIRECTION('',(0.,-1.,0.));
#13716=DIRECTION('',(0.,-1.,0.));
#13717=DIRECTION('',(0.,0.,-1.));
#13718=DIRECTION('',(0.,1.,0.));
#13719=DIRECTION('',(0.,0.,1.));
#13720=DIRECTION('',(1.,0.,0.));
#13721=DIRECTION('',(1.,0.,0.));
#13722=DIRECTION('',(0.,0.,-1.));
#13723=DIRECTION('',(-1.,0.,0.));
#13724=DIRECTION('',(0.,0.,1.));
#13725=DIRECTION('',(0.,1.,0.));
#13726=DIRECTION('',(0.,1.,0.));
#13727=DIRECTION('',(0.,0.,-1.));
#13728=DIRECTION('',(0.,-1.,0.));
#13729=DIRECTION('',(0.,0.,-1.));
#13730=DIRECTION('',(-1.,0.,0.));
#13731=DIRECTION('',(-1.,0.,0.));
#13732=DIRECTION('',(0.,0.,-1.));
#13733=DIRECTION('',(1.,0.,0.));
#13734=DIRECTION('',(0.,0.,-1.));
#13735=DIRECTION('',(0.,-1.,0.));
#13736=DIRECTION('',(0.,-1.,0.));
#13737=DIRECTION('',(0.,0.,-1.));
#13738=DIRECTION('',(0.,1.,0.));
#13739=DIRECTION('',(0.,0.,1.));
#13740=DIRECTION('',(1.,0.,0.));
#13741=DIRECTION('',(1.,0.,0.));
#13742=DIRECTION('',(0.,0.,-1.));
#13743=DIRECTION('',(1.,0.,0.));
#13744=DIRECTION('',(0.,0.,-1.));
#13745=DIRECTION('',(0.,-1.,0.));
#13746=DIRECTION('',(0.,-1.,0.));
#13747=DIRECTION('',(0.,0.,-1.));
#13748=DIRECTION('',(0.,-1.,0.));
#13749=DIRECTION('',(0.,0.,-1.));
#13750=DIRECTION('',(-1.,0.,0.));
#13751=DIRECTION('',(-1.,0.,0.));
#13752=DIRECTION('',(0.,0.,-1.));
#13753=DIRECTION('',(-1.,0.,0.));
#13754=DIRECTION('',(0.,0.,1.));
#13755=DIRECTION('',(0.,1.,0.));
#13756=DIRECTION('',(0.,1.,0.));
#13757=DIRECTION('',(0.,0.,-1.));
#13758=DIRECTION('',(0.,-1.,0.));
#13759=DIRECTION('',(0.,0.,-1.));
#13760=DIRECTION('',(-1.,0.,0.));
#13761=DIRECTION('',(-1.,0.,0.));
#13762=DIRECTION('',(0.,0.,-1.));
#13763=DIRECTION('',(1.,0.,0.));
#13764=DIRECTION('',(0.,0.,-1.));
#13765=DIRECTION('',(0.,-1.,0.));
#13766=DIRECTION('',(0.,-1.,0.));
#13767=DIRECTION('',(0.,0.,-1.));
#13768=DIRECTION('',(0.,-1.,0.));
#13769=DIRECTION('',(0.,0.,-1.));
#13770=DIRECTION('',(-1.,0.,0.));
#13771=DIRECTION('',(-1.,0.,0.));
#13772=DIRECTION('',(0.,0.,-1.));
#13773=DIRECTION('',(1.,0.,0.));
#13774=DIRECTION('',(0.,0.,-1.));
#13775=DIRECTION('',(0.,-1.,0.));
#13776=DIRECTION('',(0.,-1.,0.));
#13777=DIRECTION('',(0.,0.,-1.));
#13778=DIRECTION('',(0.,1.,0.));
#13779=DIRECTION('',(0.,0.,1.));
#13780=DIRECTION('',(1.,0.,0.));
#13781=DIRECTION('',(1.,0.,0.));
#13782=DIRECTION('',(0.,0.,-1.));
#13783=DIRECTION('',(1.,0.,0.));
#13784=DIRECTION('',(0.,0.,-1.));
#13785=DIRECTION('',(0.,-1.,0.));
#13786=DIRECTION('',(0.,-1.,0.));
#13787=DIRECTION('',(0.,0.,-1.));
#13788=DIRECTION('',(0.,-1.,0.));
#13789=DIRECTION('',(0.,0.,-1.));
#13790=DIRECTION('',(-1.,0.,0.));
#13791=DIRECTION('',(-1.,0.,0.));
#13792=DIRECTION('',(1.,0.,0.));
#13793=DIRECTION('',(0.,0.,-1.));
#13794=DIRECTION('',(0.,-1.,0.));
#13795=DIRECTION('',(0.,0.,-1.));
#13796=DIRECTION('',(0.,-1.,0.));
#13797=DIRECTION('',(0.,0.,-1.));
#13798=DIRECTION('',(0.,1.,0.));
#13799=DIRECTION('',(0.,0.,1.));
#13800=DIRECTION('',(1.,0.,0.));
#13801=DIRECTION('',(1.,0.,0.));
#13802=DIRECTION('',(0.,0.,-1.));
#13803=DIRECTION('',(1.,0.,0.));
#13804=DIRECTION('',(0.,0.,-1.));
#13805=DIRECTION('',(0.,-1.,0.));
#13806=DIRECTION('',(0.,-1.,0.));
#13807=DIRECTION('',(0.,0.,-1.));
#13808=DIRECTION('',(0.,1.,0.));
#13809=DIRECTION('',(0.,0.,1.));
#13810=DIRECTION('',(1.,0.,0.));
#13811=DIRECTION('',(1.,0.,0.));
#13812=DIRECTION('',(0.,0.,-1.));
#13813=DIRECTION('',(1.,0.,0.));
#13814=DIRECTION('',(0.,0.,-1.));
#13815=DIRECTION('',(0.,-1.,0.));
#13816=DIRECTION('',(0.,-1.,0.));
#13817=DIRECTION('',(0.,0.,-1.));
#13818=DIRECTION('',(0.,1.,0.));
#13819=DIRECTION('',(0.,0.,1.));
#13820=DIRECTION('',(1.,0.,0.));
#13821=DIRECTION('',(1.,0.,0.));
#13822=DIRECTION('',(0.,0.,-1.));
#13823=DIRECTION('',(1.,0.,0.));
#13824=DIRECTION('',(0.,0.,-1.));
#13825=DIRECTION('',(0.,-1.,0.));
#13826=DIRECTION('',(0.,-1.,0.));
#13827=DIRECTION('',(0.,0.,-1.));
#13828=DIRECTION('',(0.,1.,0.));
#13829=DIRECTION('',(0.,0.,1.));
#13830=DIRECTION('',(1.,0.,0.));
#13831=DIRECTION('',(1.,0.,0.));
#13832=DIRECTION('',(0.,0.,-1.));
#13833=DIRECTION('',(-1.,0.,0.));
#13834=DIRECTION('',(0.,0.,1.));
#13835=DIRECTION('',(0.,1.,0.));
#13836=DIRECTION('',(0.,1.,0.));
#13837=DIRECTION('',(0.,0.,-1.));
#13838=DIRECTION('',(0.,1.,0.));
#13839=DIRECTION('',(0.,0.,1.));
#13840=DIRECTION('',(1.,0.,0.));
#13841=DIRECTION('',(1.,0.,0.));
#13842=DIRECTION('',(0.,0.,-1.));
#13843=DIRECTION('',(1.,0.,0.));
#13844=DIRECTION('',(0.,0.,-1.));
#13845=DIRECTION('',(0.,-1.,0.));
#13846=DIRECTION('',(0.,-1.,0.));
#13847=DIRECTION('',(0.,0.,-1.));
#13848=DIRECTION('',(0.,1.,0.));
#13849=DIRECTION('',(0.,0.,1.));
#13850=DIRECTION('',(1.,0.,0.));
#13851=DIRECTION('',(1.,0.,0.));
#13852=DIRECTION('',(0.,0.,-1.));
#13853=DIRECTION('',(1.,0.,0.));
#13854=DIRECTION('',(0.,0.,-1.));
#13855=DIRECTION('',(0.,-1.,0.));
#13856=DIRECTION('',(0.,-1.,0.));
#13857=DIRECTION('',(0.,0.,-1.));
#13858=DIRECTION('',(0.,1.,0.));
#13859=DIRECTION('',(0.,0.,1.));
#13860=DIRECTION('',(1.,0.,0.));
#13861=DIRECTION('',(1.,0.,0.));
#13862=DIRECTION('',(0.,0.,-1.));
#13863=DIRECTION('',(-1.,0.,0.));
#13864=DIRECTION('',(0.,0.,1.));
#13865=DIRECTION('',(0.,1.,0.));
#13866=DIRECTION('',(0.,1.,0.));
#13867=DIRECTION('',(0.,0.,-1.));
#13868=DIRECTION('',(0.,-1.,0.));
#13869=DIRECTION('',(0.,0.,-1.));
#13870=DIRECTION('',(-1.,0.,0.));
#13871=DIRECTION('',(-1.,0.,0.));
#13872=DIRECTION('',(0.,0.,-1.));
#13873=DIRECTION('',(1.,0.,0.));
#13874=DIRECTION('',(0.,0.,-1.));
#13875=DIRECTION('',(0.,-1.,0.));
#13876=DIRECTION('',(0.,-1.,0.));
#13877=DIRECTION('',(0.,0.,-1.));
#13878=DIRECTION('',(0.,1.,0.));
#13879=DIRECTION('',(0.,0.,1.));
#13880=DIRECTION('',(1.,0.,0.));
#13881=DIRECTION('',(1.,0.,0.));
#13882=DIRECTION('',(0.,0.,-1.));
#13883=DIRECTION('',(1.,0.,0.));
#13884=DIRECTION('',(0.,0.,-1.));
#13885=DIRECTION('',(0.,-1.,0.));
#13886=DIRECTION('',(0.,-1.,0.));
#13887=DIRECTION('',(0.,0.,-1.));
#13888=DIRECTION('',(0.,-1.,0.));
#13889=DIRECTION('',(0.,0.,-1.));
#13890=DIRECTION('',(-1.,0.,0.));
#13891=DIRECTION('',(-1.,0.,0.));
#13892=DIRECTION('',(0.,0.,-1.));
#13893=DIRECTION('',(-1.,0.,0.));
#13894=DIRECTION('',(0.,0.,1.));
#13895=DIRECTION('',(0.,1.,0.));
#13896=DIRECTION('',(0.,1.,0.));
#13897=DIRECTION('',(0.,0.,-1.));
#13898=DIRECTION('',(0.,-1.,0.));
#13899=DIRECTION('',(0.,0.,-1.));
#13900=DIRECTION('',(-1.,0.,0.));
#13901=DIRECTION('',(-1.,0.,0.));
#13902=DIRECTION('',(0.,0.,-1.));
#13903=DIRECTION('',(1.,0.,0.));
#13904=DIRECTION('',(0.,0.,-1.));
#13905=DIRECTION('',(0.,-1.,0.));
#13906=DIRECTION('',(0.,-1.,0.));
#13907=DIRECTION('',(0.,0.,-1.));
#13908=DIRECTION('',(0.,-1.,0.));
#13909=DIRECTION('',(0.,0.,-1.));
#13910=DIRECTION('',(-1.,0.,0.));
#13911=DIRECTION('',(-1.,0.,0.));
#13912=DIRECTION('',(0.,0.,-1.));
#13913=DIRECTION('',(1.,0.,0.));
#13914=DIRECTION('',(0.,0.,-1.));
#13915=DIRECTION('',(0.,-1.,0.));
#13916=DIRECTION('',(0.,-1.,0.));
#13917=DIRECTION('',(0.,0.,-1.));
#13918=DIRECTION('',(0.,1.,0.));
#13919=DIRECTION('',(0.,0.,1.));
#13920=DIRECTION('',(1.,0.,0.));
#13921=DIRECTION('',(1.,0.,0.));
#13922=DIRECTION('',(0.,0.,-1.));
#13923=DIRECTION('',(1.,0.,0.));
#13924=DIRECTION('',(0.,0.,-1.));
#13925=DIRECTION('',(0.,-1.,0.));
#13926=DIRECTION('',(0.,-1.,0.));
#13927=DIRECTION('',(0.,0.,-1.));
#13928=DIRECTION('',(0.,-1.,0.));
#13929=DIRECTION('',(0.,0.,-1.));
#13930=DIRECTION('',(-1.,0.,0.));
#13931=DIRECTION('',(-1.,0.,0.));
#13932=DIRECTION('',(0.,0.,-1.));
#13933=DIRECTION('',(-1.,0.,0.));
#13934=DIRECTION('',(0.,0.,1.));
#13935=DIRECTION('',(1.,0.,0.));
#13936=DIRECTION('',(0.,0.,1.));
#13937=DIRECTION('',(1.,0.,0.));
#13938=DIRECTION('',(-1.,0.,0.));
#13939=DIRECTION('',(0.,0.,1.));
#13940=DIRECTION('',(0.,1.,0.));
#13941=DIRECTION('',(0.,0.,-1.));
#13942=DIRECTION('',(0.,1.,0.));
#13943=DIRECTION('',(0.,0.,-1.));
#13944=DIRECTION('',(0.,-1.,0.));
#13945=DIRECTION('',(0.,0.,-1.));
#13946=DIRECTION('',(-1.,0.,0.));
#13947=DIRECTION('',(-1.,0.,0.));
#13948=DIRECTION('',(0.,0.,-1.));
#13949=DIRECTION('',(1.,0.,0.));
#13950=DIRECTION('',(0.,0.,-1.));
#13951=DIRECTION('',(0.,-1.,0.));
#13952=DIRECTION('',(0.,-1.,0.));
#13953=DIRECTION('',(0.,0.,-1.));
#13954=DIRECTION('',(0.,1.,0.));
#13955=DIRECTION('',(0.,0.,1.));
#13956=DIRECTION('',(1.,0.,0.));
#13957=DIRECTION('',(1.,0.,0.));
#13958=DIRECTION('',(0.,0.,-1.));
#13959=DIRECTION('',(-1.,0.,0.));
#13960=DIRECTION('',(0.,0.,1.));
#13961=DIRECTION('',(1.,0.,0.));
#13962=DIRECTION('',(0.,0.,1.));
#13963=DIRECTION('',(1.,0.,0.));
#13964=DIRECTION('',(0.,0.,-1.));
#13965=DIRECTION('',(-1.,0.,0.));
#13966=DIRECTION('',(0.,0.,1.));
#13967=DIRECTION('',(1.,0.,0.));
#13968=DIRECTION('',(0.,0.,1.));
#13969=DIRECTION('',(1.,0.,0.));
#13970=DIRECTION('',(1.,0.,0.));
#13971=DIRECTION('',(0.,0.,-1.));
#13972=DIRECTION('',(0.,-1.,0.));
#13973=DIRECTION('',(0.,0.,-1.));
#13974=DIRECTION('',(0.,-1.,0.));
#13975=DIRECTION('',(0.,0.,-1.));
#13976=DIRECTION('',(0.,1.,0.));
#13977=DIRECTION('',(0.,0.,1.));
#13978=DIRECTION('',(1.,0.,0.));
#13979=DIRECTION('',(1.,0.,0.));
#13980=DIRECTION('',(0.,0.,-1.));
#13981=DIRECTION('',(-1.,0.,0.));
#13982=DIRECTION('',(0.,0.,1.));
#13983=DIRECTION('',(0.,1.,0.));
#13984=DIRECTION('',(0.,1.,0.));
#13985=DIRECTION('',(0.,0.,-1.));
#13986=DIRECTION('',(0.,-1.,0.));
#13987=DIRECTION('',(0.,0.,-1.));
#13988=DIRECTION('',(-1.,0.,0.));
#13989=DIRECTION('',(-1.,0.,0.));
#13990=DIRECTION('',(0.,0.,-1.));
#13991=DIRECTION('',(-1.,0.,0.));
#13992=DIRECTION('',(0.,0.,1.));
#13993=DIRECTION('',(1.,0.,0.));
#13994=DIRECTION('',(0.,0.,1.));
#13995=DIRECTION('',(1.,0.,0.));
#13996=DIRECTION('',(1.,0.,0.));
#13997=DIRECTION('',(0.,0.,-1.));
#13998=DIRECTION('',(0.,-1.,0.));
#13999=DIRECTION('',(0.,0.,-1.));
#14000=DIRECTION('',(0.,-1.,0.));
#14001=DIRECTION('',(0.,0.,-1.));
#14002=DIRECTION('',(0.,1.,0.));
#14003=DIRECTION('',(0.,0.,1.));
#14004=DIRECTION('',(1.,0.,0.));
#14005=DIRECTION('',(1.,0.,0.));
#14006=DIRECTION('',(0.,0.,-1.));
#14007=DIRECTION('',(-1.,0.,0.));
#14008=DIRECTION('',(0.,0.,1.));
#14009=DIRECTION('',(0.,1.,0.));
#14010=DIRECTION('',(0.,1.,0.));
#14011=DIRECTION('',(0.,0.,-1.));
#14012=DIRECTION('',(0.,-1.,0.));
#14013=DIRECTION('',(0.,0.,-1.));
#14014=DIRECTION('',(-1.,0.,0.));
#14015=DIRECTION('',(-1.,0.,0.));
#14016=DIRECTION('',(1.,0.,0.));
#14017=DIRECTION('',(0.,0.,-1.));
#14018=DIRECTION('',(0.,-1.,0.));
#14019=DIRECTION('',(0.,0.,-1.));
#14020=DIRECTION('',(0.,-1.,0.));
#14021=DIRECTION('',(0.,0.,-1.));
#14022=DIRECTION('',(0.,1.,0.));
#14023=DIRECTION('',(0.,0.,1.));
#14024=DIRECTION('',(1.,0.,0.));
#14025=DIRECTION('',(1.,0.,0.));
#14026=DIRECTION('',(0.,0.,-1.));
#14027=DIRECTION('',(-1.,0.,0.));
#14028=DIRECTION('',(0.,0.,1.));
#14029=DIRECTION('',(0.,1.,0.));
#14030=DIRECTION('',(0.,1.,0.));
#14031=DIRECTION('',(0.,0.,-1.));
#14032=DIRECTION('',(0.,-1.,0.));
#14033=DIRECTION('',(0.,0.,-1.));
#14034=DIRECTION('',(-1.,0.,0.));
#14035=DIRECTION('',(-1.,0.,0.));
#14036=DIRECTION('',(0.,0.,-1.));
#14037=DIRECTION('',(-1.,0.,0.));
#14038=DIRECTION('',(0.,0.,1.));
#14039=DIRECTION('',(1.,0.,0.));
#14040=DIRECTION('',(0.,0.,1.));
#14041=DIRECTION('',(1.,0.,0.));
#14042=DIRECTION('',(1.,0.,0.));
#14043=DIRECTION('',(0.,0.,-1.));
#14044=DIRECTION('',(0.,-1.,0.));
#14045=DIRECTION('',(0.,0.,-1.));
#14046=DIRECTION('',(0.,-1.,0.));
#14047=DIRECTION('',(0.,0.,-1.));
#14048=DIRECTION('',(0.,1.,0.));
#14049=DIRECTION('',(0.,0.,1.));
#14050=DIRECTION('',(1.,0.,0.));
#14051=DIRECTION('',(1.,0.,0.));
#14052=DIRECTION('',(0.,0.,-1.));
#14053=DIRECTION('',(-1.,0.,0.));
#14054=DIRECTION('',(0.,0.,1.));
#14055=DIRECTION('',(0.,1.,0.));
#14056=DIRECTION('',(0.,1.,0.));
#14057=DIRECTION('',(0.,0.,-1.));
#14058=DIRECTION('',(0.,-1.,0.));
#14059=DIRECTION('',(0.,0.,-1.));
#14060=DIRECTION('',(-1.,0.,0.));
#14061=DIRECTION('',(-1.,0.,0.));
#14062=DIRECTION('',(0.,0.,-1.));
#14063=DIRECTION('',(-1.,0.,0.));
#14064=DIRECTION('',(0.,0.,1.));
#14065=DIRECTION('',(1.,0.,0.));
#14066=DIRECTION('',(0.,0.,1.));
#14067=DIRECTION('',(1.,0.,0.));
#14068=DIRECTION('',(1.,0.,0.));
#14069=DIRECTION('',(0.,0.,-1.));
#14070=DIRECTION('',(0.,-1.,0.));
#14071=DIRECTION('',(0.,0.,-1.));
#14072=DIRECTION('',(0.,-1.,0.));
#14073=DIRECTION('',(0.,0.,-1.));
#14074=DIRECTION('',(0.,1.,0.));
#14075=DIRECTION('',(0.,0.,1.));
#14076=DIRECTION('',(1.,0.,0.));
#14077=DIRECTION('',(1.,0.,0.));
#14078=DIRECTION('',(0.,0.,-1.));
#14079=DIRECTION('',(-1.,0.,0.));
#14080=DIRECTION('',(0.,0.,1.));
#14081=DIRECTION('',(0.,1.,0.));
#14082=DIRECTION('',(0.,1.,0.));
#14083=DIRECTION('',(0.,0.,-1.));
#14084=DIRECTION('',(0.,-1.,0.));
#14085=DIRECTION('',(0.,0.,-1.));
#14086=DIRECTION('',(-1.,0.,0.));
#14087=DIRECTION('',(-1.,0.,0.));
#14088=DIRECTION('',(0.,0.,-1.));
#14089=DIRECTION('',(-1.,0.,0.));
#14090=DIRECTION('',(0.,0.,1.));
#14091=DIRECTION('',(1.,0.,0.));
#14092=DIRECTION('',(0.,0.,1.));
#14093=DIRECTION('',(1.,0.,0.));
#14094=DIRECTION('',(1.,0.,0.));
#14095=DIRECTION('',(0.,0.,-1.));
#14096=DIRECTION('',(0.,-1.,0.));
#14097=DIRECTION('',(0.,0.,-1.));
#14098=DIRECTION('',(0.,-1.,0.));
#14099=DIRECTION('',(0.,0.,-1.));
#14100=DIRECTION('',(0.,1.,0.));
#14101=DIRECTION('',(0.,0.,1.));
#14102=DIRECTION('',(1.,0.,0.));
#14103=DIRECTION('',(1.,0.,0.));
#14104=DIRECTION('',(0.,0.,-1.));
#14105=DIRECTION('',(-1.,0.,0.));
#14106=DIRECTION('',(0.,0.,1.));
#14107=DIRECTION('',(0.,1.,0.));
#14108=DIRECTION('',(0.,1.,0.));
#14109=DIRECTION('',(0.,0.,-1.));
#14110=DIRECTION('',(0.,-1.,0.));
#14111=DIRECTION('',(0.,0.,-1.));
#14112=DIRECTION('',(-1.,0.,0.));
#14113=DIRECTION('',(-1.,0.,0.));
#14114=DIRECTION('',(0.,0.,-1.));
#14115=DIRECTION('',(-1.,0.,0.));
#14116=DIRECTION('',(0.,0.,1.));
#14117=DIRECTION('',(1.,0.,0.));
#14118=DIRECTION('',(0.,0.,-1.));
#14119=DIRECTION('',(0.,0.,1.));
#14120=DIRECTION('',(1.,0.,0.));
#14121=DIRECTION('',(0.,0.,1.));
#14122=DIRECTION('',(1.,0.,0.));
#14123=DIRECTION('',(0.,0.,1.));
#14124=DIRECTION('',(1.,0.,0.));
#14125=DIRECTION('',(0.,0.,1.));
#14126=DIRECTION('',(1.,0.,0.));
#14127=DIRECTION('',(0.,0.,-1.));
#14128=DIRECTION('',(-1.,0.,0.));
#14129=DIRECTION('',(0.,0.,1.));
#14130=DIRECTION('',(0.,1.,0.));
#14131=DIRECTION('',(0.,0.,-1.));
#14132=DIRECTION('',(0.,1.,0.));
#14133=DIRECTION('',(0.,0.,-1.));
#14134=DIRECTION('',(-1.,0.,0.));
#14135=DIRECTION('',(0.,0.,1.));
#14136=DIRECTION('',(0.,1.,0.));
#14137=DIRECTION('',(0.,0.,-1.));
#14138=DIRECTION('',(0.,1.,0.));
#14139=DIRECTION('',(0.,0.,-1.));
#14140=DIRECTION('',(0.,0.,-1.));
#14141=DIRECTION('',(-1.,0.,0.));
#14142=DIRECTION('',(0.,0.,1.));
#14143=DIRECTION('',(1.,0.,0.));
#14144=DIRECTION('',(0.,0.,-1.));
#14145=DIRECTION('',(0.,0.,1.));
#14146=DIRECTION('',(1.,0.,0.));
#14147=DIRECTION('',(0.,0.,1.));
#14148=DIRECTION('',(1.,0.,0.));
#14149=DIRECTION('',(0.,0.,1.));
#14150=DIRECTION('',(1.,0.,0.));
#14151=DIRECTION('',(0.,0.,-1.));
#14152=DIRECTION('',(0.,0.,1.));
#14153=DIRECTION('',(1.,0.,0.));
#14154=DIRECTION('',(0.,0.,1.));
#14155=DIRECTION('',(1.,0.,0.));
#14156=DIRECTION('',(-1.,0.,0.));
#14157=DIRECTION('',(0.,0.,1.));
#14158=DIRECTION('',(0.,0.,1.));
#14159=DIRECTION('',(1.,0.,0.));
#14160=DIRECTION('',(0.,0.,1.));
#14161=DIRECTION('',(1.,0.,0.));
#14162=DIRECTION('',(1.,0.,0.));
#14163=DIRECTION('',(0.,1.,0.));
#14164=DIRECTION('',(0.,0.,1.));
#14165=DIRECTION('',(-1.,0.,0.));
#14166=DIRECTION('',(0.,0.,1.));
#14167=DIRECTION('',(-1.,0.,0.));
#14168=DIRECTION('',(0.,0.,1.));
#14169=DIRECTION('',(-1.,0.,0.));
#14170=DIRECTION('',(0.,0.,1.));
#14171=DIRECTION('',(0.,0.,1.));
#14172=DIRECTION('',(1.,0.,0.));
#14173=DIRECTION('',(1.,0.,0.));
#14174=DIRECTION('',(0.,0.,1.));
#14175=DIRECTION('',(1.,0.,0.));
#14176=DIRECTION('',(0.,0.,1.));
#14177=DIRECTION('',(1.,0.,0.));
#14178=DIRECTION('',(-1.,0.,0.));
#14179=DIRECTION('',(0.,0.,1.));
#14180=DIRECTION('',(1.,0.,0.));
#14181=DIRECTION('',(0.,0.,-1.));
#14182=DIRECTION('',(1.,0.,0.));
#14183=DIRECTION('',(1.,0.,0.));
#14184=DIRECTION('',(0.,0.,-1.));
#14185=DIRECTION('',(1.,0.,0.));
#14186=DIRECTION('',(-1.,0.,0.));
#14187=DIRECTION('',(0.,0.,1.));
#14188=DIRECTION('',(1.,0.,0.));
#14189=DIRECTION('',(1.,0.,0.));
#14190=DIRECTION('',(0.,0.,-1.));
#14191=DIRECTION('',(0.,1.,0.));
#14192=DIRECTION('',(0.,0.,1.));
#14193=DIRECTION('',(0.,0.,-1.));
#14194=DIRECTION('',(-1.,0.,0.));
#14195=DIRECTION('',(0.,1.,0.));
#14196=DIRECTION('',(0.,0.,1.));
#14197=DIRECTION('',(0.,0.,-1.));
#14198=DIRECTION('',(1.,0.,0.));
#14199=DIRECTION('',(0.,1.,0.));
#14200=DIRECTION('',(0.,0.,1.));
#14201=DIRECTION('',(0.,0.,-1.));
#14202=DIRECTION('',(1.,0.,0.));
#14203=DIRECTION('',(1.,0.,0.));
#14204=DIRECTION('',(0.,-1.,0.));
#14205=DIRECTION('',(0.,0.,-1.));
#14206=DIRECTION('',(-1.,0.,0.));
#14207=DIRECTION('',(-1.,0.,0.));
#14208=DIRECTION('',(0.,1.,0.));
#14209=DIRECTION('',(0.,0.,1.));
#14210=DIRECTION('',(1.,0.,0.));
#14211=DIRECTION('',(1.,0.,0.));
#14212=DIRECTION('',(0.,-1.,0.));
#14213=DIRECTION('',(0.,0.,-1.));
#14214=DIRECTION('',(0.,0.,1.));
#14215=DIRECTION('',(-1.,0.,0.));
#14216=DIRECTION('',(-1.,0.,0.));
#14217=DIRECTION('',(-1.,0.,0.));
#14218=DIRECTION('',(0.,0.,1.));
#14219=DIRECTION('',(1.,0.,0.));
#14220=DIRECTION('',(1.,0.,0.));
#14221=DIRECTION('',(0.,0.,-1.));
#14222=DIRECTION('',(-1.,0.,0.));
#14223=DIRECTION('',(1.,1.61879357416311E-16,0.));
#14224=DIRECTION('',(-1.61879357416311E-16,1.,0.));
#14225=DIRECTION('',(1.,0.,0.));
#14226=DIRECTION('',(0.,0.,-1.));
#14227=DIRECTION('',(1.,1.61879357416311E-16,0.));
#14228=DIRECTION('',(-1.61879357416311E-16,1.,0.));
#14229=DIRECTION('',(-1.,-1.61879357416311E-16,0.));
#14230=DIRECTION('',(0.,0.,-1.));
#14231=DIRECTION('',(-1.,-1.61879357416311E-16,0.));
#14232=DIRECTION('',(0.,1.,0.));
#14233=DIRECTION('',(0.,0.,1.));
#14234=DIRECTION('',(0.,0.,-1.));
#14235=DIRECTION('',(1.,0.,0.));
#14236=DIRECTION('',(0.,0.,1.));
#14237=DIRECTION('',(1.,0.,0.));
#14238=DIRECTION('',(0.,1.,0.));
#14239=DIRECTION('',(0.,1.,0.));
#14240=DIRECTION('',(0.,0.,1.));
#14241=DIRECTION('',(1.,0.,0.));
#14242=DIRECTION('',(0.,1.,0.));
#14243=DIRECTION('',(0.,1.,0.));
#14244=DIRECTION('',(1.,0.,0.));
#14245=DIRECTION('',(0.,1.,0.));
#14246=DIRECTION('',(1.,0.,0.));
#14247=DIRECTION('',(0.,1.,0.));
#14248=CARTESIAN_POINT('',(0.,0.,0.));
#14249=CARTESIAN_POINT('',(0.0126022923409939,-0.000140465587088974,0.0085));
#14250=CARTESIAN_POINT('',(0.155332697547183,0.0284354286821995,0.0085));
#14251=CARTESIAN_POINT('',(0.155332697547183,0.0354350786821995,0.0085));
#14252=CARTESIAN_POINT('',(0.155332697547183,0.0214357786821994,0.0085));
#14253=CARTESIAN_POINT('',(0.148332697547183,0.0354350786821995,0.0085));
#14254=CARTESIAN_POINT('',(0.141332697547183,0.0354350786821995,0.0085));
#14255=CARTESIAN_POINT('',(0.141332697547183,0.0284354286821995,0.0085));
#14256=CARTESIAN_POINT('',(0.141332697547183,0.0214357786821995,0.0085));
#14257=CARTESIAN_POINT('',(0.148332697547183,0.0214357786821995,0.0085));
#14258=CARTESIAN_POINT('',(0.157857697547183,0.0284354286821994,0.0085));
#14259=CARTESIAN_POINT('',(0.158907697547183,0.0284354286821994,0.0085));
#14260=CARTESIAN_POINT('',(0.167382697547184,0.0214357786821995,0.0085));
#14261=CARTESIAN_POINT('',(0.174382697547183,0.0214357786821995,0.0085));
#14262=CARTESIAN_POINT('',(0.160382697547183,0.0214357786821994,0.0085));
#14263=CARTESIAN_POINT('',(0.174382697547183,0.0284354286821995,0.0085));
#14264=CARTESIAN_POINT('',(0.174382697547183,0.0354350786821995,0.0085));
#14265=CARTESIAN_POINT('',(0.167382697547184,0.0354350786821995,0.0085));
#14266=CARTESIAN_POINT('',(0.160382697547184,0.0354350786821995,0.0085));
#14267=CARTESIAN_POINT('',(0.160382697547183,0.0284354286821995,0.0085));
#14268=CARTESIAN_POINT('',(0.0603706975471832,-0.0287146513178006,0.0085));
#14269=CARTESIAN_POINT('',(0.0603706975471832,-0.0357143813178006,0.0085));
#14270=CARTESIAN_POINT('',(0.0603706975471832,-0.0217149213178005,0.0085));
#14271=CARTESIAN_POINT('',(0.0673701975471832,-0.0357143813178006,0.0085));
#14272=CARTESIAN_POINT('',(0.0743696975471832,-0.0357143813178006,0.0085));
#14273=CARTESIAN_POINT('',(0.0743696975471832,-0.0287146513178006,0.0085));
#14274=CARTESIAN_POINT('',(0.0743696975471832,-0.0217149213178005,0.0085));
#14275=CARTESIAN_POINT('',(0.0673701975471832,-0.0217149213178005,0.0085));
#14276=CARTESIAN_POINT('',(0.117520697547183,-0.0287146513178006,0.0085));
#14277=CARTESIAN_POINT('',(0.117520697547183,-0.0357143813178006,0.0085));
#14278=CARTESIAN_POINT('',(0.117520697547183,-0.0217149213178005,0.0085));
#14279=CARTESIAN_POINT('',(0.124520197547183,-0.0357143813178006,0.0085));
#14280=CARTESIAN_POINT('',(0.131519697547183,-0.0357143813178006,0.0085));
#14281=CARTESIAN_POINT('',(0.131519697547183,-0.0287146513178006,0.0085));
#14282=CARTESIAN_POINT('',(0.131519697547183,-0.0217149213178005,0.0085));
#14283=CARTESIAN_POINT('',(0.124520197547183,-0.0217149213178005,0.0085));
#14284=CARTESIAN_POINT('',(0.0865626975471832,-0.00966472131780052,0.0085));
#14285=CARTESIAN_POINT('',(0.0865626975471832,-0.0166644213178005,0.0085));
#14286=CARTESIAN_POINT('',(0.0865626975471832,-0.00266502131780052,0.0085));
#14287=CARTESIAN_POINT('',(0.0935621975471832,-0.0166644213178005,0.0085));
#14288=CARTESIAN_POINT('',(0.100561697547183,-0.0166644213178005,0.0085));
#14289=CARTESIAN_POINT('',(0.100561697547183,-0.00966472131780052,0.0085));
#14290=CARTESIAN_POINT('',(0.100561697547183,-0.00266502131780053,0.0085));
#14291=CARTESIAN_POINT('',(0.0935621975471832,-0.00266502131780053,0.0085));
#14292=CARTESIAN_POINT('',(0.0508456975471832,0.00938542868219948,0.0085));
#14293=CARTESIAN_POINT('',(0.0508456975471832,0.00238577868219948,0.0085));
#14294=CARTESIAN_POINT('',(0.0508456975471832,0.0163850786821995,0.0085));
#14295=CARTESIAN_POINT('',(0.0578451975471832,0.00238577868219948,0.0085));
#14296=CARTESIAN_POINT('',(0.0648446975471832,0.00238577868219948,0.0085));
#14297=CARTESIAN_POINT('',(0.0648446975471832,0.00938542868219948,0.0085));
#14298=CARTESIAN_POINT('',(0.0648446975471832,0.0163850786821995,0.0085));
#14299=CARTESIAN_POINT('',(0.0578451975471832,0.0163850786821995,0.0085));
#14300=CARTESIAN_POINT('',(0.0698956975471832,0.00938542868219948,0.0085));
#14301=CARTESIAN_POINT('',(0.0698956975471832,0.00238577868219948,0.0085));
#14302=CARTESIAN_POINT('',(0.0698956975471832,0.0163850786821995,0.0085));
#14303=CARTESIAN_POINT('',(0.0768951975471832,0.00238577868219948,0.0085));
#14304=CARTESIAN_POINT('',(0.0838946975471832,0.00238577868219948,0.0085));
#14305=CARTESIAN_POINT('',(0.0838946975471832,0.00938542868219948,0.0085));
#14306=CARTESIAN_POINT('',(0.0838946975471832,0.0163850786821995,0.0085));
#14307=CARTESIAN_POINT('',(0.0768951975471832,0.0163850786821995,0.0085));
#14308=CARTESIAN_POINT('',(0.0960876975471832,0.00938542868219948,0.0085));
#14309=CARTESIAN_POINT('',(0.0960876975471832,0.00238577868219948,0.0085));
#14310=CARTESIAN_POINT('',(0.0960876975471832,0.0163850786821995,0.0085));
#14311=CARTESIAN_POINT('',(0.103088197547183,0.00238577868219948,0.0085));
#14312=CARTESIAN_POINT('',(0.110088697547183,0.00238577868219948,0.0085));
#14313=CARTESIAN_POINT('',(0.110088697547183,0.00938542868219948,0.0085));
#14314=CARTESIAN_POINT('',(0.110088697547183,0.0163850786821995,0.0085));
#14315=CARTESIAN_POINT('',(0.103088197547183,0.0163850786821995,0.0085));
#14316=CARTESIAN_POINT('',(0.103232697547183,0.0284354286821995,0.0085));
#14317=CARTESIAN_POINT('',(0.103232697547183,0.0214357786821994,0.0085));
#14318=CARTESIAN_POINT('',(0.103232697547183,0.0354350786821995,0.0085));
#14319=CARTESIAN_POINT('',(0.110232697547183,0.0214357786821995,0.0085));
#14320=CARTESIAN_POINT('',(0.117232697547183,0.0214357786821995,0.0085));
#14321=CARTESIAN_POINT('',(0.117232697547183,0.0284354286821995,0.0085));
#14322=CARTESIAN_POINT('',(0.117232697547183,0.0354350786821995,0.0085));
#14323=CARTESIAN_POINT('',(0.110232697547183,0.0354350786821995,0.0085));
#14324=CARTESIAN_POINT('',(0.0600826975471832,0.0284354286821995,0.0085));
#14325=CARTESIAN_POINT('',(0.0600826975471832,0.0354350786821995,0.0085));
#14326=CARTESIAN_POINT('',(0.0600826975471832,0.0214357786821994,0.0085));
#14327=CARTESIAN_POINT('',(0.0530826975471832,0.0354350786821995,0.0085));
#14328=CARTESIAN_POINT('',(0.0460826975471832,0.0354350786821995,0.0085));
#14329=CARTESIAN_POINT('',(0.0460826975471832,0.0284354286821995,0.0085));
#14330=CARTESIAN_POINT('',(0.0460826975471832,0.0214357786821995,0.0085));
#14331=CARTESIAN_POINT('',(0.0530826975471832,0.0214357786821995,0.0085));
#14332=CARTESIAN_POINT('',(0.0553196975471832,-0.00966472131780052,0.0085));
#14333=CARTESIAN_POINT('',(0.0553196975471832,-0.00266502131780053,0.0085));
#14334=CARTESIAN_POINT('',(0.0553196975471832,-0.0166644213178005,0.0085));
#14335=CARTESIAN_POINT('',(0.0483201975471832,-0.00266502131780053,0.0085));
#14336=CARTESIAN_POINT('',(0.0413206975471832,-0.00266502131780052,0.0085));
#14337=CARTESIAN_POINT('',(0.0413206975471832,-0.00966472131780052,0.0085));
#14338=CARTESIAN_POINT('',(0.0413206975471832,-0.0166644213178005,0.0085));
#14339=CARTESIAN_POINT('',(0.0483201975471832,-0.0166644213178005,0.0085));
#14340=CARTESIAN_POINT('',(0.0934196975471832,-0.0287146513178006,0.0085));
#14341=CARTESIAN_POINT('',(0.0934196975471832,-0.0217149213178005,0.0085));
#14342=CARTESIAN_POINT('',(0.0934196975471832,-0.0357143813178006,0.0085));
#14343=CARTESIAN_POINT('',(0.0864201975471832,-0.0217149213178005,0.0085));
#14344=CARTESIAN_POINT('',(0.0794206975471832,-0.0217149213178005,0.0085));
#14345=CARTESIAN_POINT('',(0.0794206975471832,-0.0287146513178006,0.0085));
#14346=CARTESIAN_POINT('',(0.0794206975471832,-0.0357143813178006,0.0085));
#14347=CARTESIAN_POINT('',(0.0864201975471832,-0.0357143813178006,0.0085));
#14348=CARTESIAN_POINT('',(0.0911826975471832,0.0354350786821995,0.0085));
#14349=CARTESIAN_POINT('',(0.0841826975471832,0.0354350786821995,0.0085));
#14350=CARTESIAN_POINT('',(0.0981826975471832,0.0354350786821995,0.0085));
#14351=CARTESIAN_POINT('',(0.0841826975471832,0.0284354286821995,0.0085));
#14352=CARTESIAN_POINT('',(0.0841826975471832,0.0214357786821994,0.0085));
#14353=CARTESIAN_POINT('',(0.0911826975471832,0.0214357786821995,0.0085));
#14354=CARTESIAN_POINT('',(0.0981826975471832,0.0214357786821994,0.0085));
#14355=CARTESIAN_POINT('',(0.0981826975471832,0.0284354286821995,0.0085));
#14356=CARTESIAN_POINT('',(0.100707697547183,0.0284354286821995,0.0085));
#14357=CARTESIAN_POINT('',(0.101757697547183,0.0284354286821995,0.0085));
#14358=CARTESIAN_POINT('',(0.0626076975471832,0.0284354286821995,0.0085));
#14359=CARTESIAN_POINT('',(0.0636576975471832,0.0284354286821995,0.0085));
#14360=CARTESIAN_POINT('',(0.0721326975471832,0.0214357786821995,0.0085));
#14361=CARTESIAN_POINT('',(0.0791326975471832,0.0214357786821995,0.0085));
#14362=CARTESIAN_POINT('',(0.0651326975471832,0.0214357786821994,0.0085));
#14363=CARTESIAN_POINT('',(0.0791326975471832,0.0284354286821995,0.0085));
#14364=CARTESIAN_POINT('',(0.0791326975471832,0.0354350786821995,0.0085));
#14365=CARTESIAN_POINT('',(0.0721326975471832,0.0354350786821995,0.0085));
#14366=CARTESIAN_POINT('',(0.0651326975471832,0.0354350786821995,0.0085));
#14367=CARTESIAN_POINT('',(0.0651326975471832,0.0284354286821995,0.0085));
#14368=CARTESIAN_POINT('',(0.0578451975471832,-0.00966472131780055,0.0085));
#14369=CARTESIAN_POINT('',(0.0588951975471832,-0.00966472131780055,0.0085));
#14370=CARTESIAN_POINT('',(0.0673701975471832,-0.0166644213178005,0.0085));
#14371=CARTESIAN_POINT('',(0.0743696975471832,-0.0166644213178005,0.0085));
#14372=CARTESIAN_POINT('',(0.0603706975471832,-0.0166644213178005,0.0085));
#14373=CARTESIAN_POINT('',(0.0743696975471832,-0.00966472131780052,0.0085));
#14374=CARTESIAN_POINT('',(0.0743696975471832,-0.00266502131780053,0.0085));
#14375=CARTESIAN_POINT('',(0.0673701975471832,-0.00266502131780053,0.0085));
#14376=CARTESIAN_POINT('',(0.0603706975471832,-0.00266502131780052,0.0085));
#14377=CARTESIAN_POINT('',(0.0603706975471832,-0.00966472131780052,0.0085));
#14378=CARTESIAN_POINT('',(0.0459381975471832,-0.0357143813178006,0.0085));
#14379=CARTESIAN_POINT('',(0.0529386975471832,-0.0357143813178006,0.0085));
#14380=CARTESIAN_POINT('',(0.0389376975471832,-0.0357143813178006,0.0085));
#14381=CARTESIAN_POINT('',(0.0529386975471832,-0.0287146513178006,0.0085));
#14382=CARTESIAN_POINT('',(0.0529386975471832,-0.0217149213178005,0.0085));
#14383=CARTESIAN_POINT('',(0.0459381975471832,-0.0217149213178005,0.0085));
#14384=CARTESIAN_POINT('',(0.0389376975471832,-0.0217149213178005,0.0085));
#14385=CARTESIAN_POINT('',(0.0389376975471832,-0.0287146513178006,0.0085));
#14386=CARTESIAN_POINT('',(0.0959451975471832,-0.0287146513178006,0.0085));
#14387=CARTESIAN_POINT('',(0.0969951975471832,-0.0287146513178006,0.0085));
#14388=CARTESIAN_POINT('',(0.105470197547183,-0.0357143813178006,0.0085));
#14389=CARTESIAN_POINT('',(0.112469697547183,-0.0357143813178006,0.0085));
#14390=CARTESIAN_POINT('',(0.0984706975471832,-0.0357143813178006,0.0085));
#14391=CARTESIAN_POINT('',(0.112469697547183,-0.0287146513178006,0.0085));
#14392=CARTESIAN_POINT('',(0.112469697547183,-0.0217149213178005,0.0085));
#14393=CARTESIAN_POINT('',(0.105470197547183,-0.0217149213178005,0.0085));
#14394=CARTESIAN_POINT('',(0.0984706975471832,-0.0217149213178005,0.0085));
#14395=CARTESIAN_POINT('',(0.0984706975471832,-0.0287146513178006,0.0085));
#14396=CARTESIAN_POINT('',(0.176118984818459,0.00850483584109975,0.0085));
#14397=CARTESIAN_POINT('',(0.176118984818459,0.0170096716821995,0.0085));
#14398=CARTESIAN_POINT('',(0.176118984818459,0.00328260263175559,0.0085));
#14399=CARTESIAN_POINT('',(0.165497648356767,0.0170096716821995,0.0085));
#14400=CARTESIAN_POINT('',(0.154876311895074,0.0170096604044471,0.0085));
#14401=CARTESIAN_POINT('',(0.154908697547184,-0.0062403283178005,0.0085));
#14402=CARTESIAN_POINT('',(0.140332697547183,0.0118732777284834,0.0085));
#14403=CARTESIAN_POINT('',(0.140332697547183,0.012350034412911,0.0085));
#14404=CARTESIAN_POINT('',(0.140332697547183,0.039350034412911,0.0085));
#14405=CARTESIAN_POINT('',(0.138865219080973,0.039350034412911,0.0085));
#14406=CARTESIAN_POINT('',(0.134699292340994,0.039350034412911,0.0085));
#14407=CARTESIAN_POINT('',(0.134699292340994,-0.000140465587088974,0.0085));
#14408=CARTESIAN_POINT('',(0.134699292340994,0.039850034412911,0.0085));
#14409=CARTESIAN_POINT('',(0.136199292340994,0.039850034412911,0.0085));
#14410=CARTESIAN_POINT('',(0.136199292340994,0.041350034412911,0.0085));
#14411=CARTESIAN_POINT('',(0.0126022923409939,0.041350034412911,0.0085));
#14412=CARTESIAN_POINT('',(0.178799292340994,0.041350034412911,0.0085));
#14413=CARTESIAN_POINT('',(0.178799292340994,0.039850034412911,0.0085));
#14414=CARTESIAN_POINT('',(0.180299292340994,0.039850034412911,0.0085));
#14415=CARTESIAN_POINT('',(0.180299292340994,-0.000140465587088967,0.0085));
#14416=CARTESIAN_POINT('',(0.180299292340994,-0.0401309655870889,0.0085));
#14417=CARTESIAN_POINT('',(0.178799292340994,-0.0401309655870889,0.0085));
#14418=CARTESIAN_POINT('',(0.178799292340994,-0.0416309655870889,0.0085));
#14419=CARTESIAN_POINT('',(0.0126022923409939,-0.0416309655870889,0.0085));
#14420=CARTESIAN_POINT('',(0.0371,-0.0416309655870889,0.0085));
#14421=CARTESIAN_POINT('',(0.0371,-0.000140465587088974,0.0085));
#14422=CARTESIAN_POINT('',(0.0371,0.00238577868219948,0.0085));
#14423=CARTESIAN_POINT('',(0.0387951975471832,0.00238577868219948,0.0085));
#14424=CARTESIAN_POINT('',(0.0457946975471832,0.00238577868219948,0.0085));
#14425=CARTESIAN_POINT('',(0.0457946975471832,0.00938542868219948,0.0085));
#14426=CARTESIAN_POINT('',(0.0457946975471832,0.0163850786821995,0.0085));
#14427=CARTESIAN_POINT('',(0.0387951975471832,0.0163850786821995,0.0085));
#14428=CARTESIAN_POINT('',(0.0371,0.0163850786821995,0.0085));
#14429=CARTESIAN_POINT('',(0.0371,-0.000140465587088974,0.0085));
#14430=CARTESIAN_POINT('',(0.0371,0.0214357786821995,0.0085));
#14431=CARTESIAN_POINT('',(0.0340326975471832,0.0214357786821995,0.0085));
#14432=CARTESIAN_POINT('',(0.0410326975471832,0.0214357786821995,0.0085));
#14433=CARTESIAN_POINT('',(0.0410326975471832,0.0284354286821995,0.0085));
#14434=CARTESIAN_POINT('',(0.0410326975471832,0.0354350786821995,0.0085));
#14435=CARTESIAN_POINT('',(0.0340326975471832,0.0354350786821995,0.0085));
#14436=CARTESIAN_POINT('',(0.0371,0.0354350786821995,0.0085));
#14437=CARTESIAN_POINT('',(0.0371,-0.000140465587088974,0.0085));
#14438=CARTESIAN_POINT('',(0.0371,0.041350034412911,0.0085));
#14439=CARTESIAN_POINT('',(0.0126022923409939,0.041350034412911,0.0085));
#14440=CARTESIAN_POINT('',(0.122199292340994,0.041350034412911,0.0085));
#14441=CARTESIAN_POINT('',(0.122199292340994,0.039850034412911,0.0085));
#14442=CARTESIAN_POINT('',(0.123699292340994,0.039850034412911,0.0085));
#14443=CARTESIAN_POINT('',(0.123699292340994,-0.000140465587088974,0.0085));
#14444=CARTESIAN_POINT('',(0.123699292340994,0.039350034412911,0.0085));
#14445=CARTESIAN_POINT('',(0.138865219080973,0.039350034412911,0.0085));
#14446=CARTESIAN_POINT('',(0.118232697547183,0.039350034412911,0.0085));
#14447=CARTESIAN_POINT('',(0.118232697547183,0.012350034412911,0.0085));
#14448=CARTESIAN_POINT('',(0.118232697547183,-0.014649965587089,0.0085));
#14449=CARTESIAN_POINT('',(0.130548516477878,-0.014649965587089,0.0085));
#14450=CARTESIAN_POINT('',(0.1332328930408,-0.014649965587089,0.0085));
#14451=CARTESIAN_POINT('',(0.154908697547184,-0.0062403283178005,0.0085));
#14452=CARTESIAN_POINT('',(0.136089799203012,-0.0198935903863217,0.0085));
#14453=CARTESIAN_POINT('',(0.136089799203012,-0.0229724763640116,0.0085));
#14454=CARTESIAN_POINT('',(0.136089799203012,-0.0359191692860624,0.0085));
#14455=CARTESIAN_POINT('',(0.156104392010736,-0.0359191692860624,0.0085));
#14456=CARTESIAN_POINT('',(0.176118984818459,-0.0359191692860624,0.0085));
#14457=CARTESIAN_POINT('',(0.176118984818459,-0.0229724763640116,0.0085));
#14458=CARTESIAN_POINT('',(0.176118984818459,-0.0157632592673566,0.0085));
#14459=CARTESIAN_POINT('',(0.154908697547184,-0.0062403283178005,0.0085));
#14460=CARTESIAN_POINT('',(0.178130239270334,-0.00739032831780053,0.0085));
#14461=CARTESIAN_POINT('',(0.0126022923409939,-0.00739032831780052,0.0085));
#14462=CARTESIAN_POINT('',(0.176778482639863,-0.00739032831780052,0.0085));
#14463=CARTESIAN_POINT('',(0.154908697547184,-0.00624032831780052,0.0085));
#14464=CARTESIAN_POINT('',(0.176778482639863,-0.00509032831780052,0.0085));
#14465=CARTESIAN_POINT('',(0.0126022923409939,-0.00509032831780052,0.0085));
#14466=CARTESIAN_POINT('',(0.178130239270334,-0.00509032831780052,0.0085));
#14467=CARTESIAN_POINT('',(0.154908697547184,-0.0062403283178005,0.0085));
#14468=CARTESIAN_POINT('',(0.154908697547184,-0.00624032831780052,0.0181));
#14469=CARTESIAN_POINT('',(0.154908697547184,-0.00624032831780052,0.0181));
#14470=CARTESIAN_POINT('',(0.176808697547184,-0.00624032831780052,0.0181));
#14471=CARTESIAN_POINT('',(0.176778482639863,-0.00739032831780052,-0.0103));
#14472=CARTESIAN_POINT('',(0.176778482639863,-0.00739032831780052,0.0147));
#14473=CARTESIAN_POINT('',(0.154908697547184,-0.00624032831780052,0.0147));
#14474=CARTESIAN_POINT('',(0.176778482639863,-0.00509032831780052,0.0147));
#14475=CARTESIAN_POINT('',(0.176778482639863,-0.00509032831780052,-0.0103));
#14476=CARTESIAN_POINT('',(0.0126022923409939,-0.000140465587088974,0.0181));
#14477=CARTESIAN_POINT('',(0.138808297547183,0.0379594786821995,0.0181));
#14478=CARTESIAN_POINT('',(0.138155764767107,0.039850034412911,0.0181));
#14479=CARTESIAN_POINT('',(0.136808297547183,0.0379594786821995,0.0181));
#14480=CARTESIAN_POINT('',(0.0126022923409939,0.039850034412911,0.0181));
#14481=CARTESIAN_POINT('',(0.120409630327259,0.039850034412911,0.0181));
#14482=CARTESIAN_POINT('',(0.119757097547183,0.0379594786821995,0.0181));
#14483=CARTESIAN_POINT('',(0.121757097547183,0.0379594786821995,0.0181));
#14484=CARTESIAN_POINT('',(0.121757097547183,-0.00113862131780052,0.0181));
#14485=CARTESIAN_POINT('',(0.121757097547183,-0.00013862131780052,0.0181));
#14486=CARTESIAN_POINT('',(0.119757097547183,-0.00013862131780052,0.0181));
#14487=CARTESIAN_POINT('',(0.119757097547183,-0.00213862131780052,0.0181));
#14488=CARTESIAN_POINT('',(0.111228647547183,-0.00213862131780052,0.0181));
#14489=CARTESIAN_POINT('',(0.112228647547183,-0.00213862131780052,0.0181));
#14490=CARTESIAN_POINT('',(0.112228647547183,-0.0181905213178005,0.0181));
#14491=CARTESIAN_POINT('',(0.112228647547183,-0.0171905213178005,0.0181));
#14492=CARTESIAN_POINT('',(0.135044097547183,-0.0171905213178005,0.0181));
#14493=CARTESIAN_POINT('',(0.134044097547183,-0.0171905213178005,0.0181));
#14494=CARTESIAN_POINT('',(0.134044097547183,-0.0191905213178005,0.0181));
#14495=CARTESIAN_POINT('',(0.136044097547183,-0.0191905213178005,0.0181));
#14496=CARTESIAN_POINT('',(0.136044097547183,-0.0392403283178005,0.0181));
#14497=CARTESIAN_POINT('',(0.136044097547183,-0.0382403283178005,0.0181));
#14498=CARTESIAN_POINT('',(0.134044097547183,-0.0382403283178005,0.0181));
#14499=CARTESIAN_POINT('',(0.134696394041101,-0.0401309655870889,0.0181));
#14500=CARTESIAN_POINT('',(0.180299292340994,-0.0401309655870889,0.0181));
#14501=CARTESIAN_POINT('',(0.178799292340994,-0.0401309655870889,0.0181));
#14502=CARTESIAN_POINT('',(0.178799292340994,-0.000140465587088974,0.0181));
#14503=CARTESIAN_POINT('',(0.178799292340994,0.0182589590889805,0.0181));
#14504=CARTESIAN_POINT('',(0.176908697547183,0.0189113786821995,0.0181));
#14505=CARTESIAN_POINT('',(0.176908697547183,0.0169113786821995,0.0181));
#14506=CARTESIAN_POINT('',(0.0126022923409939,0.0169113786821995,0.0181));
#14507=CARTESIAN_POINT('',(0.138808297547183,0.0169113786821995,0.0181));
#14508=CARTESIAN_POINT('',(0.138808297547183,0.0189113786821995,0.0181));
#14509=CARTESIAN_POINT('',(0.136808297547183,0.0189113786821995,0.0181));
#14510=CARTESIAN_POINT('',(0.136808297547183,-0.000140465587088974,0.0181));
#14511=CARTESIAN_POINT('',(0.134699292340994,0.031350034412911,0.0096));
#14512=CARTESIAN_POINT('',(0.134699292340994,0.039350034412911,0.0096));
#14513=CARTESIAN_POINT('',(0.134699292340994,0.039350034412911,0.0116));
#14514=CARTESIAN_POINT('',(0.134699292340994,0.031350034412911,0.0116));
#14515=CARTESIAN_POINT('',(0.134699292340994,0.039850034412911,0.0116));
#14516=CARTESIAN_POINT('',(0.134699292340994,0.039850034412911,0.0085));
#14517=CARTESIAN_POINT('',(0.129199292340994,0.031350034412911,0.0131));
#14518=CARTESIAN_POINT('',(0.129199292340994,0.039350034412911,0.0131));
#14519=CARTESIAN_POINT('',(0.133199292340994,0.039350034412911,0.0131));
#14520=CARTESIAN_POINT('',(0.125199292340994,0.039350034412911,0.0131));
#14521=CARTESIAN_POINT('',(0.125199292340994,0.041350034412911,0.0131));
#14522=CARTESIAN_POINT('',(0.125199292340994,0.039850034412911,0.0131));
#14523=CARTESIAN_POINT('',(0.129199292340994,0.039850034412911,0.0131));
#14524=CARTESIAN_POINT('',(0.133199292340994,0.039850034412911,0.0131));
#14525=CARTESIAN_POINT('',(0.133199292340994,0.031350034412911,0.0131));
#14526=CARTESIAN_POINT('',(0.0126022923409939,-0.000140465587088967,0.0105));
#14527=CARTESIAN_POINT('',(0.123699292340994,0.031350034412911,0.0105));
#14528=CARTESIAN_POINT('',(0.123699292340994,-0.014649965587089,0.0105));
#14529=CARTESIAN_POINT('',(0.123699292340994,0.039350034412911,0.0105));
#14530=CARTESIAN_POINT('',(0.130548516477878,-0.014649965587089,0.0105));
#14531=CARTESIAN_POINT('',(0.118232697547183,-0.014649965587089,0.0105));
#14532=CARTESIAN_POINT('',(0.118232697547183,0.012350034412911,0.0105));
#14533=CARTESIAN_POINT('',(0.118232697547183,0.039350034412911,0.0105));
#14534=CARTESIAN_POINT('',(0.138865219080973,0.039350034412911,0.0105));
#14535=CARTESIAN_POINT('',(0.123699292340994,0.031350034412911,0.0096));
#14536=CARTESIAN_POINT('',(0.123699292340994,0.039350034412911,0.0116));
#14537=CARTESIAN_POINT('',(0.123699292340994,0.039850034412911,0.0116));
#14538=CARTESIAN_POINT('',(0.123699292340994,0.039350034412911,0.0116));
#14539=CARTESIAN_POINT('',(0.123699292340994,0.039350034412911,0.0145));
#14540=CARTESIAN_POINT('',(0.123699292340994,0.039350034412911,0.0145));
#14541=CARTESIAN_POINT('',(0.123699292340994,0.012350034412911,0.0145));
#14542=CARTESIAN_POINT('',(0.123699292340994,-0.014649965587089,0.0145));
#14543=CARTESIAN_POINT('',(0.123699292340994,-0.014649965587089,0.0145));
#14544=CARTESIAN_POINT('',(0.123699292340994,0.039350034412911,0.0096));
#14545=CARTESIAN_POINT('',(0.123699292340994,0.039850034412911,0.0096));
#14546=CARTESIAN_POINT('',(0.0126022923409939,-0.000140465587088974,0.0115));
#14547=CARTESIAN_POINT('',(0.155332697547183,0.0284354286821995,0.0115));
#14548=CARTESIAN_POINT('',(0.155332697547183,0.0354350786821995,0.0115));
#14549=CARTESIAN_POINT('',(0.155332697547183,0.0214357786821994,0.0115));
#14550=CARTESIAN_POINT('',(0.148332697547183,0.0214357786821995,0.0115));
#14551=CARTESIAN_POINT('',(0.141332697547183,0.0214357786821995,0.0115));
#14552=CARTESIAN_POINT('',(0.141332697547183,0.0284354286821995,0.0115));
#14553=CARTESIAN_POINT('',(0.141332697547183,0.0354350786821995,0.0115));
#14554=CARTESIAN_POINT('',(0.148332697547183,0.0354350786821995,0.0115));
#14555=CARTESIAN_POINT('',(0.157857697547183,0.0284354286821994,0.0115));
#14556=CARTESIAN_POINT('',(0.158907697547183,0.0284354286821994,0.0115));
#14557=CARTESIAN_POINT('',(0.167382697547184,0.0214357786821995,0.0115));
#14558=CARTESIAN_POINT('',(0.174382697547183,0.0214357786821995,0.0115));
#14559=CARTESIAN_POINT('',(0.160382697547183,0.0214357786821994,0.0115));
#14560=CARTESIAN_POINT('',(0.160382697547183,0.0284354286821995,0.0115));
#14561=CARTESIAN_POINT('',(0.160382697547184,0.0354350786821995,0.0115));
#14562=CARTESIAN_POINT('',(0.167382697547184,0.0354350786821995,0.0115));
#14563=CARTESIAN_POINT('',(0.174382697547183,0.0354350786821995,0.0115));
#14564=CARTESIAN_POINT('',(0.174382697547183,0.0284354286821995,0.0115));
#14565=CARTESIAN_POINT('',(0.137808297547183,0.0384594786821995,0.0115));
#14566=CARTESIAN_POINT('',(0.137808297547183,0.0189113786821995,0.0115));
#14567=CARTESIAN_POINT('',(0.137808297547183,0.0379594786821995,0.0115));
#14568=CARTESIAN_POINT('',(0.138808297547183,0.0189113786821995,0.0115));
#14569=CARTESIAN_POINT('',(0.138808297547183,0.0179113786821994,0.0115));
#14570=CARTESIAN_POINT('',(0.157358497547183,0.0179113786821995,0.0115));
#14571=CARTESIAN_POINT('',(0.176908697547183,0.0179113786821995,0.0115));
#14572=CARTESIAN_POINT('',(0.176908697547183,0.0189113786821995,0.0115));
#14573=CARTESIAN_POINT('',(0.177908697547183,0.0189113786821995,0.0115));
#14574=CARTESIAN_POINT('',(0.177908697547183,-0.000140465587088974,0.0115));
#14575=CARTESIAN_POINT('',(0.177908697547183,0.0379594786821995,0.0115));
#14576=CARTESIAN_POINT('',(0.176908697547183,0.0379594786821995,0.0115));
#14577=CARTESIAN_POINT('',(0.176908697547183,0.0389594786821995,0.0115));
#14578=CARTESIAN_POINT('',(0.0126022923409939,0.0389594786821995,0.0115));
#14579=CARTESIAN_POINT('',(0.138808297547183,0.0389594786821995,0.0115));
#14580=CARTESIAN_POINT('',(0.138808297547183,0.0379594786821995,0.0115));
#14581=CARTESIAN_POINT('',(0.0126022923409939,-0.000140465587088974,0.0115));
#14582=CARTESIAN_POINT('',(0.0371,-0.000140465587088974,0.0115));
#14583=CARTESIAN_POINT('',(0.0371,-0.0392403283178005,0.0115));
#14584=CARTESIAN_POINT('',(0.0371,0.00238577868219948,0.0115));
#14585=CARTESIAN_POINT('',(0.0126022923409939,-0.0392403283178005,0.0115));
#14586=CARTESIAN_POINT('',(0.134044097547183,-0.0392403283178005,0.0115));
#14587=CARTESIAN_POINT('',(0.134044097547183,-0.0382403283178005,0.0115));
#14588=CARTESIAN_POINT('',(0.135044097547183,-0.0382403283178005,0.0115));
#14589=CARTESIAN_POINT('',(0.135044097547183,-0.0282154248178005,0.0115));
#14590=CARTESIAN_POINT('',(0.135044097547183,-0.0191905213178005,0.0115));
#14591=CARTESIAN_POINT('',(0.134044097547183,-0.0191905213178005,0.0115));
#14592=CARTESIAN_POINT('',(0.134044097547183,-0.0181905213178005,0.0115));
#14593=CARTESIAN_POINT('',(0.123136372547183,-0.0181905213178005,0.0115));
#14594=CARTESIAN_POINT('',(0.112228647547183,-0.0181905213178005,0.0115));
#14595=CARTESIAN_POINT('',(0.112228647547183,-0.0171905213178005,0.0115));
#14596=CARTESIAN_POINT('',(0.111228647547183,-0.0171905213178005,0.0115));
#14597=CARTESIAN_POINT('',(0.111228647547183,-0.00966457131780052,0.0115));
#14598=CARTESIAN_POINT('',(0.111228647547183,-0.00213862131780052,0.0115));
#14599=CARTESIAN_POINT('',(0.112228647547183,-0.00213862131780052,0.0115));
#14600=CARTESIAN_POINT('',(0.112228647547183,-0.00113862131780052,0.0115));
#14601=CARTESIAN_POINT('',(0.112420872547183,-0.00113862131780052,0.0115));
#14602=CARTESIAN_POINT('',(0.119757097547183,-0.00113862131780052,0.0115));
#14603=CARTESIAN_POINT('',(0.119757097547183,-0.00013862131780052,0.0115));
#14604=CARTESIAN_POINT('',(0.120757097547183,-0.00013862131780052,0.0115));
#14605=CARTESIAN_POINT('',(0.120757097547183,0.0384594786821995,0.0115));
#14606=CARTESIAN_POINT('',(0.120757097547183,0.0379594786821995,0.0115));
#14607=CARTESIAN_POINT('',(0.119757097547183,0.0379594786821995,0.0115));
#14608=CARTESIAN_POINT('',(0.119757097547183,0.0389594786821995,0.0115));
#14609=CARTESIAN_POINT('',(0.0126022923409939,0.0389594786821995,0.0115));
#14610=CARTESIAN_POINT('',(0.0371,0.0389594786821995,0.0115));
#14611=CARTESIAN_POINT('',(0.0371,-0.000140465587088974,0.0115));
#14612=CARTESIAN_POINT('',(0.0371,0.0354350786821995,0.0115));
#14613=CARTESIAN_POINT('',(0.0340326975471832,0.0354350786821995,0.0115));
#14614=CARTESIAN_POINT('',(0.0410326975471832,0.0354350786821995,0.0115));
#14615=CARTESIAN_POINT('',(0.0410326975471832,0.0284354286821995,0.0115));
#14616=CARTESIAN_POINT('',(0.0410326975471832,0.0214357786821995,0.0115));
#14617=CARTESIAN_POINT('',(0.0340326975471832,0.0214357786821995,0.0115));
#14618=CARTESIAN_POINT('',(0.0371,0.0214357786821995,0.0115));
#14619=CARTESIAN_POINT('',(0.0371,-0.000140465587088974,0.0115));
#14620=CARTESIAN_POINT('',(0.0371,0.0163850786821995,0.0115));
#14621=CARTESIAN_POINT('',(0.0387951975471832,0.0163850786821995,0.0115));
#14622=CARTESIAN_POINT('',(0.0457946975471832,0.0163850786821995,0.0115));
#14623=CARTESIAN_POINT('',(0.0457946975471832,0.00938542868219948,0.0115));
#14624=CARTESIAN_POINT('',(0.0457946975471832,0.00238577868219948,0.0115));
#14625=CARTESIAN_POINT('',(0.0387951975471832,0.00238577868219948,0.0115));
#14626=CARTESIAN_POINT('',(0.0603706975471832,-0.0287146513178006,0.0115));
#14627=CARTESIAN_POINT('',(0.0603706975471832,-0.0357143813178006,0.0115));
#14628=CARTESIAN_POINT('',(0.0603706975471832,-0.0217149213178005,0.0115));
#14629=CARTESIAN_POINT('',(0.0673701975471832,-0.0217149213178005,0.0115));
#14630=CARTESIAN_POINT('',(0.0743696975471832,-0.0217149213178005,0.0115));
#14631=CARTESIAN_POINT('',(0.0743696975471832,-0.0287146513178006,0.0115));
#14632=CARTESIAN_POINT('',(0.0743696975471832,-0.0357143813178006,0.0115));
#14633=CARTESIAN_POINT('',(0.0673701975471832,-0.0357143813178006,0.0115));
#14634=CARTESIAN_POINT('',(0.117520697547183,-0.0287146513178006,0.0115));
#14635=CARTESIAN_POINT('',(0.117520697547183,-0.0357143813178006,0.0115));
#14636=CARTESIAN_POINT('',(0.117520697547183,-0.0217149213178005,0.0115));
#14637=CARTESIAN_POINT('',(0.124520197547183,-0.0217149213178005,0.0115));
#14638=CARTESIAN_POINT('',(0.131519697547183,-0.0217149213178005,0.0115));
#14639=CARTESIAN_POINT('',(0.131519697547183,-0.0287146513178006,0.0115));
#14640=CARTESIAN_POINT('',(0.131519697547183,-0.0357143813178006,0.0115));
#14641=CARTESIAN_POINT('',(0.124520197547183,-0.0357143813178006,0.0115));
#14642=CARTESIAN_POINT('',(0.0865626975471832,-0.00966472131780052,0.0115));
#14643=CARTESIAN_POINT('',(0.0865626975471832,-0.0166644213178005,0.0115));
#14644=CARTESIAN_POINT('',(0.0865626975471832,-0.00266502131780052,0.0115));
#14645=CARTESIAN_POINT('',(0.0935621975471832,-0.00266502131780053,0.0115));
#14646=CARTESIAN_POINT('',(0.100561697547183,-0.00266502131780053,0.0115));
#14647=CARTESIAN_POINT('',(0.100561697547183,-0.00966472131780052,0.0115));
#14648=CARTESIAN_POINT('',(0.100561697547183,-0.0166644213178005,0.0115));
#14649=CARTESIAN_POINT('',(0.0935621975471832,-0.0166644213178005,0.0115));
#14650=CARTESIAN_POINT('',(0.0508456975471832,0.00938542868219948,0.0115));
#14651=CARTESIAN_POINT('',(0.0508456975471832,0.00238577868219948,0.0115));
#14652=CARTESIAN_POINT('',(0.0508456975471832,0.0163850786821995,0.0115));
#14653=CARTESIAN_POINT('',(0.0578451975471832,0.0163850786821995,0.0115));
#14654=CARTESIAN_POINT('',(0.0648446975471832,0.0163850786821995,0.0115));
#14655=CARTESIAN_POINT('',(0.0648446975471832,0.00938542868219948,0.0115));
#14656=CARTESIAN_POINT('',(0.0648446975471832,0.00238577868219948,0.0115));
#14657=CARTESIAN_POINT('',(0.0578451975471832,0.00238577868219948,0.0115));
#14658=CARTESIAN_POINT('',(0.0698956975471832,0.00938542868219948,0.0115));
#14659=CARTESIAN_POINT('',(0.0698956975471832,0.00238577868219948,0.0115));
#14660=CARTESIAN_POINT('',(0.0698956975471832,0.0163850786821995,0.0115));
#14661=CARTESIAN_POINT('',(0.0768951975471832,0.0163850786821995,0.0115));
#14662=CARTESIAN_POINT('',(0.0838946975471832,0.0163850786821995,0.0115));
#14663=CARTESIAN_POINT('',(0.0838946975471832,0.00938542868219948,0.0115));
#14664=CARTESIAN_POINT('',(0.0838946975471832,0.00238577868219948,0.0115));
#14665=CARTESIAN_POINT('',(0.0768951975471832,0.00238577868219948,0.0115));
#14666=CARTESIAN_POINT('',(0.0960876975471832,0.00938542868219948,0.0115));
#14667=CARTESIAN_POINT('',(0.0960876975471832,0.00238577868219948,0.0115));
#14668=CARTESIAN_POINT('',(0.0960876975471832,0.0163850786821995,0.0115));
#14669=CARTESIAN_POINT('',(0.103088197547183,0.0163850786821995,0.0115));
#14670=CARTESIAN_POINT('',(0.110088697547183,0.0163850786821995,0.0115));
#14671=CARTESIAN_POINT('',(0.110088697547183,0.00938542868219948,0.0115));
#14672=CARTESIAN_POINT('',(0.110088697547183,0.00238577868219948,0.0115));
#14673=CARTESIAN_POINT('',(0.103088197547183,0.00238577868219948,0.0115));
#14674=CARTESIAN_POINT('',(0.103232697547183,0.0284354286821995,0.0115));
#14675=CARTESIAN_POINT('',(0.103232697547183,0.0214357786821994,0.0115));
#14676=CARTESIAN_POINT('',(0.103232697547183,0.0354350786821995,0.0115));
#14677=CARTESIAN_POINT('',(0.110232697547183,0.0354350786821995,0.0115));
#14678=CARTESIAN_POINT('',(0.117232697547183,0.0354350786821995,0.0115));
#14679=CARTESIAN_POINT('',(0.117232697547183,0.0284354286821995,0.0115));
#14680=CARTESIAN_POINT('',(0.117232697547183,0.0214357786821995,0.0115));
#14681=CARTESIAN_POINT('',(0.110232697547183,0.0214357786821995,0.0115));
#14682=CARTESIAN_POINT('',(0.0600826975471832,0.0284354286821995,0.0115));
#14683=CARTESIAN_POINT('',(0.0600826975471832,0.0354350786821995,0.0115));
#14684=CARTESIAN_POINT('',(0.0600826975471832,0.0214357786821994,0.0115));
#14685=CARTESIAN_POINT('',(0.0530826975471832,0.0214357786821995,0.0115));
#14686=CARTESIAN_POINT('',(0.0460826975471832,0.0214357786821995,0.0115));
#14687=CARTESIAN_POINT('',(0.0460826975471832,0.0284354286821995,0.0115));
#14688=CARTESIAN_POINT('',(0.0460826975471832,0.0354350786821995,0.0115));
#14689=CARTESIAN_POINT('',(0.0530826975471832,0.0354350786821995,0.0115));
#14690=CARTESIAN_POINT('',(0.0553196975471832,-0.00966472131780052,0.0115));
#14691=CARTESIAN_POINT('',(0.0553196975471832,-0.00266502131780053,0.0115));
#14692=CARTESIAN_POINT('',(0.0553196975471832,-0.0166644213178005,0.0115));
#14693=CARTESIAN_POINT('',(0.0483201975471832,-0.0166644213178005,0.0115));
#14694=CARTESIAN_POINT('',(0.0413206975471832,-0.0166644213178005,0.0115));
#14695=CARTESIAN_POINT('',(0.0413206975471832,-0.00966472131780052,0.0115));
#14696=CARTESIAN_POINT('',(0.0413206975471832,-0.00266502131780052,0.0115));
#14697=CARTESIAN_POINT('',(0.0483201975471832,-0.00266502131780053,0.0115));
#14698=CARTESIAN_POINT('',(0.0934196975471832,-0.0287146513178006,0.0115));
#14699=CARTESIAN_POINT('',(0.0934196975471832,-0.0217149213178005,0.0115));
#14700=CARTESIAN_POINT('',(0.0934196975471832,-0.0357143813178006,0.0115));
#14701=CARTESIAN_POINT('',(0.0864201975471832,-0.0357143813178006,0.0115));
#14702=CARTESIAN_POINT('',(0.0794206975471832,-0.0357143813178006,0.0115));
#14703=CARTESIAN_POINT('',(0.0794206975471832,-0.0287146513178006,0.0115));
#14704=CARTESIAN_POINT('',(0.0794206975471832,-0.0217149213178005,0.0115));
#14705=CARTESIAN_POINT('',(0.0864201975471832,-0.0217149213178005,0.0115));
#14706=CARTESIAN_POINT('',(0.0911826975471832,0.0354350786821995,0.0115));
#14707=CARTESIAN_POINT('',(0.0841826975471832,0.0354350786821995,0.0115));
#14708=CARTESIAN_POINT('',(0.0981826975471832,0.0354350786821995,0.0115));
#14709=CARTESIAN_POINT('',(0.0981826975471832,0.0284354286821995,0.0115));
#14710=CARTESIAN_POINT('',(0.0981826975471832,0.0214357786821994,0.0115));
#14711=CARTESIAN_POINT('',(0.0911826975471832,0.0214357786821995,0.0115));
#14712=CARTESIAN_POINT('',(0.0841826975471832,0.0214357786821994,0.0115));
#14713=CARTESIAN_POINT('',(0.0841826975471832,0.0284354286821995,0.0115));
#14714=CARTESIAN_POINT('',(0.100707697547183,0.0284354286821995,0.0115));
#14715=CARTESIAN_POINT('',(0.101757697547183,0.0284354286821995,0.0115));
#14716=CARTESIAN_POINT('',(0.0626076975471832,0.0284354286821995,0.0115));
#14717=CARTESIAN_POINT('',(0.0636576975471832,0.0284354286821995,0.0115));
#14718=CARTESIAN_POINT('',(0.0721326975471832,0.0214357786821995,0.0115));
#14719=CARTESIAN_POINT('',(0.0791326975471832,0.0214357786821995,0.0115));
#14720=CARTESIAN_POINT('',(0.0651326975471832,0.0214357786821994,0.0115));
#14721=CARTESIAN_POINT('',(0.0651326975471832,0.0284354286821995,0.0115));
#14722=CARTESIAN_POINT('',(0.0651326975471832,0.0354350786821995,0.0115));
#14723=CARTESIAN_POINT('',(0.0721326975471832,0.0354350786821995,0.0115));
#14724=CARTESIAN_POINT('',(0.0791326975471832,0.0354350786821995,0.0115));
#14725=CARTESIAN_POINT('',(0.0791326975471832,0.0284354286821995,0.0115));
#14726=CARTESIAN_POINT('',(0.0578451975471832,-0.00966472131780055,0.0115));
#14727=CARTESIAN_POINT('',(0.0588951975471832,-0.00966472131780055,0.0115));
#14728=CARTESIAN_POINT('',(0.0673701975471832,-0.0166644213178005,0.0115));
#14729=CARTESIAN_POINT('',(0.0743696975471832,-0.0166644213178005,0.0115));
#14730=CARTESIAN_POINT('',(0.0603706975471832,-0.0166644213178005,0.0115));
#14731=CARTESIAN_POINT('',(0.0603706975471832,-0.00966472131780052,0.0115));
#14732=CARTESIAN_POINT('',(0.0603706975471832,-0.00266502131780052,0.0115));
#14733=CARTESIAN_POINT('',(0.0673701975471832,-0.00266502131780053,0.0115));
#14734=CARTESIAN_POINT('',(0.0743696975471832,-0.00266502131780053,0.0115));
#14735=CARTESIAN_POINT('',(0.0743696975471832,-0.00966472131780052,0.0115));
#14736=CARTESIAN_POINT('',(0.0459381975471832,-0.0357143813178006,0.0115));
#14737=CARTESIAN_POINT('',(0.0529386975471832,-0.0357143813178006,0.0115));
#14738=CARTESIAN_POINT('',(0.0389376975471832,-0.0357143813178006,0.0115));
#14739=CARTESIAN_POINT('',(0.0389376975471832,-0.0287146513178006,0.0115));
#14740=CARTESIAN_POINT('',(0.0389376975471832,-0.0217149213178005,0.0115));
#14741=CARTESIAN_POINT('',(0.0459381975471832,-0.0217149213178005,0.0115));
#14742=CARTESIAN_POINT('',(0.0529386975471832,-0.0217149213178005,0.0115));
#14743=CARTESIAN_POINT('',(0.0529386975471832,-0.0287146513178006,0.0115));
#14744=CARTESIAN_POINT('',(0.0959451975471832,-0.0287146513178006,0.0115));
#14745=CARTESIAN_POINT('',(0.0969951975471832,-0.0287146513178006,0.0115));
#14746=CARTESIAN_POINT('',(0.105470197547183,-0.0357143813178006,0.0115));
#14747=CARTESIAN_POINT('',(0.112469697547183,-0.0357143813178006,0.0115));
#14748=CARTESIAN_POINT('',(0.0984706975471832,-0.0357143813178006,0.0115));
#14749=CARTESIAN_POINT('',(0.0984706975471832,-0.0287146513178006,0.0115));
#14750=CARTESIAN_POINT('',(0.0984706975471832,-0.0217149213178005,0.0115));
#14751=CARTESIAN_POINT('',(0.105470197547183,-0.0217149213178005,0.0115));
#14752=CARTESIAN_POINT('',(0.112469697547183,-0.0217149213178005,0.0115));
#14753=CARTESIAN_POINT('',(0.112469697547183,-0.0287146513178006,0.0115));
#14754=CARTESIAN_POINT('',(0.0126022923409939,-0.0416309655870889,0.0115));
#14755=CARTESIAN_POINT('',(-0.155094707659006,-0.0416309655870889,0.0166));
#14756=CARTESIAN_POINT('',(0.178799292340994,-0.0416309655870889,0.0166));
#14757=CARTESIAN_POINT('',(0.0371,-0.0416309655870889,0.0166));
#14758=CARTESIAN_POINT('',(0.0371,-0.0416309655870889,0.0115));
#14759=CARTESIAN_POINT('',(0.178799292340994,-0.0416309655870889,0.0181));
#14760=CARTESIAN_POINT('',(0.180299292340994,-0.000140465587088967,0.0115));
#14761=CARTESIAN_POINT('',(0.180299292340994,-0.000140465587088967,0.0166));
#14762=CARTESIAN_POINT('',(0.180299292340994,0.039850034412911,0.0166));
#14763=CARTESIAN_POINT('',(0.180299292340994,-0.0401309655870889,0.0166));
#14764=CARTESIAN_POINT('',(0.180299292340994,-0.0401309655870889,0.0085));
#14765=CARTESIAN_POINT('',(0.180299292340994,0.039850034412911,0.0115));
#14766=CARTESIAN_POINT('',(0.0126022923409939,0.041350034412911,0.0115));
#14767=CARTESIAN_POINT('',(0.0371,0.041350034412911,0.0115));
#14768=CARTESIAN_POINT('',(0.0371,0.041350034412911,0.0166));
#14769=CARTESIAN_POINT('',(0.0126022923409939,0.041350034412911,0.0166));
#14770=CARTESIAN_POINT('',(0.178799292340994,0.041350034412911,0.0166));
#14771=CARTESIAN_POINT('',(0.178799292340994,0.041350034412911,0.0115));
#14772=CARTESIAN_POINT('',(0.136199292340994,0.041350034412911,0.0131));
#14773=CARTESIAN_POINT('',(0.136199292340994,0.041350034412911,0.0116));
#14774=CARTESIAN_POINT('',(0.133199292340994,0.041350034412911,0.0116));
#14775=CARTESIAN_POINT('',(0.133199292340994,0.041350034412911,0.0146));
#14776=CARTESIAN_POINT('',(0.0126022923409939,0.041350034412911,0.0146));
#14777=CARTESIAN_POINT('',(0.125199292340994,0.041350034412911,0.0146));
#14778=CARTESIAN_POINT('',(0.125199292340994,0.041350034412911,0.0116));
#14779=CARTESIAN_POINT('',(0.122199292340994,0.041350034412911,0.0116));
#14780=CARTESIAN_POINT('',(0.122199292340994,0.041350034412911,0.0115));
#14781=CARTESIAN_POINT('',(0.155332697547183,0.0284354286821995,0.0115));
#14782=CARTESIAN_POINT('',(0.155332697547183,0.0214357786821994,0.0115));
#14783=CARTESIAN_POINT('',(0.155332697547183,0.0354350786821995,0.0115));
#14784=CARTESIAN_POINT('',(0.148332697547183,0.0214357786821995,0.0115));
#14785=CARTESIAN_POINT('',(0.141332697547183,0.0214357786821995,0.0115));
#14786=CARTESIAN_POINT('',(0.141332697547183,0.0284354286821995,0.0115));
#14787=CARTESIAN_POINT('',(0.141332697547183,0.0354350786821995,0.0115));
#14788=CARTESIAN_POINT('',(0.167382697547184,0.0214357786821995,0.0115));
#14789=CARTESIAN_POINT('',(0.160382697547183,0.0214357786821994,0.0115));
#14790=CARTESIAN_POINT('',(0.174382697547183,0.0214357786821995,0.0115));
#14791=CARTESIAN_POINT('',(0.160382697547183,0.0284354286821995,0.0115));
#14792=CARTESIAN_POINT('',(0.160382697547184,0.0354350786821995,0.0115));
#14793=CARTESIAN_POINT('',(0.167382697547184,0.0354350786821995,0.0115));
#14794=CARTESIAN_POINT('',(0.174382697547183,0.0354350786821995,0.0115));
#14795=CARTESIAN_POINT('',(0.0603706975471832,-0.0287146513178006,0.0115));
#14796=CARTESIAN_POINT('',(0.0603706975471832,-0.0217149213178005,0.0115));
#14797=CARTESIAN_POINT('',(0.0603706975471832,-0.0357143813178006,0.0115));
#14798=CARTESIAN_POINT('',(0.0673701975471832,-0.0217149213178005,0.0115));
#14799=CARTESIAN_POINT('',(0.0743696975471832,-0.0217149213178005,0.0115));
#14800=CARTESIAN_POINT('',(0.0743696975471832,-0.0287146513178006,0.0115));
#14801=CARTESIAN_POINT('',(0.0743696975471832,-0.0357143813178006,0.0115));
#14802=CARTESIAN_POINT('',(0.117520697547183,-0.0287146513178006,0.0115));
#14803=CARTESIAN_POINT('',(0.117520697547183,-0.0217149213178005,0.0115));
#14804=CARTESIAN_POINT('',(0.117520697547183,-0.0357143813178006,0.0115));
#14805=CARTESIAN_POINT('',(0.124520197547183,-0.0217149213178005,0.0115));
#14806=CARTESIAN_POINT('',(0.131519697547183,-0.0217149213178005,0.0115));
#14807=CARTESIAN_POINT('',(0.131519697547183,-0.0287146513178006,0.0115));
#14808=CARTESIAN_POINT('',(0.131519697547183,-0.0357143813178006,0.0115));
#14809=CARTESIAN_POINT('',(0.0865626975471832,-0.00966472131780052,0.0115));
#14810=CARTESIAN_POINT('',(0.0865626975471832,-0.00266502131780052,0.0115));
#14811=CARTESIAN_POINT('',(0.0865626975471832,-0.0166644213178005,0.0115));
#14812=CARTESIAN_POINT('',(0.0935621975471832,-0.00266502131780053,0.0115));
#14813=CARTESIAN_POINT('',(0.100561697547183,-0.00266502131780053,0.0115));
#14814=CARTESIAN_POINT('',(0.100561697547183,-0.00966472131780052,0.0115));
#14815=CARTESIAN_POINT('',(0.100561697547183,-0.0166644213178005,0.0115));
#14816=CARTESIAN_POINT('',(0.0387951975471832,0.0163850786821995,0.0115));
#14817=CARTESIAN_POINT('',(0.0371,0.0163850786821995,0.0115));
#14818=CARTESIAN_POINT('',(0.0457946975471832,0.0163850786821995,0.0115));
#14819=CARTESIAN_POINT('',(0.0457946975471832,0.00938542868219948,0.0115));
#14820=CARTESIAN_POINT('',(0.0457946975471832,0.00238577868219948,0.0115));
#14821=CARTESIAN_POINT('',(0.0508456975471832,0.00938542868219948,0.0115));
#14822=CARTESIAN_POINT('',(0.0508456975471832,0.0163850786821995,0.0115));
#14823=CARTESIAN_POINT('',(0.0508456975471832,0.00238577868219948,0.0115));
#14824=CARTESIAN_POINT('',(0.0578451975471832,0.0163850786821995,0.0115));
#14825=CARTESIAN_POINT('',(0.0648446975471832,0.0163850786821995,0.0115));
#14826=CARTESIAN_POINT('',(0.0648446975471832,0.00938542868219948,0.0115));
#14827=CARTESIAN_POINT('',(0.0648446975471832,0.00238577868219948,0.0115));
#14828=CARTESIAN_POINT('',(0.0698956975471832,0.00938542868219948,0.0115));
#14829=CARTESIAN_POINT('',(0.0698956975471832,0.0163850786821995,0.0115));
#14830=CARTESIAN_POINT('',(0.0698956975471832,0.00238577868219948,0.0115));
#14831=CARTESIAN_POINT('',(0.0768951975471832,0.0163850786821995,0.0115));
#14832=CARTESIAN_POINT('',(0.0838946975471832,0.0163850786821995,0.0115));
#14833=CARTESIAN_POINT('',(0.0838946975471832,0.00938542868219948,0.0115));
#14834=CARTESIAN_POINT('',(0.0838946975471832,0.00238577868219948,0.0115));
#14835=CARTESIAN_POINT('',(0.0960876975471832,0.00938542868219948,0.0115));
#14836=CARTESIAN_POINT('',(0.0960876975471832,0.0163850786821995,0.0115));
#14837=CARTESIAN_POINT('',(0.0960876975471832,0.00238577868219948,0.0115));
#14838=CARTESIAN_POINT('',(0.103088197547183,0.0163850786821995,0.0115));
#14839=CARTESIAN_POINT('',(0.110088697547183,0.0163850786821995,0.0115));
#14840=CARTESIAN_POINT('',(0.110088697547183,0.00938542868219948,0.0115));
#14841=CARTESIAN_POINT('',(0.110088697547183,0.00238577868219948,0.0115));
#14842=CARTESIAN_POINT('',(0.0340326975471832,0.0354350786821995,0.0115));
#14843=CARTESIAN_POINT('',(0.0371,0.0354350786821995,0.0115));
#14844=CARTESIAN_POINT('',(0.0410326975471832,0.0354350786821995,0.0115));
#14845=CARTESIAN_POINT('',(0.0410326975471832,0.0284354286821995,0.0115));
#14846=CARTESIAN_POINT('',(0.0410326975471832,0.0214357786821995,0.0115));
#14847=CARTESIAN_POINT('',(0.103232697547183,0.0284354286821995,0.0115));
#14848=CARTESIAN_POINT('',(0.103232697547183,0.0354350786821995,0.0115));
#14849=CARTESIAN_POINT('',(0.103232697547183,0.0214357786821994,0.0115));
#14850=CARTESIAN_POINT('',(0.110232697547183,0.0354350786821995,0.0115));
#14851=CARTESIAN_POINT('',(0.117232697547183,0.0354350786821995,0.0115));
#14852=CARTESIAN_POINT('',(0.117232697547183,0.0284354286821995,0.0115));
#14853=CARTESIAN_POINT('',(0.117232697547183,0.0214357786821995,0.0115));
#14854=CARTESIAN_POINT('',(0.0600826975471832,0.0284354286821995,0.0115));
#14855=CARTESIAN_POINT('',(0.0600826975471832,0.0214357786821994,0.0115));
#14856=CARTESIAN_POINT('',(0.0600826975471832,0.0354350786821995,0.0115));
#14857=CARTESIAN_POINT('',(0.0530826975471832,0.0214357786821995,0.0115));
#14858=CARTESIAN_POINT('',(0.0460826975471832,0.0214357786821995,0.0115));
#14859=CARTESIAN_POINT('',(0.0460826975471832,0.0284354286821995,0.0115));
#14860=CARTESIAN_POINT('',(0.0460826975471832,0.0354350786821995,0.0115));
#14861=CARTESIAN_POINT('',(0.0553196975471832,-0.00966472131780052,0.0115));
#14862=CARTESIAN_POINT('',(0.0553196975471832,-0.0166644213178005,0.0115));
#14863=CARTESIAN_POINT('',(0.0553196975471832,-0.00266502131780053,0.0115));
#14864=CARTESIAN_POINT('',(0.0483201975471832,-0.0166644213178005,0.0115));
#14865=CARTESIAN_POINT('',(0.0413206975471832,-0.0166644213178005,0.0115));
#14866=CARTESIAN_POINT('',(0.0413206975471832,-0.00966472131780052,0.0115));
#14867=CARTESIAN_POINT('',(0.0413206975471832,-0.00266502131780052,0.0115));
#14868=CARTESIAN_POINT('',(0.0934196975471832,-0.0287146513178006,0.0115));
#14869=CARTESIAN_POINT('',(0.0934196975471832,-0.0357143813178006,0.0115));
#14870=CARTESIAN_POINT('',(0.0934196975471832,-0.0217149213178005,0.0115));
#14871=CARTESIAN_POINT('',(0.0864201975471832,-0.0357143813178006,0.0115));
#14872=CARTESIAN_POINT('',(0.0794206975471832,-0.0357143813178006,0.0115));
#14873=CARTESIAN_POINT('',(0.0794206975471832,-0.0287146513178006,0.0115));
#14874=CARTESIAN_POINT('',(0.0794206975471832,-0.0217149213178005,0.0115));
#14875=CARTESIAN_POINT('',(0.0911826975471832,0.0354350786821995,0.0115));
#14876=CARTESIAN_POINT('',(0.0981826975471832,0.0354350786821995,0.0115));
#14877=CARTESIAN_POINT('',(0.0841826975471832,0.0354350786821995,0.0115));
#14878=CARTESIAN_POINT('',(0.0981826975471832,0.0284354286821995,0.0115));
#14879=CARTESIAN_POINT('',(0.0981826975471832,0.0214357786821994,0.0115));
#14880=CARTESIAN_POINT('',(0.0911826975471832,0.0214357786821995,0.0115));
#14881=CARTESIAN_POINT('',(0.0841826975471832,0.0214357786821994,0.0115));
#14882=CARTESIAN_POINT('',(0.0721326975471832,0.0214357786821995,0.0115));
#14883=CARTESIAN_POINT('',(0.0651326975471832,0.0214357786821994,0.0115));
#14884=CARTESIAN_POINT('',(0.0791326975471832,0.0214357786821995,0.0115));
#14885=CARTESIAN_POINT('',(0.0651326975471832,0.0284354286821995,0.0115));
#14886=CARTESIAN_POINT('',(0.0651326975471832,0.0354350786821995,0.0115));
#14887=CARTESIAN_POINT('',(0.0721326975471832,0.0354350786821995,0.0115));
#14888=CARTESIAN_POINT('',(0.0791326975471832,0.0354350786821995,0.0115));
#14889=CARTESIAN_POINT('',(0.0673701975471832,-0.0166644213178005,0.0115));
#14890=CARTESIAN_POINT('',(0.0603706975471832,-0.0166644213178005,0.0115));
#14891=CARTESIAN_POINT('',(0.0743696975471832,-0.0166644213178005,0.0115));
#14892=CARTESIAN_POINT('',(0.0603706975471832,-0.00966472131780052,0.0115));
#14893=CARTESIAN_POINT('',(0.0603706975471832,-0.00266502131780052,0.0115));
#14894=CARTESIAN_POINT('',(0.0673701975471832,-0.00266502131780053,0.0115));
#14895=CARTESIAN_POINT('',(0.0743696975471832,-0.00266502131780053,0.0115));
#14896=CARTESIAN_POINT('',(0.0459381975471832,-0.0357143813178006,0.0115));
#14897=CARTESIAN_POINT('',(0.0389376975471832,-0.0357143813178006,0.0115));
#14898=CARTESIAN_POINT('',(0.0529386975471832,-0.0357143813178006,0.0115));
#14899=CARTESIAN_POINT('',(0.0389376975471832,-0.0287146513178006,0.0115));
#14900=CARTESIAN_POINT('',(0.0389376975471832,-0.0217149213178005,0.0115));
#14901=CARTESIAN_POINT('',(0.0459381975471832,-0.0217149213178005,0.0115));
#14902=CARTESIAN_POINT('',(0.0529386975471832,-0.0217149213178005,0.0115));
#14903=CARTESIAN_POINT('',(0.105470197547183,-0.0357143813178006,0.0115));
#14904=CARTESIAN_POINT('',(0.0984706975471832,-0.0357143813178006,0.0115));
#14905=CARTESIAN_POINT('',(0.112469697547183,-0.0357143813178006,0.0115));
#14906=CARTESIAN_POINT('',(0.0984706975471832,-0.0287146513178006,0.0115));
#14907=CARTESIAN_POINT('',(0.0984706975471832,-0.0217149213178005,0.0115));
#14908=CARTESIAN_POINT('',(0.105470197547183,-0.0217149213178005,0.0115));
#14909=CARTESIAN_POINT('',(0.112469697547183,-0.0217149213178005,0.0115));
#14910=CARTESIAN_POINT('',(0.148332697547183,0.0354350786821995,0.0115));
#14911=CARTESIAN_POINT('',(0.157857697547183,0.0284354286821994,0.0115));
#14912=CARTESIAN_POINT('',(0.174382697547183,0.0284354286821995,0.0115));
#14913=CARTESIAN_POINT('',(0.0673701975471832,-0.0357143813178006,0.0115));
#14914=CARTESIAN_POINT('',(0.124520197547183,-0.0357143813178006,0.0115));
#14915=CARTESIAN_POINT('',(0.0935621975471832,-0.0166644213178005,0.0115));
#14916=CARTESIAN_POINT('',(0.0387951975471832,0.00238577868219948,0.0115));
#14917=CARTESIAN_POINT('',(0.0371,0.00238577868219948,0.0115));
#14918=CARTESIAN_POINT('',(0.0578451975471832,0.00238577868219948,0.0115));
#14919=CARTESIAN_POINT('',(0.0768951975471832,0.00238577868219948,0.0115));
#14920=CARTESIAN_POINT('',(0.103088197547183,0.00238577868219948,0.0115));
#14921=CARTESIAN_POINT('',(0.0340326975471832,0.0214357786821995,0.0115));
#14922=CARTESIAN_POINT('',(0.0371,0.0214357786821995,0.0115));
#14923=CARTESIAN_POINT('',(0.110232697547183,0.0214357786821995,0.0115));
#14924=CARTESIAN_POINT('',(0.0530826975471832,0.0354350786821995,0.0115));
#14925=CARTESIAN_POINT('',(0.0483201975471832,-0.00266502131780053,0.0115));
#14926=CARTESIAN_POINT('',(0.0864201975471832,-0.0217149213178005,0.0115));
#14927=CARTESIAN_POINT('',(0.0841826975471832,0.0284354286821995,0.0115));
#14928=CARTESIAN_POINT('',(0.100707697547183,0.0284354286821995,0.0115));
#14929=CARTESIAN_POINT('',(0.0626076975471832,0.0284354286821995,0.0115));
#14930=CARTESIAN_POINT('',(0.0791326975471832,0.0284354286821995,0.0115));
#14931=CARTESIAN_POINT('',(0.0578451975471832,-0.00966472131780055,0.0115));
#14932=CARTESIAN_POINT('',(0.0743696975471832,-0.00966472131780052,0.0115));
#14933=CARTESIAN_POINT('',(0.0529386975471832,-0.0287146513178006,0.0115));
#14934=CARTESIAN_POINT('',(0.0959451975471832,-0.0287146513178006,0.0115));
#14935=CARTESIAN_POINT('',(0.112469697547183,-0.0287146513178006,0.0115));
#14936=CARTESIAN_POINT('',(0.123136372547183,-0.0181905213178005,0.0181));
#14937=CARTESIAN_POINT('',(0.134044097547183,-0.0181905213178005,0.0181));
#14938=CARTESIAN_POINT('',(0.134044097547183,-0.0181905213178005,0.0171));
#14939=CARTESIAN_POINT('',(0.111228647547183,-0.0181905213178005,0.0171));
#14940=CARTESIAN_POINT('',(0.112228647547183,-0.0181905213178005,0.0171));
#14941=CARTESIAN_POINT('',(0.112228647547183,-0.0181905213178005,0.0181));
#14942=CARTESIAN_POINT('',(0.135044097547183,-0.0387403283178005,0.0181));
#14943=CARTESIAN_POINT('',(0.135044097547183,-0.0382403283178005,0.0181));
#14944=CARTESIAN_POINT('',(0.135044097547183,-0.0382403283178005,0.0171));
#14945=CARTESIAN_POINT('',(0.135044097547183,-0.0181905213178005,0.0171));
#14946=CARTESIAN_POINT('',(0.135044097547183,-0.0191905213178005,0.0171));
#14947=CARTESIAN_POINT('',(0.135044097547183,-0.0191905213178005,0.0115));
#14948=CARTESIAN_POINT('',(0.177408697547183,0.0179113786821995,0.0181));
#14949=CARTESIAN_POINT('',(0.138808297547183,0.0179113786821995,0.0181));
#14950=CARTESIAN_POINT('',(0.138808297547183,0.0179113786821995,0.0171));
#14951=CARTESIAN_POINT('',(0.177408697547183,0.0179113786821995,0.0171));
#14952=CARTESIAN_POINT('',(0.176908697547183,0.0179113786821995,0.0171));
#14953=CARTESIAN_POINT('',(0.176908697547183,0.0179113786821995,0.0181));
#14954=CARTESIAN_POINT('',(0.137808297547183,0.0279354286821994,0.0181));
#14955=CARTESIAN_POINT('',(0.137808297547183,0.0279354286821994,0.0171));
#14956=CARTESIAN_POINT('',(0.137808297547183,0.0379594786821995,0.0171));
#14957=CARTESIAN_POINT('',(0.137808297547183,0.0189113786821995,0.0171));
#14958=CARTESIAN_POINT('',(0.137808297547183,0.0189113786821995,0.0115));
#14959=CARTESIAN_POINT('',(0.137808297547183,0.0379594786821995,0.0181));
#14960=CARTESIAN_POINT('',(0.120757097547183,0.0184104286821995,0.0181));
#14961=CARTESIAN_POINT('',(0.120757097547183,-0.00013862131780052,0.0181));
#14962=CARTESIAN_POINT('',(0.120757097547183,-0.00013862131780052,0.0171));
#14963=CARTESIAN_POINT('',(0.120757097547183,0.0389594786821995,0.0171));
#14964=CARTESIAN_POINT('',(0.120757097547183,0.0379594786821995,0.0171));
#14965=CARTESIAN_POINT('',(0.120757097547183,0.0379594786821995,0.0115));
#14966=CARTESIAN_POINT('',(0.117185097547183,-0.00113862131780052,0.0181));
#14967=CARTESIAN_POINT('',(0.112228647547183,-0.00113862131780052,0.0181));
#14968=CARTESIAN_POINT('',(0.112228647547183,-0.00113862131780052,0.0171));
#14969=CARTESIAN_POINT('',(0.120757097547183,-0.00113862131780052,0.0171));
#14970=CARTESIAN_POINT('',(0.119757097547183,-0.00113862131780052,0.0171));
#14971=CARTESIAN_POINT('',(0.119757097547183,-0.00113862131780052,0.0115));
#14972=CARTESIAN_POINT('',(0.111228647547183,-0.00966457131780052,0.0181));
#14973=CARTESIAN_POINT('',(0.111228647547183,-0.0171905213178005,0.0181));
#14974=CARTESIAN_POINT('',(0.111228647547183,-0.0171905213178005,0.0171));
#14975=CARTESIAN_POINT('',(0.111228647547183,-0.00113862131780052,0.0171));
#14976=CARTESIAN_POINT('',(0.111228647547183,-0.00213862131780052,0.0171));
#14977=CARTESIAN_POINT('',(0.111228647547183,-0.00213862131780052,0.0181));
#14978=CARTESIAN_POINT('',(0.0126022923409939,-0.000140465587088974,0.0181));
#14979=CARTESIAN_POINT('',(0.178799292340994,-0.000140465587088974,0.0181));
#14980=CARTESIAN_POINT('',(0.178799292340994,0.0386118982754185,0.0181));
#14981=CARTESIAN_POINT('',(0.178799292340994,0.039850034412911,0.0181));
#14982=CARTESIAN_POINT('',(0.0126022923409939,0.039850034412911,0.0181));
#14983=CARTESIAN_POINT('',(0.17756123032726,0.039850034412911,0.0181));
#14984=CARTESIAN_POINT('',(0.176908697547183,0.0379594786821995,0.0181));
#14985=CARTESIAN_POINT('',(0.129282697547183,0.0389594786821995,0.0181));
#14986=CARTESIAN_POINT('',(0.137808297547183,0.0389594786821995,0.0171));
#14987=CARTESIAN_POINT('',(0.176908697547183,0.0389594786821995,0.0171));
#14988=CARTESIAN_POINT('',(0.138808297547183,0.0389594786821995,0.0171));
#14989=CARTESIAN_POINT('',(0.138808297547183,0.0389594786821995,0.0181));
#14990=CARTESIAN_POINT('',(0.176908697547183,0.0389594786821995,0.0181));
#14991=CARTESIAN_POINT('',(0.129282697547183,0.0389594786821995,0.0181));
#14992=CARTESIAN_POINT('',(-0.152704217852817,0.0389594786821995,0.0171));
#14993=CARTESIAN_POINT('',(0.119757097547183,0.0389594786821995,0.0171));
#14994=CARTESIAN_POINT('',(0.0371,0.0389594786821995,0.0171));
#14995=CARTESIAN_POINT('',(0.0371,0.0389594786821995,0.0181));
#14996=CARTESIAN_POINT('',(0.119757097547183,0.0389594786821995,0.0181));
#14997=CARTESIAN_POINT('',(0.177908697547183,0.0284354286821995,0.0181));
#14998=CARTESIAN_POINT('',(0.177908697547183,0.0389594786821995,0.0171));
#14999=CARTESIAN_POINT('',(0.177908697547183,0.0189113786821995,0.0171));
#15000=CARTESIAN_POINT('',(0.177908697547183,0.0379594786821995,0.0171));
#15001=CARTESIAN_POINT('',(0.177908697547183,0.0379594786821995,0.0115));
#15002=CARTESIAN_POINT('',(0.177908697547183,0.0189113786821995,0.0181));
#15003=CARTESIAN_POINT('',(0.156476397547183,-0.0392403283178005,0.0181));
#15004=CARTESIAN_POINT('',(0.0371,-0.0392403283178005,0.0181));
#15005=CARTESIAN_POINT('',(0.0371,-0.0392403283178005,0.0171));
#15006=CARTESIAN_POINT('',(0.156476397547183,-0.0392403283178005,0.0171));
#15007=CARTESIAN_POINT('',(0.134044097547183,-0.0392403283178005,0.0171));
#15008=CARTESIAN_POINT('',(0.134044097547183,-0.0392403283178005,0.0181));
#15009=CARTESIAN_POINT('',(0.112228647547183,-0.00213862131780052,0.0181));
#15010=CARTESIAN_POINT('',(0.112228647547183,-0.00213862131780052,0.0171));
#15011=CARTESIAN_POINT('',(0.112228647547183,-0.00213862131780052,0.0171));
#15012=CARTESIAN_POINT('',(0.112228647547183,-0.00213862131780052,0.0171));
#15013=CARTESIAN_POINT('',(0.112228647547183,-0.00213862131780052,0.0171));
#15014=CARTESIAN_POINT('',(0.112228647547183,-0.0171905213178005,0.0181));
#15015=CARTESIAN_POINT('',(0.112228647547183,-0.0171905213178005,0.0171));
#15016=CARTESIAN_POINT('',(0.112228647547183,-0.000140465587088974,0.0171));
#15017=CARTESIAN_POINT('',(0.112228647547183,-0.0171905213178005,0.0171));
#15018=CARTESIAN_POINT('',(0.0126022923409939,-0.00213862131780054,0.0171));
#15019=CARTESIAN_POINT('',(0.119757097547183,-0.00213862131780052,0.0171));
#15020=CARTESIAN_POINT('',(0.119757097547183,-0.00013862131780052,0.0181));
#15021=CARTESIAN_POINT('',(0.119757097547183,-0.00013862131780052,0.0171));
#15022=CARTESIAN_POINT('',(0.112228647547183,-0.0171905213178005,0.0171));
#15023=CARTESIAN_POINT('',(0.112228647547183,-0.0171905213178005,0.0171));
#15024=CARTESIAN_POINT('',(0.119757097547183,-0.00013862131780052,0.0171));
#15025=CARTESIAN_POINT('',(0.121757097547183,-0.00013862131780052,0.0171));
#15026=CARTESIAN_POINT('',(0.134044097547183,-0.0191905213178005,0.0181));
#15027=CARTESIAN_POINT('',(0.134044097547183,-0.0191905213178005,0.0171));
#15028=CARTESIAN_POINT('',(0.0126022923409939,-0.0171905213178005,0.0171));
#15029=CARTESIAN_POINT('',(0.134044097547183,-0.0171905213178005,0.0171));
#15030=CARTESIAN_POINT('',(0.121757097547183,-0.000140465587088974,0.0171));
#15031=CARTESIAN_POINT('',(0.121757097547183,0.0379594786821995,0.0171));
#15032=CARTESIAN_POINT('',(0.119757097547183,0.0379594786821995,0.0181));
#15033=CARTESIAN_POINT('',(0.119757097547183,0.0379594786821995,0.0171));
#15034=CARTESIAN_POINT('',(0.134044097547183,-0.0191905213178005,0.0171));
#15035=CARTESIAN_POINT('',(0.136044097547183,-0.0191905213178005,0.0171));
#15036=CARTESIAN_POINT('',(0.119757097547183,0.0379594786821995,0.0171));
#15037=CARTESIAN_POINT('',(0.119757097547183,0.0399102873392803,0.0180987893730821));
#15038=CARTESIAN_POINT('',(0.119975989614415,0.0399102873392803,0.0180987893730821));
#15039=CARTESIAN_POINT('',(0.120194526166324,0.0398893701158161,0.0181));
#15040=CARTESIAN_POINT('',(0.120409630327259,0.039850034412911,0.0181));
#15041=CARTESIAN_POINT('',(0.119757097547183,0.0399102873392803,0.0180987893730821));
#15042=CARTESIAN_POINT('',(0.119757097547183,0.0399594786821995,0.0171));
#15043=CARTESIAN_POINT('',(0.134044097547183,-0.0382403283178005,0.0181));
#15044=CARTESIAN_POINT('',(0.134044097547183,-0.0382403283178005,0.0171));
#15045=CARTESIAN_POINT('',(0.136044097547183,-0.000140465587088974,0.0171));
#15046=CARTESIAN_POINT('',(0.136044097547183,-0.0382403283178005,0.0171));
#15047=CARTESIAN_POINT('',(0.0126022923409939,0.0399594786821995,0.0171));
#15048=CARTESIAN_POINT('',(0.0371,0.0399594786821995,0.0171));
#15049=CARTESIAN_POINT('',(0.0371,0.0399102873392803,0.0180987893730821));
#15050=CARTESIAN_POINT('',(0.119757097547183,0.0399102873392803,0.0180987893730821));
#15051=CARTESIAN_POINT('',(0.134044097547183,-0.0382403283178005,0.0171));
#15052=CARTESIAN_POINT('',(0.134044097547183,-0.0402403283178005,0.0171));
#15053=CARTESIAN_POINT('',(0.134044097547183,-0.0401911736195261,0.0180987911771925));
#15054=CARTESIAN_POINT('',(0.134044097547183,-0.0401911736195261,0.0180987911771925));
#15055=CARTESIAN_POINT('',(0.134262909293368,-0.0401911736195261,0.0180987911771925));
#15056=CARTESIAN_POINT('',(0.134481365901352,-0.0401702719184082,0.0181));
#15057=CARTESIAN_POINT('',(0.134696394041101,-0.0401309655870889,0.0181));
#15058=CARTESIAN_POINT('',(0.156476397547183,-0.0402403283178005,0.0171));
#15059=CARTESIAN_POINT('',(0.0371,-0.0402403283178005,0.0171));
#15060=CARTESIAN_POINT('',(0.0371,-0.0401911736195261,0.0180987911771925));
#15061=CARTESIAN_POINT('',(-0.151704217852817,-0.0401911736195261,0.0180987911771925));
#15062=CARTESIAN_POINT('',(0.176908697547183,0.0379594786821995,0.0181));
#15063=CARTESIAN_POINT('',(0.176908697547183,0.0379594786821995,0.0171));
#15064=CARTESIAN_POINT('',(0.176908697547183,0.0379594786821995,0.0171));
#15065=CARTESIAN_POINT('',(0.176908697547183,0.0399102873392803,0.0180987893730821));
#15066=CARTESIAN_POINT('',(0.177127589614415,0.0399102873392803,0.0180987893730821));
#15067=CARTESIAN_POINT('',(0.177346126166325,0.0398893701158156,0.0181));
#15068=CARTESIAN_POINT('',(0.17756123032726,0.039850034412911,0.0181));
#15069=CARTESIAN_POINT('',(0.176908697547183,0.0399102873392803,0.0180987893730821));
#15070=CARTESIAN_POINT('',(0.176908697547183,0.0399594786821995,0.0171));
#15071=CARTESIAN_POINT('',(0.178908697547183,0.0379594786821995,0.0171));
#15072=CARTESIAN_POINT('',(0.178859523759798,0.0379594786821995,0.0180987902375546));
#15073=CARTESIAN_POINT('',(0.178859523759798,0.0379594786821995,0.0180987902375546));
#15074=CARTESIAN_POINT('',(0.178859523759798,0.0381783322735279,0.0180987902375546));
#15075=CARTESIAN_POINT('',(0.178838613972749,0.0383968305302262,0.0181));
#15076=CARTESIAN_POINT('',(0.178799292340994,0.0386118982754185,0.0181));
#15077=CARTESIAN_POINT('',(0.176908697547183,0.0189113786821995,0.0181));
#15078=CARTESIAN_POINT('',(0.176908697547183,0.0189113786821995,0.0171));
#15079=CARTESIAN_POINT('',(0.178908697547183,-0.000140465587088974,0.0171));
#15080=CARTESIAN_POINT('',(0.178908697547183,0.0189113786821995,0.0171));
#15081=CARTESIAN_POINT('',(0.178859523759798,0.0189113786821995,0.0180987902375546));
#15082=CARTESIAN_POINT('',(0.178859523759798,0.0189113786821995,0.0180987902375546));
#15083=CARTESIAN_POINT('',(0.0126022923409939,0.0399594786821995,0.0171));
#15084=CARTESIAN_POINT('',(0.176908697547183,0.0399102873392803,0.0180987893730821));
#15085=CARTESIAN_POINT('',(0.138808297547183,0.0399102873392803,0.0180987893730821));
#15086=CARTESIAN_POINT('',(0.138808297547183,0.0399594786821995,0.0171));
#15087=CARTESIAN_POINT('',(0.138808297547183,0.0379594786821995,0.0181));
#15088=CARTESIAN_POINT('',(0.138808297547183,0.0379594786821995,0.0171));
#15089=CARTESIAN_POINT('',(0.176908697547183,0.0189113786821995,0.0171));
#15090=CARTESIAN_POINT('',(0.178859523759798,0.0189113786821995,0.0180987902375546));
#15091=CARTESIAN_POINT('',(0.178859523759798,0.0186925250908711,0.0180987902375546));
#15092=CARTESIAN_POINT('',(0.17883861397275,0.0184740268341728,0.0181));
#15093=CARTESIAN_POINT('',(0.178799292340994,0.0182589590889805,0.0181));
#15094=CARTESIAN_POINT('',(0.176908697547183,0.0169113786821995,0.0171));
#15095=CARTESIAN_POINT('',(0.138808297547183,0.0379594786821995,0.0171));
#15096=CARTESIAN_POINT('',(0.138808297547183,0.0399102873392803,0.0180987893730821));
#15097=CARTESIAN_POINT('',(0.138589405479952,0.0399102873392803,0.0180987893730821));
#15098=CARTESIAN_POINT('',(0.138370868928042,0.0398893701158162,0.0181));
#15099=CARTESIAN_POINT('',(0.138155764767107,0.039850034412911,0.0181));
#15100=CARTESIAN_POINT('',(0.136808297547183,0.0379594786821995,0.0171));
#15101=CARTESIAN_POINT('',(0.177408697547183,0.0169113786821995,0.0171));
#15102=CARTESIAN_POINT('',(0.138808297547183,0.0169113786821995,0.0171));
#15103=CARTESIAN_POINT('',(0.136808297547183,0.0279354286821994,0.0171));
#15104=CARTESIAN_POINT('',(0.136808297547183,0.0189113786821995,0.0171));
#15105=CARTESIAN_POINT('',(0.138808297547183,0.0189113786821995,0.0171));
#15106=CARTESIAN_POINT('',(0.138808297547183,0.0189113786821995,0.0171));
#15107=CARTESIAN_POINT('',(0.138808297547183,0.0189113786821995,0.0181));
#15108=CARTESIAN_POINT('',(0.138865219080973,0.039350034412911,0.0105));
#15109=CARTESIAN_POINT('',(0.133199292340994,0.039350034412911,0.0116));
#15110=CARTESIAN_POINT('',(0.140332697547183,0.039350034412911,0.0105));
#15111=CARTESIAN_POINT('',(0.140332697547183,0.039350034412911,0.0105));
#15112=CARTESIAN_POINT('',(0.138865219080973,0.039350034412911,0.0105));
#15113=CARTESIAN_POINT('',(0.137397740614763,0.039350034412911,0.0105));
#15114=CARTESIAN_POINT('',(0.137397740614763,0.039350034412911,0.0145));
#15115=CARTESIAN_POINT('',(0.137397740614763,0.039350034412911,0.0145));
#15116=CARTESIAN_POINT('',(0.130548516477878,0.039350034412911,0.0145));
#15117=CARTESIAN_POINT('',(0.125199292340994,0.039350034412911,0.0116));
#15118=CARTESIAN_POINT('',(0.0126022923409939,-0.000140465587088967,0.0105));
#15119=CARTESIAN_POINT('',(0.154908697547184,-0.0062403283178005,0.0105));
#15120=CARTESIAN_POINT('',(0.137397740614763,0.00905440565539718,0.0105));
#15121=CARTESIAN_POINT('',(0.140332697547183,0.0118732777284834,0.0105));
#15122=CARTESIAN_POINT('',(0.137397740614763,-0.000140465587088967,0.0105));
#15123=CARTESIAN_POINT('',(0.140332697547183,0.012350034412911,0.0105));
#15124=CARTESIAN_POINT('',(0.138865219080973,0.039350034412911,0.0105));
#15125=CARTESIAN_POINT('',(0.118232697547183,0.039350034412911,0.0105));
#15126=CARTESIAN_POINT('',(0.140332697547183,0.012350034412911,0.0105));
#15127=CARTESIAN_POINT('',(0.140332697547183,0.0118732777284834,-0.0103));
#15128=CARTESIAN_POINT('',(0.130548516477878,-0.014649965587089,0.0105));
#15129=CARTESIAN_POINT('',(0.130548516477878,-0.014649965587089,0.0145));
#15130=CARTESIAN_POINT('',(0.1332328930408,-0.014649965587089,0.0145));
#15131=CARTESIAN_POINT('',(0.1332328930408,-0.014649965587089,-0.0103));
#15132=CARTESIAN_POINT('',(0.118232697547183,-0.014649965587089,0.0105));
#15133=CARTESIAN_POINT('',(0.118232697547183,0.012350034412911,0.0105));
#15134=CARTESIAN_POINT('',(0.137397740614763,0.012350034412911,0.0145));
#15135=CARTESIAN_POINT('',(0.137397740614763,0.00905440565539718,-0.0103));
#15136=CARTESIAN_POINT('',(0.137397740614763,0.00905440565539718,0.0145));
#15137=CARTESIAN_POINT('',(0.137397740614763,0.012350034412911,0.0145));
#15138=CARTESIAN_POINT('',(0.0126022923409939,-0.000140465587088967,0.0145));
#15139=CARTESIAN_POINT('',(0.154908697547184,-0.0062403283178005,0.0145));
#15140=CARTESIAN_POINT('',(0.133199292340994,0.031350034412911,0.0116));
#15141=CARTESIAN_POINT('',(0.133199292340994,0.039850034412911,0.0116));
#15142=CARTESIAN_POINT('',(0.136199292340994,0.039850034412911,0.0096));
#15143=CARTESIAN_POINT('',(0.136199292340994,0.039850034412911,0.0116));
#15144=CARTESIAN_POINT('',(0.133199292340994,0.039850034412911,0.0116));
#15145=CARTESIAN_POINT('',(0.133199292340994,0.039850034412911,0.0146));
#15146=CARTESIAN_POINT('',(0.0126022923409939,0.039850034412911,0.0146));
#15147=CARTESIAN_POINT('',(0.125199292340994,0.039850034412911,0.0146));
#15148=CARTESIAN_POINT('',(0.122199292340994,0.039850034412911,0.0115));
#15149=CARTESIAN_POINT('',(0.122199292340994,0.039850034412911,0.0116));
#15150=CARTESIAN_POINT('',(0.125199292340994,0.039850034412911,0.0116));
#15151=CARTESIAN_POINT('',(0.125199292340994,0.039850034412911,0.0116));
#15152=CARTESIAN_POINT('',(0.125199292340994,0.031350034412911,0.0116));
#15153=CARTESIAN_POINT('',(0.0126022923409939,0.039850034412911,0.0166));
#15154=CARTESIAN_POINT('',(0.0371,0.039850034412911,0.0166));
#15155=CARTESIAN_POINT('',(0.178799292340994,0.039850034412911,0.0166));
#15156=CARTESIAN_POINT('',(0.178799292340994,0.039850034412911,0.0115));
#15157=CARTESIAN_POINT('',(0.178799292340994,0.039850034412911,0.0166));
#15158=CARTESIAN_POINT('',(0.178799292340994,0.039850034412911,0.0166));
#15159=CARTESIAN_POINT('',(0.178799292340994,0.039850034412911,0.0166));
#15160=CARTESIAN_POINT('',(0.178799292340994,-0.000140465587088967,0.0166));
#15161=CARTESIAN_POINT('',(0.178799292340994,-0.0401309655870889,0.0166));
#15162=CARTESIAN_POINT('',(0.178799292340994,-0.0401309655870889,0.0115));
#15163=CARTESIAN_POINT('',(0.178799292340994,-0.0401309655870889,0.0166));
#15164=CARTESIAN_POINT('',(0.178799292340994,-0.0401309655870889,0.0166));
#15165=CARTESIAN_POINT('',(0.178799292340994,-0.0401309655870889,0.0166));
#15166=CARTESIAN_POINT('',(0.0126022923409939,-0.0401309655870889,0.0166));
#15167=CARTESIAN_POINT('',(0.0371,-0.0401309655870889,0.0166));
#15168=CARTESIAN_POINT('',(0.0371,0.,0.));
#15169=CARTESIAN_POINT('',(0.0371,0.,0.));
#15170=CARTESIAN_POINT('',(0.0371,0.,0.));
#15171=CARTESIAN_POINT('',(0.17706599136301,-0.00739032831780052,-0.0103));
#15172=CARTESIAN_POINT('',(0.178130239270334,-0.00739032831780053,-0.0103));
#15173=CARTESIAN_POINT('',(0.178130239270334,-0.00739032831780053,0.0147));
#15174=CARTESIAN_POINT('',(0.17706599136301,-0.00739032831780052,0.0147));
#15175=CARTESIAN_POINT('',(0.17706599136301,-0.00509032831780052,-0.0103));
#15176=CARTESIAN_POINT('',(0.17706599136301,-0.00509032831780052,0.0147));
#15177=CARTESIAN_POINT('',(0.178130239270334,-0.00509032831780052,0.0147));
#15178=CARTESIAN_POINT('',(0.178130239270334,-0.00509032831780052,-0.0103));
#15179=CARTESIAN_POINT('',(0.154908697547184,-0.0062403283178005,-0.0103));
#15180=CARTESIAN_POINT('',(0.154908697547184,-0.0062403283178005,0.0125));
#15181=CARTESIAN_POINT('',(0.176118984818459,0.00328260263175559,0.0125));
#15182=CARTESIAN_POINT('',(0.154908697547184,0.0170096716821995,0.0125));
#15183=CARTESIAN_POINT('',(0.176118984818459,0.00328260263175559,-0.0103));
#15184=CARTESIAN_POINT('',(0.154908697547184,-0.0062403283178005,0.0147));
#15185=CARTESIAN_POINT('',(0.176118984818459,-0.0157632592673566,-0.0103));
#15186=CARTESIAN_POINT('',(0.176118984818459,-0.0157632592673566,0.0125));
#15187=CARTESIAN_POINT('',(0.154908697547184,-0.0062403283178005,0.0125));
#15188=CARTESIAN_POINT('',(0.136089799203012,-0.0198935903863217,0.0125));
#15189=CARTESIAN_POINT('',(0.136089799203012,-0.0198935903863217,-0.0103));
#15190=CARTESIAN_POINT('',(0.154876311895074,0.0170096491266948,-0.0103));
#15191=CARTESIAN_POINT('',(0.154876311895074,0.0170096491266948,0.0125));
#15192=CARTESIAN_POINT('',(0.154908697547184,-0.0062403283178005,0.0125));
#15193=CARTESIAN_POINT('',(0.146076205046615,-0.000140465587088967,0.0147));
#15194=CARTESIAN_POINT('',(0.176118984818459,-0.0229724763640116,0.0125));
#15195=CARTESIAN_POINT('',(0.176118984818459,-0.0359191692860624,0.0125));
#15196=CARTESIAN_POINT('',(0.176118984818459,-0.0359191692860624,0.0125));
#15197=CARTESIAN_POINT('',(0.176118984818459,-0.0229724763640116,0.0125));
#15198=CARTESIAN_POINT('',(0.136089799203012,-0.0229724763640116,0.0125));
#15199=CARTESIAN_POINT('',(0.136089799203012,-0.0229724763640116,0.0125));
#15200=CARTESIAN_POINT('',(0.136089799203012,-0.0359191692860624,0.0125));
#15201=CARTESIAN_POINT('',(0.136089799203012,-0.0359191692860624,0.0125));
#15202=CARTESIAN_POINT('',(0.0126022923409939,-0.000140465587088967,0.0125));
#15203=CARTESIAN_POINT('',(0.141089799203012,-0.0309191692860624,0.0125));
#15204=CARTESIAN_POINT('',(0.142439799203012,-0.0309191692860624,0.0125));
#15205=CARTESIAN_POINT('',(0.171118984818459,-0.0309191692860624,0.0125));
#15206=CARTESIAN_POINT('',(0.172468984818459,-0.0309191692860624,0.0125));
#15207=CARTESIAN_POINT('',(0.156104392010736,-0.0359191692860624,0.0125));
#15208=CARTESIAN_POINT('',(0.156104392010736,-0.0359191692860624,0.0125));
#15209=CARTESIAN_POINT('',(0.176118984818459,0.00850483584109975,0.0125));
#15210=CARTESIAN_POINT('',(0.176118984818459,0.00850483584109975,0.0125));
#15211=CARTESIAN_POINT('',(0.176118984818459,0.0170096716821995,0.0125));
#15212=CARTESIAN_POINT('',(0.176118984818459,0.0170096716821995,0.0125));
#15213=CARTESIAN_POINT('',(0.154876311895074,0.00850483584109975,0.0125));
#15214=CARTESIAN_POINT('',(0.154876311895074,0.0170096716821995,0.0125));
#15215=CARTESIAN_POINT('',(0.154876311895074,0.0170096716821995,0.0125));
#15216=CARTESIAN_POINT('',(0.154876311895074,0.00850483584109975,0.0125));
#15217=CARTESIAN_POINT('',(0.165497648356767,0.0170096716821995,0.0125));
#15218=CARTESIAN_POINT('',(0.165497648356767,0.0170096716821995,0.0125));
#15219=CARTESIAN_POINT('',(0.165497648356767,0.0170096716821995,0.0125));
#15220=CARTESIAN_POINT('',(0.0126022923409939,-0.000140465587088967,0.0125));
#15221=CARTESIAN_POINT('',(0.173118984818458,0.0140096716821995,0.0125));
#15222=CARTESIAN_POINT('',(0.174468984818458,0.0140096716821995,0.0125));
#15223=CARTESIAN_POINT('',(0.0126022923409939,-0.000140465587088967,0.0125));
#15224=CARTESIAN_POINT('',(0.174468984818459,0.0140096716821995,0.0167));
#15225=CARTESIAN_POINT('',(0.173118984818458,0.0140096716821995,0.0167));
#15226=CARTESIAN_POINT('',(0.174468984818458,0.0140096716821995,0.0167));
#15227=CARTESIAN_POINT('',(0.173118984818458,0.0140096716821995,0.0125));
#15228=CARTESIAN_POINT('',(0.172468984818459,-0.0309191692860624,0.0167));
#15229=CARTESIAN_POINT('',(0.171118984818459,-0.0309191692860624,0.0167));
#15230=CARTESIAN_POINT('',(0.172468984818459,-0.0309191692860624,0.0167));
#15231=CARTESIAN_POINT('',(0.171118984818459,-0.0309191692860624,0.0125));
#15232=CARTESIAN_POINT('',(0.142439799203012,-0.0309191692860624,0.0167));
#15233=CARTESIAN_POINT('',(0.141089799203012,-0.0309191692860624,0.0167));
#15234=CARTESIAN_POINT('',(0.142439799203012,-0.0309191692860624,0.0167));
#15235=CARTESIAN_POINT('',(0.141089799203012,-0.0309191692860624,0.0125));
#15236=CARTESIAN_POINT('',(0.,0.,0.));
#15237=CARTESIAN_POINT('',(-0.107492452452817,0.0284354286821995,0.002));
#15238=CARTESIAN_POINT('',(-0.108842452452817,0.0284354286821995,0.002));
#15239=CARTESIAN_POINT('',(-0.110192452452817,0.0284354286821995,0.002));
#15240=CARTESIAN_POINT('',(-0.0503425524528168,0.0284354286821995,0.002));
#15241=CARTESIAN_POINT('',(-0.0516925524528168,0.0284354286821995,0.002));
#15242=CARTESIAN_POINT('',(-0.0530425524528168,0.0284354286821995,0.002));
#15243=CARTESIAN_POINT('',(-0.0551056524528168,-0.00966472131780052,0.002));
#15244=CARTESIAN_POINT('',(-0.0564556524528168,-0.00966472131780052,0.002));
#15245=CARTESIAN_POINT('',(-0.0578056524528168,-0.00966472131780052,0.002));
#15246=CARTESIAN_POINT('',(-0.112254602452817,-0.00966472131780052,0.002));
#15247=CARTESIAN_POINT('',(-0.113604602452817,-0.00966472131780052,0.002));
#15248=CARTESIAN_POINT('',(-0.114954602452817,-0.00966472131780052,0.002));
#15249=CARTESIAN_POINT('',(-0.0836803024528168,-0.0287146513178006,0.002));
#15250=CARTESIAN_POINT('',(-0.0850303024528168,-0.0287146513178006,0.002));
#15251=CARTESIAN_POINT('',(-0.0863803024528168,-0.0287146513178006,0.002));
#15252=CARTESIAN_POINT('',(-0.126543102452817,-0.0287146513178005,0.002));
#15253=CARTESIAN_POINT('',(-0.127893102452817,-0.0287146513178005,0.002));
#15254=CARTESIAN_POINT('',(-0.129243102452817,-0.0287146513178005,0.002));
#15255=CARTESIAN_POINT('',(-0.108842452452817,0.0284354286821995,0.0045));
#15256=CARTESIAN_POINT('',(-0.108842452452817,0.0284354286821995,0.0045));
#15257=CARTESIAN_POINT('',(-0.110192452452817,0.0284354286821995,0.0045));
#15258=CARTESIAN_POINT('',(-0.0516925524528168,0.0284354286821995,0.0045));
#15259=CARTESIAN_POINT('',(-0.0516925524528168,0.0284354286821995,0.0045));
#15260=CARTESIAN_POINT('',(-0.0530425524528168,0.0284354286821995,0.0045));
#15261=CARTESIAN_POINT('',(-0.0564556524528168,-0.00966472131780052,0.0045));
#15262=CARTESIAN_POINT('',(-0.0564556524528168,-0.00966472131780052,0.0045));
#15263=CARTESIAN_POINT('',(-0.0578056524528168,-0.00966472131780052,0.0045));
#15264=CARTESIAN_POINT('',(-0.113604602452817,-0.00966472131780052,0.0045));
#15265=CARTESIAN_POINT('',(-0.113604602452817,-0.00966472131780052,0.0045));
#15266=CARTESIAN_POINT('',(-0.114954602452817,-0.00966472131780052,0.0045));
#15267=CARTESIAN_POINT('',(-0.0850303024528168,-0.0287146513178006,0.0045));
#15268=CARTESIAN_POINT('',(-0.0850303024528168,-0.0287146513178006,0.0045));
#15269=CARTESIAN_POINT('',(-0.0863803024528168,-0.0287146513178006,0.0045));
#15270=CARTESIAN_POINT('',(-0.127893102452817,-0.0287146513178005,0.0045));
#15271=CARTESIAN_POINT('',(-0.127893102452817,-0.0287146513178005,0.0045));
#15272=CARTESIAN_POINT('',(-0.129243102452817,-0.0287146513178005,0.0045));
#15273=CARTESIAN_POINT('',(0.0126022923409939,-0.000140465587088967,0.0045));
#15274=CARTESIAN_POINT('',(-0.108842452452817,0.0284354286821995,0.0045));
#15275=CARTESIAN_POINT('',(-0.106842452452817,0.0284354286821995,0.0045));
#15276=CARTESIAN_POINT('',(0.0126022923409939,-0.000140465587088967,0.0045));
#15277=CARTESIAN_POINT('',(-0.0516925524528168,0.0284354286821995,0.0045));
#15278=CARTESIAN_POINT('',(-0.0496925524528168,0.0284354286821995,0.0045));
#15279=CARTESIAN_POINT('',(0.0126022923409939,-0.000140465587088967,0.0045));
#15280=CARTESIAN_POINT('',(-0.0564556524528168,-0.00966472131780052,0.0045));
#15281=CARTESIAN_POINT('',(-0.0544556524528168,-0.00966472131780052,0.0045));
#15282=CARTESIAN_POINT('',(0.0126022923409939,-0.000140465587088967,0.0045));
#15283=CARTESIAN_POINT('',(-0.113604602452817,-0.00966472131780053,0.0045));
#15284=CARTESIAN_POINT('',(-0.111604602452817,-0.00966472131780053,0.0045));
#15285=CARTESIAN_POINT('',(0.0126022923409939,-0.000140465587088967,0.0045));
#15286=CARTESIAN_POINT('',(-0.0850303024528168,-0.0287146513178006,0.0045));
#15287=CARTESIAN_POINT('',(-0.0830303024528168,-0.0287146513178006,0.0045));
#15288=CARTESIAN_POINT('',(0.0126022923409939,-0.000140465587088967,0.0045));
#15289=CARTESIAN_POINT('',(-0.127893102452817,-0.0287146513178005,0.0045));
#15290=CARTESIAN_POINT('',(-0.125893102452817,-0.0287146513178005,0.0045));
#15291=CARTESIAN_POINT('',(0.0126022923409939,-0.000140465587088967,0.001));
#15292=CARTESIAN_POINT('',(-0.141244707659006,-0.027780965587089,0.001));
#15293=CARTESIAN_POINT('',(-0.148594707659006,-0.027780965587089,0.001));
#15294=CARTESIAN_POINT('',(0.0126022923409939,-0.000140465587088967,0.001));
#15295=CARTESIAN_POINT('',(-0.141244707659006,0.027500034412911,0.001));
#15296=CARTESIAN_POINT('',(-0.148594707659006,0.027500034412911,0.001));
#15297=CARTESIAN_POINT('',(-0.108842452452817,0.0284354286821995,0.0045));
#15298=CARTESIAN_POINT('',(-0.108842452452817,0.0284354286821995,0.0035));
#15299=CARTESIAN_POINT('',(-0.106842452452817,0.0284354286821995,0.0035));
#15300=CARTESIAN_POINT('',(-0.0516925524528168,0.0284354286821995,0.0045));
#15301=CARTESIAN_POINT('',(-0.0516925524528168,0.0284354286821995,0.0035));
#15302=CARTESIAN_POINT('',(-0.0496925524528168,0.0284354286821995,0.0035));
#15303=CARTESIAN_POINT('',(-0.0564556524528168,-0.00966472131780052,0.0045));
#15304=CARTESIAN_POINT('',(-0.0564556524528168,-0.00966472131780052,0.0035));
#15305=CARTESIAN_POINT('',(-0.0544556524528168,-0.00966472131780052,0.0035));
#15306=CARTESIAN_POINT('',(-0.113604602452817,-0.00966472131780053,0.0045));
#15307=CARTESIAN_POINT('',(-0.113604602452817,-0.00966472131780053,0.0035));
#15308=CARTESIAN_POINT('',(-0.111604602452817,-0.00966472131780053,0.0035));
#15309=CARTESIAN_POINT('',(-0.0850303024528168,-0.0287146513178006,0.0045));
#15310=CARTESIAN_POINT('',(-0.0850303024528168,-0.0287146513178006,0.0035));
#15311=CARTESIAN_POINT('',(-0.0830303024528168,-0.0287146513178006,0.0035));
#15312=CARTESIAN_POINT('',(-0.127893102452817,-0.0287146513178005,0.0045));
#15313=CARTESIAN_POINT('',(-0.127893102452817,-0.0287146513178005,0.0035));
#15314=CARTESIAN_POINT('',(-0.125893102452817,-0.0287146513178005,0.0035));
#15315=CARTESIAN_POINT('',(-0.141244707659006,-0.027780965587089,0.001));
#15316=CARTESIAN_POINT('',(-0.141244707659006,-0.027780965587089,0.));
#15317=CARTESIAN_POINT('',(-0.148594707659006,-0.027780965587089,0.));
#15318=CARTESIAN_POINT('',(-0.141244707659006,0.027500034412911,0.001));
#15319=CARTESIAN_POINT('',(-0.141244707659006,0.027500034412911,0.));
#15320=CARTESIAN_POINT('',(-0.148594707659006,0.027500034412911,0.));
#15321=CARTESIAN_POINT('',(-0.153594707659006,-0.000140465587088967,0.0015));
#15322=CARTESIAN_POINT('',(-0.153594707659006,-0.0401309655870889,0.0015));
#15323=CARTESIAN_POINT('',(-0.153594707659006,-0.0401309655870889,0.));
#15324=CARTESIAN_POINT('',(-0.155094707659006,-0.0401309655870889,0.0015));
#15325=CARTESIAN_POINT('',(-0.155094707659006,-0.000140465587088967,0.0015));
#15326=CARTESIAN_POINT('',(-0.155094707659006,0.039850034412911,0.0015));
#15327=CARTESIAN_POINT('',(-0.153594707659006,0.039850034412911,0.0015));
#15328=CARTESIAN_POINT('',(-0.153594707659006,0.039850034412911,0.));
#15329=CARTESIAN_POINT('',(-0.153594707659006,-0.000140465587088967,0.));
#15330=CARTESIAN_POINT('',(-0.153094707659006,-0.000140465587088967,0.0085));
#15331=CARTESIAN_POINT('',(-0.153094707659006,-0.0396309655870889,0.0085));
#15332=CARTESIAN_POINT('',(-0.153094707659006,-0.0396309655870889,0.0085));
#15333=CARTESIAN_POINT('',(-0.153094707659006,-0.0396309655870889,0.0035));
#15334=CARTESIAN_POINT('',(-0.153094707659006,0.039350034412911,0.0035));
#15335=CARTESIAN_POINT('',(-0.153094707659006,0.039350034412911,0.0035));
#15336=CARTESIAN_POINT('',(-0.153094707659006,0.039350034412911,0.0085));
#15337=CARTESIAN_POINT('',(-0.153094707659006,0.039350034412911,0.0085));
#15338=CARTESIAN_POINT('',(-0.153094707659006,-0.000140465587088967,0.0085));
#15339=CARTESIAN_POINT('',(-0.153594707659006,-0.0401309655870889,0.0085));
#15340=CARTESIAN_POINT('',(-0.153594707659006,-0.0401309655870889,0.0085));
#15341=CARTESIAN_POINT('',(-0.155094707659006,-0.0401309655870889,0.0085));
#15342=CARTESIAN_POINT('',(-0.153594707659006,-0.0416309655870889,0.0085));
#15343=CARTESIAN_POINT('',(-0.155094707659006,-0.0401309655870889,0.0085));
#15344=CARTESIAN_POINT('',(-0.153594707659006,-0.0401309655870889,0.0015));
#15345=CARTESIAN_POINT('',(-0.153594707659006,-0.0416309655870889,0.0015));
#15346=CARTESIAN_POINT('',(-0.153594707659006,-0.0416309655870889,0.0085));
#15347=CARTESIAN_POINT('',(-0.155094707659006,-0.000140465587088967,0.0085));
#15348=CARTESIAN_POINT('',(-0.155094707659006,-0.000140465587088967,0.0085));
#15349=CARTESIAN_POINT('',(-0.155094707659006,0.039850034412911,0.0085));
#15350=CARTESIAN_POINT('',(-0.155094707659006,0.039850034412911,0.));
#15351=CARTESIAN_POINT('',(-0.153594707659006,0.039850034412911,0.0085));
#15352=CARTESIAN_POINT('',(-0.153594707659006,0.039850034412911,0.0085));
#15353=CARTESIAN_POINT('',(-0.153594707659006,0.041350034412911,0.0085));
#15354=CARTESIAN_POINT('',(-0.153594707659006,0.041350034412911,0.0085));
#15355=CARTESIAN_POINT('',(-0.153594707659006,0.041350034412911,0.0015));
#15356=CARTESIAN_POINT('',(-0.153594707659006,0.039850034412911,0.0015));
#15357=CARTESIAN_POINT('',(-0.108842452452817,0.0284354286821995,0.0035));
#15358=CARTESIAN_POINT('',(-0.108842452452817,0.0284354286821995,0.002));
#15359=CARTESIAN_POINT('',(-0.105342452452817,0.0284354286821995,0.002));
#15360=CARTESIAN_POINT('',(-0.0516925524528168,0.0284354286821995,0.0035));
#15361=CARTESIAN_POINT('',(-0.0516925524528168,0.0284354286821995,0.002));
#15362=CARTESIAN_POINT('',(-0.0481925524528168,0.0284354286821995,0.002));
#15363=CARTESIAN_POINT('',(-0.0564556524528168,-0.00966472131780052,0.0035));
#15364=CARTESIAN_POINT('',(-0.0564556524528168,-0.00966472131780052,0.002));
#15365=CARTESIAN_POINT('',(-0.0529556524528168,-0.00966472131780052,0.002));
#15366=CARTESIAN_POINT('',(-0.113604602452817,-0.00966472131780053,0.0035));
#15367=CARTESIAN_POINT('',(-0.113604602452817,-0.00966472131780053,0.002));
#15368=CARTESIAN_POINT('',(-0.110104602452817,-0.00966472131780053,0.002));
#15369=CARTESIAN_POINT('',(-0.0850303024528168,-0.0287146513178006,0.0035));
#15370=CARTESIAN_POINT('',(-0.0850303024528168,-0.0287146513178006,0.002));
#15371=CARTESIAN_POINT('',(-0.0815303024528168,-0.0287146513178006,0.002));
#15372=CARTESIAN_POINT('',(-0.127893102452817,-0.0287146513178005,0.0035));
#15373=CARTESIAN_POINT('',(-0.127893102452817,-0.0287146513178005,0.002));
#15374=CARTESIAN_POINT('',(-0.124393102452817,-0.0287146513178005,0.002));
#15375=CARTESIAN_POINT('',(-0.151594707659006,-0.000140465587088967,0.0035));
#15376=CARTESIAN_POINT('',(-0.151594707659006,-0.0381309655870889,0.0035));
#15377=CARTESIAN_POINT('',(-0.151594707659006,-0.0381309655870889,0.002));
#15378=CARTESIAN_POINT('',(-0.151594707659006,-0.0396309655870889,0.002));
#15379=CARTESIAN_POINT('',(-0.151594707659006,0.037850034412911,0.002));
#15380=CARTESIAN_POINT('',(-0.151594707659006,0.037850034412911,0.0035));
#15381=CARTESIAN_POINT('',(-0.153594707659006,-0.0401309655870889,0.0015));
#15382=CARTESIAN_POINT('',(-0.153594707659006,-0.0401309655870889,0.0015));
#15383=CARTESIAN_POINT('',(-0.153594707659006,0.039850034412911,0.0015));
#15384=CARTESIAN_POINT('',(-0.153594707659006,0.039850034412911,0.0015));
#15385=CARTESIAN_POINT('',(0.0126022923409939,-0.000140465587088967,0.0085));
#15386=CARTESIAN_POINT('',(-0.0200947076590061,-0.000140465587088967,0.0085));
#15387=CARTESIAN_POINT('',(-0.0200947076590061,0.041350034412911,0.0085));
#15388=CARTESIAN_POINT('',(-0.0200947076590061,0.039350034412911,0.0085));
#15389=CARTESIAN_POINT('',(0.0126022923409939,0.041350034412911,0.0085));
#15390=CARTESIAN_POINT('',(0.0126022923409939,-0.0416309655870889,0.0085));
#15391=CARTESIAN_POINT('',(-0.0200947076590061,-0.0416309655870889,0.0085));
#15392=CARTESIAN_POINT('',(-0.0200947076590061,-0.000140465587088967,0.0085));
#15393=CARTESIAN_POINT('',(-0.0200947076590061,-0.0396309655870889,0.0085));
#15394=CARTESIAN_POINT('',(0.0126022923409939,-0.0396309655870889,0.0085));
#15395=CARTESIAN_POINT('',(0.0126022923409939,0.039350034412911,0.0085));
#15396=CARTESIAN_POINT('',(0.0126022923409939,-0.0401309655870889,0.0015));
#15397=CARTESIAN_POINT('',(-0.0200947076590061,-0.0401309655870889,0.0015));
#15398=CARTESIAN_POINT('',(-0.0200947076590061,-0.0416309655870889,0.0015));
#15399=CARTESIAN_POINT('',(-0.0200947076590061,-0.0401309655870889,-4.33680868994202E-19));
#15400=CARTESIAN_POINT('',(0.0126022923409939,-0.0416309655870889,0.0015));
#15401=CARTESIAN_POINT('',(0.0126022923409939,-0.0401309655870889,0.));
#15402=CARTESIAN_POINT('',(0.0126022923409939,-0.0416309655870889,0.0085));
#15403=CARTESIAN_POINT('',(-0.0200947076590061,-0.0416309655870889,0.0085));
#15404=CARTESIAN_POINT('',(0.0126022923409939,0.039850034412911,0.0015));
#15405=CARTESIAN_POINT('',(-0.0200947076590061,0.039850034412911,0.0015));
#15406=CARTESIAN_POINT('',(-0.0200947076590061,0.039850034412911,0.));
#15407=CARTESIAN_POINT('',(-0.0200947076590061,0.041350034412911,0.0015));
#15408=CARTESIAN_POINT('',(0.180299292340994,0.039850034412911,0.));
#15409=CARTESIAN_POINT('',(-0.155094707659006,0.041350034412911,0.0015));
#15410=CARTESIAN_POINT('',(0.0126022923409939,0.041350034412911,0.0085));
#15411=CARTESIAN_POINT('',(-0.0200947076590061,0.041350034412911,0.0085));
#15412=CARTESIAN_POINT('',(0.0126022923409939,0.037850034412911,0.0035));
#15413=CARTESIAN_POINT('',(-0.010246630128884,0.037850034412911,0.0035));
#15414=CARTESIAN_POINT('',(-0.010246630128884,0.037850034412911,0.002));
#15415=CARTESIAN_POINT('',(-0.010246630128884,0.0379136073062338,0.00200134777642224));
#15416=CARTESIAN_POINT('',(-0.0106071699230062,0.037850034412911,0.0035));
#15417=CARTESIAN_POINT('',(-0.0106071699230062,0.037850034412911,0.002));
#15418=CARTESIAN_POINT('',(0.0126022923409939,0.037850034412911,0.002));
#15419=CARTESIAN_POINT('',(0.0126022923409939,-0.0381309655870889,0.0035));
#15420=CARTESIAN_POINT('',(-0.0106071699230061,-0.0381309655870889,0.0035));
#15421=CARTESIAN_POINT('',(-0.0106071699230061,-0.0381309655870889,0.002));
#15422=CARTESIAN_POINT('',(-0.010246630128884,-0.0381945384804117,0.00200134777642223));
#15423=CARTESIAN_POINT('',(-0.010246630128884,-0.0381309655870889,0.0035));
#15424=CARTESIAN_POINT('',(-0.010246630128884,-0.0381309655870889,0.002));
#15425=CARTESIAN_POINT('',(0.178299292340994,-0.0381309655870889,0.002));
#15426=CARTESIAN_POINT('',(0.0126022923409939,-0.0381309655870889,0.0035));
#15427=CARTESIAN_POINT('',(-0.153094707659006,-0.0396309655870889,0.0035));
#15428=CARTESIAN_POINT('',(-0.0200947076590061,-0.0396309655870889,0.0035));
#15429=CARTESIAN_POINT('',(-0.0200947076590061,-0.0381309655870889,0.0035));
#15430=CARTESIAN_POINT('',(-0.0200947076590061,-0.0381309655870889,0.002));
#15431=CARTESIAN_POINT('',(0.178299292340994,-0.0381309655870889,0.002));
#15432=CARTESIAN_POINT('',(0.0126022923409939,0.037850034412911,0.0035));
#15433=CARTESIAN_POINT('',(0.0126022923409939,0.037850034412911,0.002));
#15434=CARTESIAN_POINT('',(-0.0200947076590061,0.037850034412911,0.002));
#15435=CARTESIAN_POINT('',(-0.0200947076590061,0.037850034412911,0.0035));
#15436=CARTESIAN_POINT('',(-0.0200947076590061,0.039350034412911,0.0035));
#15437=CARTESIAN_POINT('',(0.0126022923409939,0.039350034412911,0.0035));
#15438=CARTESIAN_POINT('',(0.0126022923409939,-0.000140465587088967,0.002));
#15439=CARTESIAN_POINT('',(-0.0200947076590061,-0.000140465587088967,0.002));
#15440=CARTESIAN_POINT('',(-0.0200947076590061,0.0361771255295645,0.002));
#15441=CARTESIAN_POINT('',(-0.0200947076590061,-0.000140465587088967,0.002));
#15442=CARTESIAN_POINT('',(-0.0200947076590061,-0.0364580567037424,0.002));
#15443=CARTESIAN_POINT('',(0.00540568329243188,-0.040954463647095,0.002));
#15444=CARTESIAN_POINT('',(-0.010246630128884,-0.000140465587088967,0.002));
#15445=CARTESIAN_POINT('',(-0.010246630128884,-0.0281945384804118,0.002));
#15446=CARTESIAN_POINT('',(0.0167108420409032,-0.0234412088051807,0.002));
#15447=CARTESIAN_POINT('',(-0.0200947076590061,-0.0299310202570811,0.002));
#15448=CARTESIAN_POINT('',(-0.0200947076590061,-0.000140465587088967,0.002));
#15449=CARTESIAN_POINT('',(-0.0200947076590061,-0.0199310202570811,0.002));
#15450=CARTESIAN_POINT('',(0.00823197297954972,-0.0249257783275705,0.002));
#15451=CARTESIAN_POINT('',(-0.010246630128884,-0.0216675020337504,0.002));
#15452=CARTESIAN_POINT('',(-0.010246630128884,-0.000140465587088967,0.002));
#15453=CARTESIAN_POINT('',(-0.010246630128884,-0.0116675020337503,0.002));
#15454=CARTESIAN_POINT('',(0.0138845523537854,-0.00741252348565626,0.002));
#15455=CARTESIAN_POINT('',(-0.0200947076590061,-0.0134039838104197,0.002));
#15456=CARTESIAN_POINT('',(-0.0200947076590061,-0.000140465587088967,0.002));
#15457=CARTESIAN_POINT('',(-0.0200947076590061,-0.00340398381041966,0.002));
#15458=CARTESIAN_POINT('',(0.0110582626666676,-0.0088970930080461,0.002));
#15459=CARTESIAN_POINT('',(-0.010246630128884,-0.00514046558708896,0.002));
#15460=CARTESIAN_POINT('',(-0.010246630128884,-0.000140465587088967,0.002));
#15461=CARTESIAN_POINT('',(-0.010246630128884,0.00485953441291104,0.002));
#15462=CARTESIAN_POINT('',(0.0110582626666676,0.00861616183386818,0.002));
#15463=CARTESIAN_POINT('',(-0.0200947076590061,0.00312305263624173,0.002));
#15464=CARTESIAN_POINT('',(-0.0200947076590061,-0.000140465587088967,0.002));
#15465=CARTESIAN_POINT('',(-0.0200947076590061,0.0131230526362417,0.002));
#15466=CARTESIAN_POINT('',(0.0138845523537854,0.00713159231147833,0.002));
#15467=CARTESIAN_POINT('',(-0.010246630128884,0.0113865708595724,0.002));
#15468=CARTESIAN_POINT('',(-0.010246630128884,-0.000140465587088967,0.002));
#15469=CARTESIAN_POINT('',(-0.010246630128884,0.0213865708595725,0.002));
#15470=CARTESIAN_POINT('',(0.00823197297954972,0.0246448471533926,0.002));
#15471=CARTESIAN_POINT('',(-0.0200947076590061,0.0196500890829031,0.002));
#15472=CARTESIAN_POINT('',(-0.0200947076590061,-0.000140465587088967,0.002));
#15473=CARTESIAN_POINT('',(-0.0200947076590061,0.0296500890829032,0.002));
#15474=CARTESIAN_POINT('',(0.0167108420409032,0.0231602776310027,0.002));
#15475=CARTESIAN_POINT('',(-0.010246630128884,0.0279136073062339,0.002));
#15476=CARTESIAN_POINT('',(-0.010246630128884,-0.000140465587088967,0.002));
#15477=CARTESIAN_POINT('',(0.00540568329243184,0.040673532472917,0.002));
#15478=CARTESIAN_POINT('',(0.0126022923409939,-0.0396309655870889,0.0085));
#15479=CARTESIAN_POINT('',(-0.0200947076590061,-0.0396309655870889,0.0085));
#15480=CARTESIAN_POINT('',(0.0126022923409939,0.039350034412911,0.0085));
#15481=CARTESIAN_POINT('',(-0.0200947076590061,0.039350034412911,0.0085));
#15482=CARTESIAN_POINT('',(0.0126022923409939,-0.000140465587088967,0.));
#15483=CARTESIAN_POINT('',(-0.0200947076590061,-0.000140465587088967,0.));
#15484=CARTESIAN_POINT('',(-0.0200947076590061,0.0361771255295645,0.));
#15485=CARTESIAN_POINT('',(0.00540568329243184,0.040673532472917,0.));
#15486=CARTESIAN_POINT('',(-0.010246630128884,0.0379136073062338,0.));
#15487=CARTESIAN_POINT('',(-0.010246630128884,-0.000140465587088967,0.));
#15488=CARTESIAN_POINT('',(-0.010246630128884,0.0279136073062339,0.));
#15489=CARTESIAN_POINT('',(0.0167108420409032,0.0231602776310027,0.));
#15490=CARTESIAN_POINT('',(-0.0200947076590061,0.0296500890829032,0.));
#15491=CARTESIAN_POINT('',(-0.0200947076590061,-0.000140465587088967,0.));
#15492=CARTESIAN_POINT('',(-0.0200947076590061,0.0196500890829031,0.));
#15493=CARTESIAN_POINT('',(0.00823197297954972,0.0246448471533926,0.));
#15494=CARTESIAN_POINT('',(-0.010246630128884,0.0213865708595725,0.));
#15495=CARTESIAN_POINT('',(-0.010246630128884,-0.000140465587088967,0.));
#15496=CARTESIAN_POINT('',(-0.010246630128884,0.0113865708595724,0.));
#15497=CARTESIAN_POINT('',(0.0138845523537854,0.00713159231147833,0.));
#15498=CARTESIAN_POINT('',(-0.0200947076590061,0.0131230526362417,0.));
#15499=CARTESIAN_POINT('',(-0.0200947076590061,-0.000140465587088967,0.));
#15500=CARTESIAN_POINT('',(-0.0200947076590061,0.00312305263624173,0.));
#15501=CARTESIAN_POINT('',(0.0110582626666676,0.00861616183386818,0.));
#15502=CARTESIAN_POINT('',(-0.010246630128884,0.00485953441291104,0.));
#15503=CARTESIAN_POINT('',(-0.010246630128884,-0.000140465587088967,0.));
#15504=CARTESIAN_POINT('',(-0.010246630128884,-0.00514046558708896,0.));
#15505=CARTESIAN_POINT('',(0.0110582626666676,-0.0088970930080461,0.));
#15506=CARTESIAN_POINT('',(-0.0200947076590061,-0.00340398381041966,0.));
#15507=CARTESIAN_POINT('',(-0.0200947076590061,-0.000140465587088967,0.));
#15508=CARTESIAN_POINT('',(-0.0200947076590061,-0.0134039838104197,0.));
#15509=CARTESIAN_POINT('',(0.0138845523537854,-0.00741252348565626,0.));
#15510=CARTESIAN_POINT('',(-0.010246630128884,-0.0116675020337503,0.));
#15511=CARTESIAN_POINT('',(-0.010246630128884,-0.000140465587088967,0.));
#15512=CARTESIAN_POINT('',(-0.010246630128884,-0.0216675020337504,0.));
#15513=CARTESIAN_POINT('',(0.00823197297954972,-0.0249257783275705,0.));
#15514=CARTESIAN_POINT('',(-0.0200947076590061,-0.0199310202570811,0.));
#15515=CARTESIAN_POINT('',(-0.0200947076590061,-0.000140465587088967,0.));
#15516=CARTESIAN_POINT('',(-0.0200947076590061,-0.0299310202570811,0.));
#15517=CARTESIAN_POINT('',(0.0167108420409032,-0.0234412088051807,0.));
#15518=CARTESIAN_POINT('',(-0.010246630128884,-0.0281945384804118,0.));
#15519=CARTESIAN_POINT('',(-0.010246630128884,-0.000140465587088967,0.));
#15520=CARTESIAN_POINT('',(-0.010246630128884,-0.0381945384804117,0.));
#15521=CARTESIAN_POINT('',(0.00540568329243188,-0.040954463647095,0.));
#15522=CARTESIAN_POINT('',(-0.0200947076590061,-0.0364580567037424,0.));
#15523=CARTESIAN_POINT('',(-0.0200947076590061,-0.000140465587088967,0.));
#15524=CARTESIAN_POINT('',(-0.0322723389859405,0.0317973340469623,-0.023));
#15525=CARTESIAN_POINT('',(-0.010246630128884,0.0279136073062339,-0.023));
#15526=CARTESIAN_POINT('',(-0.0200947076590061,0.0296500890829032,-0.023));
#15527=CARTESIAN_POINT('',(-0.0200947076590061,0.0272242196769941,-0.023));
#15528=CARTESIAN_POINT('',(-0.0200947076590061,0.0196500890829031,-0.023));
#15529=CARTESIAN_POINT('',(-0.0239452131392298,0.0189711410773739,-0.023));
#15530=CARTESIAN_POINT('',(-0.010246630128884,0.0213865708595725,-0.023));
#15531=CARTESIAN_POINT('',(-0.010246630128884,0.0217585861743326,-0.023));
#15532=CARTESIAN_POINT('',(-0.010246630128884,0.0113865708595724,-0.023));
#15533=CARTESIAN_POINT('',(-0.0292494101675646,0.0147372736888601,-0.023));
#15534=CARTESIAN_POINT('',(-0.0200947076590061,0.0131230526362417,-0.023));
#15535=CARTESIAN_POINT('',(-0.0200947076590061,0.0155329552520092,-0.023));
#15536=CARTESIAN_POINT('',(-0.0200947076590061,0.00312305263624173,-0.023));
#15537=CARTESIAN_POINT('',(-0.0248681244565347,0.00228137046467044,-0.023));
#15538=CARTESIAN_POINT('',(-0.010246630128884,0.00485953441291104,-0.023));
#15539=CARTESIAN_POINT('',(-0.010246630128884,0.0102200354509885,-0.023));
#15540=CARTESIAN_POINT('',(-0.010246630128884,-0.00514046558708896,-0.023));
#15541=CARTESIAN_POINT('',(-0.0276624972611222,-0.00206957831924161,-0.023));
#15542=CARTESIAN_POINT('',(-0.0200947076590061,-0.00340398381041966,-0.023));
#15543=CARTESIAN_POINT('',(-0.0200947076590061,0.000278292817684298,-0.023));
#15544=CARTESIAN_POINT('',(-0.0200947076590061,-0.0134039838104197,-0.023));
#15545=CARTESIAN_POINT('',(-0.0270821522371536,-0.0146360588157521,-0.023));
#15546=CARTESIAN_POINT('',(-0.010246630128884,-0.0116675020337503,-0.023));
#15547=CARTESIAN_POINT('',(-0.010246630128884,-0.00910557182095685,-0.023));
#15548=CARTESIAN_POINT('',(-0.010246630128884,-0.0216675020337504,-0.023));
#15549=CARTESIAN_POINT('',(-0.0264836317721838,-0.0188044805582289,-0.023));
#15550=CARTESIAN_POINT('',(-0.0200947076590061,-0.0199310202570811,-0.023));
#15551=CARTESIAN_POINT('',(-0.0200947076590061,-0.0164319565401725,-0.023));
#15552=CARTESIAN_POINT('',(-0.0200947076590061,-0.0299310202570811,-0.023));
#15553=CARTESIAN_POINT('',(-0.0164725720791602,-0.0292923400265701,-0.023));
#15554=CARTESIAN_POINT('',(-0.010246630128884,-0.0281945384804118,-0.023));
#15555=CARTESIAN_POINT('',(-0.0202375669842564,0.0361519355760771,-0.023));
#15556=CARTESIAN_POINT('',(-0.0200947076590061,0.0361771255295645,-0.023));
#15557=CARTESIAN_POINT('',(-0.010246630128884,0.0379136073062338,-0.023));
#15558=CARTESIAN_POINT('',(-0.010246630128884,0.03276154594641,-0.023));
#15559=CARTESIAN_POINT('',(-0.010246630128884,-0.028917314785743,-0.023));
#15560=CARTESIAN_POINT('',(-0.010246630128884,-0.0381945384804117,-0.023));
#15561=CARTESIAN_POINT('',(-0.00737680686703959,-0.0387005657513397,-0.023));
#15562=CARTESIAN_POINT('',(-0.0200947076590061,-0.0364580567037424,-0.023));
#15563=CARTESIAN_POINT('',(-0.0200947076590061,0.0445362445753222,-0.023));
#15564=CARTESIAN_POINT('',(-0.0200947076590061,-0.0281090220566297,-0.023));
#15565=CARTESIAN_POINT('',(0.,0.,0.));
#15566=CARTESIAN_POINT('',(0.0126022923409939,-0.000140465587088967,0.));
#15567=CARTESIAN_POINT('',(0.166449292340994,0.027500034412911,0.));
#15568=CARTESIAN_POINT('',(0.159099292340994,0.027500034412911,0.));
#15569=CARTESIAN_POINT('',(0.166449292340994,-0.027780965587089,0.));
#15570=CARTESIAN_POINT('',(0.159099292340994,-0.027780965587089,0.));
#15571=CARTESIAN_POINT('',(-0.0200947076590061,-0.000140465587088967,0.));
#15572=CARTESIAN_POINT('',(-0.0200947076590061,0.039850034412911,0.));
#15573=CARTESIAN_POINT('',(-0.0200947076590061,0.0361771255295645,0.));
#15574=CARTESIAN_POINT('',(0.180299292340994,0.039850034412911,0.));
#15575=CARTESIAN_POINT('',(0.178799292340994,0.039850034412911,0.));
#15576=CARTESIAN_POINT('',(0.178799292340994,-0.0416309655870889,0.));
#15577=CARTESIAN_POINT('',(0.178799292340994,-0.0401309655870889,0.));
#15578=CARTESIAN_POINT('',(0.0126022923409939,-0.0401309655870889,0.));
#15579=CARTESIAN_POINT('',(-0.0200947076590061,-0.0401309655870889,-4.33680868994202E-19));
#15580=CARTESIAN_POINT('',(-0.0200947076590061,-0.000140465587088967,0.));
#15581=CARTESIAN_POINT('',(-0.0200947076590061,-0.0364580567037424,0.));
#15582=CARTESIAN_POINT('',(0.00540568329243188,-0.040954463647095,0.));
#15583=CARTESIAN_POINT('',(-0.010246630128884,-0.0381945384804117,0.));
#15584=CARTESIAN_POINT('',(-0.010246630128884,-0.000140465587088967,0.));
#15585=CARTESIAN_POINT('',(-0.010246630128884,-0.0281945384804118,0.));
#15586=CARTESIAN_POINT('',(0.0167108420409032,-0.0234412088051807,0.));
#15587=CARTESIAN_POINT('',(-0.0200947076590061,-0.0299310202570811,0.));
#15588=CARTESIAN_POINT('',(-0.0200947076590061,-0.000140465587088967,0.));
#15589=CARTESIAN_POINT('',(-0.0200947076590061,-0.0199310202570811,0.));
#15590=CARTESIAN_POINT('',(0.00823197297954972,-0.0249257783275705,0.));
#15591=CARTESIAN_POINT('',(-0.010246630128884,-0.0216675020337504,0.));
#15592=CARTESIAN_POINT('',(-0.010246630128884,-0.000140465587088967,0.));
#15593=CARTESIAN_POINT('',(-0.010246630128884,-0.0116675020337503,0.));
#15594=CARTESIAN_POINT('',(0.0138845523537854,-0.00741252348565626,0.));
#15595=CARTESIAN_POINT('',(-0.0200947076590061,-0.0134039838104197,0.));
#15596=CARTESIAN_POINT('',(-0.0200947076590061,-0.000140465587088967,0.));
#15597=CARTESIAN_POINT('',(-0.0200947076590061,-0.00340398381041966,0.));
#15598=CARTESIAN_POINT('',(0.0110582626666676,-0.0088970930080461,0.));
#15599=CARTESIAN_POINT('',(-0.010246630128884,-0.00514046558708896,0.));
#15600=CARTESIAN_POINT('',(-0.010246630128884,-0.000140465587088967,0.));
#15601=CARTESIAN_POINT('',(-0.010246630128884,0.00485953441291104,0.));
#15602=CARTESIAN_POINT('',(0.0110582626666676,0.00861616183386818,0.));
#15603=CARTESIAN_POINT('',(-0.0200947076590061,0.00312305263624173,0.));
#15604=CARTESIAN_POINT('',(-0.0200947076590061,-0.000140465587088967,0.));
#15605=CARTESIAN_POINT('',(-0.0200947076590061,0.0131230526362417,0.));
#15606=CARTESIAN_POINT('',(0.0138845523537854,0.00713159231147833,0.));
#15607=CARTESIAN_POINT('',(-0.010246630128884,0.0113865708595724,0.));
#15608=CARTESIAN_POINT('',(-0.010246630128884,-0.000140465587088967,0.));
#15609=CARTESIAN_POINT('',(-0.010246630128884,0.0213865708595725,0.));
#15610=CARTESIAN_POINT('',(0.00823197297954972,0.0246448471533926,0.));
#15611=CARTESIAN_POINT('',(-0.0200947076590061,0.0196500890829031,0.));
#15612=CARTESIAN_POINT('',(-0.0200947076590061,-0.000140465587088967,0.));
#15613=CARTESIAN_POINT('',(-0.0200947076590061,0.0296500890829032,0.));
#15614=CARTESIAN_POINT('',(0.0167108420409032,0.0231602776310027,0.));
#15615=CARTESIAN_POINT('',(-0.010246630128884,0.0279136073062339,0.));
#15616=CARTESIAN_POINT('',(-0.010246630128884,-0.000140465587088967,0.));
#15617=CARTESIAN_POINT('',(-0.010246630128884,0.0379136073062338,0.));
#15618=CARTESIAN_POINT('',(0.00540568329243184,0.040673532472917,0.));
#15619=CARTESIAN_POINT('',(0.0126022923409939,0.039350034412911,0.0085));
#15620=CARTESIAN_POINT('',(-0.0200947076590061,0.039350034412911,0.0085));
#15621=CARTESIAN_POINT('',(-0.0200947076590061,0.039350034412911,0.0035));
#15622=CARTESIAN_POINT('',(-0.0200947076590061,0.039350034412911,0.0085));
#15623=CARTESIAN_POINT('',(0.0126022923409939,0.039350034412911,0.0035));
#15624=CARTESIAN_POINT('',(0.178299292340994,0.039350034412911,0.0035));
#15625=CARTESIAN_POINT('',(0.178299292340994,0.039350034412911,0.0085));
#15626=CARTESIAN_POINT('',(0.178299292340994,0.039350034412911,0.0085));
#15627=CARTESIAN_POINT('',(0.0126022923409939,0.039350034412911,0.0085));
#15628=CARTESIAN_POINT('',(0.134699292340994,0.039350034412911,0.0085));
#15629=CARTESIAN_POINT('',(0.134699292340994,0.039350034412911,0.0085));
#15630=CARTESIAN_POINT('',(0.134699292340994,0.039350034412911,0.0076));
#15631=CARTESIAN_POINT('',(0.133199292340994,0.039350034412911,0.0076));
#15632=CARTESIAN_POINT('',(0.133199292340994,0.039350034412911,0.0061));
#15633=CARTESIAN_POINT('',(0.0126022923409939,0.039350034412911,0.0061));
#15634=CARTESIAN_POINT('',(0.125199292340994,0.039350034412911,0.0061));
#15635=CARTESIAN_POINT('',(0.125199292340994,0.039350034412911,0.0076));
#15636=CARTESIAN_POINT('',(0.123699292340994,0.039350034412911,0.0076));
#15637=CARTESIAN_POINT('',(0.123699292340994,0.039350034412911,0.0085));
#15638=CARTESIAN_POINT('',(0.123699292340994,0.039350034412911,0.0085));
#15639=CARTESIAN_POINT('',(0.0126022923409939,0.039350034412911,0.0085));
#15640=CARTESIAN_POINT('',(0.0126022923409939,-0.0396309655870889,0.0085));
#15641=CARTESIAN_POINT('',(-0.153094707659006,-0.0396309655870889,0.0035));
#15642=CARTESIAN_POINT('',(0.178299292340994,-0.0396309655870889,0.0035));
#15643=CARTESIAN_POINT('',(-0.0200947076590061,-0.0396309655870889,0.0035));
#15644=CARTESIAN_POINT('',(-0.0200947076590061,-0.0396309655870889,0.0085));
#15645=CARTESIAN_POINT('',(-0.0200947076590061,-0.0396309655870889,0.0085));
#15646=CARTESIAN_POINT('',(0.0126022923409939,-0.0396309655870889,0.0085));
#15647=CARTESIAN_POINT('',(0.178299292340994,-0.0396309655870889,0.0085));
#15648=CARTESIAN_POINT('',(0.178299292340994,-0.0396309655870889,0.0085));
#15649=CARTESIAN_POINT('',(0.0126022923409939,0.041350034412911,0.0085));
#15650=CARTESIAN_POINT('',(-0.155094707659006,0.041350034412911,0.0015));
#15651=CARTESIAN_POINT('',(0.178799292340994,0.041350034412911,0.0015));
#15652=CARTESIAN_POINT('',(-0.0200947076590061,0.041350034412911,0.0015));
#15653=CARTESIAN_POINT('',(-0.0200947076590061,0.041350034412911,0.0085));
#15654=CARTESIAN_POINT('',(-0.0200947076590061,0.041350034412911,0.0085));
#15655=CARTESIAN_POINT('',(0.0126022923409939,0.041350034412911,0.0085));
#15656=CARTESIAN_POINT('',(0.122199292340994,0.041350034412911,0.0085));
#15657=CARTESIAN_POINT('',(0.122199292340994,0.041350034412911,0.0085));
#15658=CARTESIAN_POINT('',(0.122199292340994,0.041350034412911,0.0076));
#15659=CARTESIAN_POINT('',(0.125199292340994,0.041350034412911,0.0076));
#15660=CARTESIAN_POINT('',(0.125199292340994,0.041350034412911,0.0046));
#15661=CARTESIAN_POINT('',(0.134699292340994,0.041350034412911,0.0046));
#15662=CARTESIAN_POINT('',(0.133199292340994,0.041350034412911,0.0046));
#15663=CARTESIAN_POINT('',(0.133199292340994,0.041350034412911,0.0076));
#15664=CARTESIAN_POINT('',(0.136199292340994,0.041350034412911,0.0076));
#15665=CARTESIAN_POINT('',(0.136199292340994,0.041350034412911,0.0085));
#15666=CARTESIAN_POINT('',(0.136199292340994,0.041350034412911,0.0085));
#15667=CARTESIAN_POINT('',(0.0126022923409939,0.041350034412911,0.0085));
#15668=CARTESIAN_POINT('',(0.178799292340994,0.041350034412911,0.0085));
#15669=CARTESIAN_POINT('',(0.178799292340994,0.041350034412911,0.0085));
#15670=CARTESIAN_POINT('',(0.0126022923409939,-0.0416309655870889,0.0085));
#15671=CARTESIAN_POINT('',(-0.0200947076590061,-0.0416309655870889,0.0085));
#15672=CARTESIAN_POINT('',(-0.0200947076590061,-0.0416309655870889,0.0015));
#15673=CARTESIAN_POINT('',(-0.0200947076590061,-0.0416309655870889,0.0085));
#15674=CARTESIAN_POINT('',(0.0126022923409939,-0.0416309655870889,0.0015));
#15675=CARTESIAN_POINT('',(0.178799292340994,-0.0416309655870889,0.0015));
#15676=CARTESIAN_POINT('',(0.178799292340994,-0.0416309655870889,0.0085));
#15677=CARTESIAN_POINT('',(0.178799292340994,-0.0416309655870889,0.0085));
#15678=CARTESIAN_POINT('',(0.0126022923409939,-0.0416309655870889,0.0085));
#15679=CARTESIAN_POINT('',(0.0126022923409939,-0.000140465587088967,0.0085));
#15680=CARTESIAN_POINT('',(-0.0200947076590061,-0.000140465587088967,0.0085));
#15681=CARTESIAN_POINT('',(0.123699292340994,-0.000140465587088967,0.0085));
#15682=CARTESIAN_POINT('',(0.123699292340994,0.039850034412911,0.0085));
#15683=CARTESIAN_POINT('',(0.122199292340994,0.039850034412911,0.0085));
#15684=CARTESIAN_POINT('',(0.0126022923409939,-0.000140465587088967,0.0085));
#15685=CARTESIAN_POINT('',(-0.0200947076590061,-0.000140465587088967,0.0085));
#15686=CARTESIAN_POINT('',(0.178799292340994,-0.0401309655870889,0.0085));
#15687=CARTESIAN_POINT('',(0.180299292340994,-0.0401309655870889,0.0085));
#15688=CARTESIAN_POINT('',(0.180299292340994,-0.000140465587088967,0.0085));
#15689=CARTESIAN_POINT('',(0.180299292340994,0.039850034412911,0.0085));
#15690=CARTESIAN_POINT('',(0.178799292340994,0.039850034412911,0.0085));
#15691=CARTESIAN_POINT('',(0.136199292340994,0.039850034412911,0.0085));
#15692=CARTESIAN_POINT('',(0.134699292340994,0.039850034412911,0.0085));
#15693=CARTESIAN_POINT('',(0.134699292340994,-0.000140465587088967,0.0085));
#15694=CARTESIAN_POINT('',(0.178299292340994,-0.000140465587088967,0.0085));
#15695=CARTESIAN_POINT('',(0.0126022923409939,-0.000140465587088967,0.002));
#15696=CARTESIAN_POINT('',(0.0126022923409939,0.037850034412911,0.002));
#15697=CARTESIAN_POINT('',(-0.0106071699230062,0.037850034412911,0.002));
#15698=CARTESIAN_POINT('',(-0.0200947076590061,0.037850034412911,0.002));
#15699=CARTESIAN_POINT('',(-0.0200947076590061,-0.000140465587088967,0.002));
#15700=CARTESIAN_POINT('',(-0.0200947076590061,0.0361771255295645,0.002));
#15701=CARTESIAN_POINT('',(0.00540568329243184,0.040673532472917,0.002));
#15702=CARTESIAN_POINT('',(0.0126022923409939,-0.000140465587088967,0.002));
#15703=CARTESIAN_POINT('',(0.00545769754718322,0.0284354286821995,0.002));
#15704=CARTESIAN_POINT('',(0.00895769754718322,0.0284354286821995,0.002));
#15705=CARTESIAN_POINT('',(0.0626076975471832,0.0284354286821995,0.002));
#15706=CARTESIAN_POINT('',(0.0661076975471832,0.0284354286821995,0.002));
#15707=CARTESIAN_POINT('',(0.100707697547183,0.0284354286821995,0.002));
#15708=CARTESIAN_POINT('',(0.104207697547183,0.0284354286821995,0.002));
#15709=CARTESIAN_POINT('',(0.157857697547183,0.0284354286821995,0.002));
#15710=CARTESIAN_POINT('',(0.161357697547183,0.0284354286821995,0.002));
#15711=CARTESIAN_POINT('',(0.0578451975471832,-0.00966472131780052,0.002));
#15712=CARTESIAN_POINT('',(0.0613451975471832,-0.00966472131780052,0.002));
#15713=CARTESIAN_POINT('',(0.000695197547183214,-0.00966472131780052,0.002));
#15714=CARTESIAN_POINT('',(0.00419519754718321,-0.00966472131780052,0.002));
#15715=CARTESIAN_POINT('',(0.0340318975471832,-0.0287146513178006,0.002));
#15716=CARTESIAN_POINT('',(0.0375318975471832,-0.0287146513178006,0.002));
#15717=CARTESIAN_POINT('',(0.0959451975471832,-0.0287146513178006,0.002));
#15718=CARTESIAN_POINT('',(0.0994451975471832,-0.0287146513178006,0.002));
#15719=CARTESIAN_POINT('',(0.0126022923409939,0.037850034412911,0.002));
#15720=CARTESIAN_POINT('',(0.176799292340994,0.037850034412911,0.002));
#15721=CARTESIAN_POINT('',(-0.010246630128884,0.037850034412911,0.002));
#15722=CARTESIAN_POINT('',(-0.010246630128884,-0.000140465587088967,0.002));
#15723=CARTESIAN_POINT('',(-0.010246630128884,0.0279136073062339,0.002));
#15724=CARTESIAN_POINT('',(0.0167108420409032,0.0231602776310027,0.002));
#15725=CARTESIAN_POINT('',(-0.0200947076590061,0.0296500890829032,0.002));
#15726=CARTESIAN_POINT('',(-0.0200947076590061,-0.000140465587088967,0.002));
#15727=CARTESIAN_POINT('',(-0.0200947076590061,0.0196500890829031,0.002));
#15728=CARTESIAN_POINT('',(0.00823197297954972,0.0246448471533926,0.002));
#15729=CARTESIAN_POINT('',(-0.010246630128884,0.0213865708595725,0.002));
#15730=CARTESIAN_POINT('',(-0.010246630128884,-0.000140465587088967,0.002));
#15731=CARTESIAN_POINT('',(-0.010246630128884,0.0113865708595724,0.002));
#15732=CARTESIAN_POINT('',(0.0138845523537854,0.00713159231147833,0.002));
#15733=CARTESIAN_POINT('',(-0.0200947076590061,0.0131230526362417,0.002));
#15734=CARTESIAN_POINT('',(-0.0200947076590061,-0.000140465587088967,0.002));
#15735=CARTESIAN_POINT('',(-0.0200947076590061,0.00312305263624173,0.002));
#15736=CARTESIAN_POINT('',(0.0110582626666676,0.00861616183386818,0.002));
#15737=CARTESIAN_POINT('',(-0.010246630128884,0.00485953441291104,0.002));
#15738=CARTESIAN_POINT('',(-0.010246630128884,-0.000140465587088967,0.002));
#15739=CARTESIAN_POINT('',(-0.010246630128884,-0.00514046558708896,0.002));
#15740=CARTESIAN_POINT('',(0.0110582626666676,-0.0088970930080461,0.002));
#15741=CARTESIAN_POINT('',(-0.0200947076590061,-0.00340398381041966,0.002));
#15742=CARTESIAN_POINT('',(-0.0200947076590061,-0.000140465587088967,0.002));
#15743=CARTESIAN_POINT('',(-0.0200947076590061,-0.0134039838104197,0.002));
#15744=CARTESIAN_POINT('',(0.0138845523537854,-0.00741252348565626,0.002));
#15745=CARTESIAN_POINT('',(-0.010246630128884,-0.0116675020337503,0.002));
#15746=CARTESIAN_POINT('',(-0.010246630128884,-0.000140465587088967,0.002));
#15747=CARTESIAN_POINT('',(-0.010246630128884,-0.0216675020337504,0.002));
#15748=CARTESIAN_POINT('',(0.00823197297954972,-0.0249257783275705,0.002));
#15749=CARTESIAN_POINT('',(-0.0200947076590061,-0.0199310202570811,0.002));
#15750=CARTESIAN_POINT('',(-0.0200947076590061,-0.000140465587088967,0.002));
#15751=CARTESIAN_POINT('',(-0.0200947076590061,-0.0299310202570811,0.002));
#15752=CARTESIAN_POINT('',(0.0167108420409032,-0.0234412088051807,0.002));
#15753=CARTESIAN_POINT('',(-0.010246630128884,-0.0281945384804118,0.002));
#15754=CARTESIAN_POINT('',(-0.010246630128884,-0.000140465587088967,0.002));
#15755=CARTESIAN_POINT('',(-0.010246630128884,-0.0381309655870889,0.002));
#15756=CARTESIAN_POINT('',(0.178299292340994,-0.0381309655870889,0.002));
#15757=CARTESIAN_POINT('',(0.176799292340994,-0.0381309655870889,0.002));
#15758=CARTESIAN_POINT('',(0.176799292340994,-0.000140465587088967,0.002));
#15759=CARTESIAN_POINT('',(0.0126022923409939,-0.000140465587088967,0.002));
#15760=CARTESIAN_POINT('',(0.178299292340994,-0.0381309655870889,0.002));
#15761=CARTESIAN_POINT('',(-0.0200947076590061,-0.0381309655870889,0.002));
#15762=CARTESIAN_POINT('',(-0.0106071699230061,-0.0381309655870889,0.002));
#15763=CARTESIAN_POINT('',(0.00540568329243188,-0.040954463647095,0.002));
#15764=CARTESIAN_POINT('',(-0.0200947076590061,-0.0364580567037424,0.002));
#15765=CARTESIAN_POINT('',(-0.0200947076590061,-0.000140465587088967,0.002));
#15766=CARTESIAN_POINT('',(0.0126022923409939,0.037850034412911,0.0035));
#15767=CARTESIAN_POINT('',(-0.0200947076590061,0.037850034412911,0.0035));
#15768=CARTESIAN_POINT('',(-0.0106071699230062,0.037850034412911,0.0035));
#15769=CARTESIAN_POINT('',(-0.010246630128884,0.0379136073062338,0.00200134777642224));
#15770=CARTESIAN_POINT('',(-0.010246630128884,0.037850034412911,0.0035));
#15771=CARTESIAN_POINT('',(0.176799292340994,0.037850034412911,0.0035));
#15772=CARTESIAN_POINT('',(0.0126022923409939,-0.0381309655870889,0.0035));
#15773=CARTESIAN_POINT('',(-0.010246630128884,-0.0381309655870889,0.0035));
#15774=CARTESIAN_POINT('',(-0.010246630128884,-0.0381945384804117,0.00200134777642223));
#15775=CARTESIAN_POINT('',(-0.0106071699230061,-0.0381309655870889,0.0035));
#15776=CARTESIAN_POINT('',(-0.0200947076590061,-0.0381309655870889,0.0035));
#15777=CARTESIAN_POINT('',(0.176799292340994,-0.0381309655870889,0.0035));
#15778=CARTESIAN_POINT('',(0.0126022923409939,-0.0401309655870889,0.0015));
#15779=CARTESIAN_POINT('',(-0.0200947076590061,-0.0401309655870889,0.0015));
#15780=CARTESIAN_POINT('',(0.178799292340994,-0.0401309655870889,0.0015));
#15781=CARTESIAN_POINT('',(0.0126022923409939,0.039850034412911,0.0015));
#15782=CARTESIAN_POINT('',(-0.0200947076590061,0.039850034412911,0.0015));
#15783=CARTESIAN_POINT('',(0.178799292340994,0.039850034412911,0.0015));
#15784=CARTESIAN_POINT('',(0.178299292340994,-0.000140465587088967,0.0085));
#15785=CARTESIAN_POINT('',(0.178299292340994,-0.000140465587088967,0.0035));
#15786=CARTESIAN_POINT('',(0.180299292340994,-0.000140465587088967,0.0085));
#15787=CARTESIAN_POINT('',(0.180299292340994,0.041350034412911,0.0015));
#15788=CARTESIAN_POINT('',(0.180299292340994,-0.0401309655870889,0.0015));
#15789=CARTESIAN_POINT('',(0.180299292340994,0.039850034412911,0.0015));
#15790=CARTESIAN_POINT('',(0.180299292340994,0.039850034412911,0.0085));
#15791=CARTESIAN_POINT('',(0.180299292340994,-0.0401309655870889,0.));
#15792=CARTESIAN_POINT('',(0.129199292340994,0.031350034412911,0.0061));
#15793=CARTESIAN_POINT('',(0.133199292340994,0.041350034412911,0.0061));
#15794=CARTESIAN_POINT('',(0.133199292340994,0.039850034412911,0.0061));
#15795=CARTESIAN_POINT('',(0.123699292340994,0.039850034412911,0.0061));
#15796=CARTESIAN_POINT('',(0.125199292340994,0.039850034412911,0.0061));
#15797=CARTESIAN_POINT('',(0.125199292340994,0.031350034412911,0.0061));
#15798=CARTESIAN_POINT('',(0.134699292340994,0.031350034412911,0.0096));
#15799=CARTESIAN_POINT('',(0.134699292340994,0.039850034412911,0.0061));
#15800=CARTESIAN_POINT('',(0.134699292340994,0.039850034412911,0.0076));
#15801=CARTESIAN_POINT('',(0.134699292340994,0.039350034412911,0.0076));
#15802=CARTESIAN_POINT('',(0.123699292340994,0.031350034412911,0.0096));
#15803=CARTESIAN_POINT('',(0.123699292340994,0.031350034412911,0.0076));
#15804=CARTESIAN_POINT('',(0.123699292340994,0.039850034412911,0.0076));
#15805=CARTESIAN_POINT('',(0.123699292340994,0.039850034412911,0.0096));
#15806=CARTESIAN_POINT('',(0.166449292340994,0.027500034412911,0.001));
#15807=CARTESIAN_POINT('',(0.166449292340994,0.027500034412911,0.001));
#15808=CARTESIAN_POINT('',(0.159099292340994,0.027500034412911,0.001));
#15809=CARTESIAN_POINT('',(0.0126022923409939,-0.000140465587088967,0.001));
#15810=CARTESIAN_POINT('',(0.166449292340994,-0.027780965587089,0.001));
#15811=CARTESIAN_POINT('',(0.166449292340994,-0.027780965587089,0.001));
#15812=CARTESIAN_POINT('',(0.159099292340994,-0.027780965587089,0.001));
#15813=CARTESIAN_POINT('',(0.0126022923409939,-0.000140465587088967,0.001));
#15814=CARTESIAN_POINT('',(0.0959451975471832,-0.0287146513178006,0.0045));
#15815=CARTESIAN_POINT('',(0.0959451975471832,-0.0287146513178006,0.0035));
#15816=CARTESIAN_POINT('',(0.0979451975471832,-0.0287146513178006,0.0035));
#15817=CARTESIAN_POINT('',(0.0959451975471832,-0.0287146513178006,0.0045));
#15818=CARTESIAN_POINT('',(0.0979451975471832,-0.0287146513178006,0.0045));
#15819=CARTESIAN_POINT('',(0.0126022923409939,-0.000140465587088967,0.0045));
#15820=CARTESIAN_POINT('',(0.0959451975471832,-0.0287146513178006,0.0045));
#15821=CARTESIAN_POINT('',(0.0945951975471832,-0.0287146513178006,0.0045));
#15822=CARTESIAN_POINT('',(0.0340318975471832,-0.0287146513178006,0.0045));
#15823=CARTESIAN_POINT('',(0.0340318975471832,-0.0287146513178006,0.0035));
#15824=CARTESIAN_POINT('',(0.0360318975471832,-0.0287146513178006,0.0035));
#15825=CARTESIAN_POINT('',(0.0340318975471832,-0.0287146513178006,0.0045));
#15826=CARTESIAN_POINT('',(0.0360318975471832,-0.0287146513178006,0.0045));
#15827=CARTESIAN_POINT('',(0.0126022923409939,-0.000140465587088967,0.0045));
#15828=CARTESIAN_POINT('',(0.0340318975471832,-0.0287146513178006,0.0045));
#15829=CARTESIAN_POINT('',(0.0326818975471832,-0.0287146513178006,0.0045));
#15830=CARTESIAN_POINT('',(0.00545769754718322,0.0284354286821995,0.0045));
#15831=CARTESIAN_POINT('',(0.00545769754718322,0.0284354286821995,0.0035));
#15832=CARTESIAN_POINT('',(0.00745769754718322,0.0284354286821995,0.0035));
#15833=CARTESIAN_POINT('',(0.00545769754718322,0.0284354286821995,0.0045));
#15834=CARTESIAN_POINT('',(0.00745769754718322,0.0284354286821995,0.0045));
#15835=CARTESIAN_POINT('',(0.0126022923409939,-0.000140465587088967,0.0045));
#15836=CARTESIAN_POINT('',(0.00545769754718321,0.0284354286821995,0.0045));
#15837=CARTESIAN_POINT('',(0.00410769754718321,0.0284354286821995,0.0045));
#15838=CARTESIAN_POINT('',(0.0626076975471832,0.0284354286821995,0.0045));
#15839=CARTESIAN_POINT('',(0.0626076975471832,0.0284354286821995,0.0035));
#15840=CARTESIAN_POINT('',(0.0646076975471832,0.0284354286821995,0.0035));
#15841=CARTESIAN_POINT('',(0.0626076975471832,0.0284354286821995,0.0045));
#15842=CARTESIAN_POINT('',(0.0646076975471832,0.0284354286821995,0.0045));
#15843=CARTESIAN_POINT('',(0.0126022923409939,-0.000140465587088967,0.0045));
#15844=CARTESIAN_POINT('',(0.0626076975471832,0.0284354286821995,0.0045));
#15845=CARTESIAN_POINT('',(0.0612576975471832,0.0284354286821995,0.0045));
#15846=CARTESIAN_POINT('',(0.100707697547183,0.0284354286821995,0.0045));
#15847=CARTESIAN_POINT('',(0.100707697547183,0.0284354286821995,0.0035));
#15848=CARTESIAN_POINT('',(0.102707697547183,0.0284354286821995,0.0035));
#15849=CARTESIAN_POINT('',(0.100707697547183,0.0284354286821995,0.0045));
#15850=CARTESIAN_POINT('',(0.102707697547183,0.0284354286821995,0.0045));
#15851=CARTESIAN_POINT('',(0.0126022923409939,-0.000140465587088967,0.0045));
#15852=CARTESIAN_POINT('',(0.100707697547183,0.0284354286821995,0.0045));
#15853=CARTESIAN_POINT('',(0.0993576975471832,0.0284354286821995,0.0045));
#15854=CARTESIAN_POINT('',(0.157857697547183,0.0284354286821995,0.0045));
#15855=CARTESIAN_POINT('',(0.157857697547183,0.0284354286821995,0.0035));
#15856=CARTESIAN_POINT('',(0.159857697547183,0.0284354286821995,0.0035));
#15857=CARTESIAN_POINT('',(0.157857697547183,0.0284354286821995,0.0045));
#15858=CARTESIAN_POINT('',(0.159857697547183,0.0284354286821995,0.0045));
#15859=CARTESIAN_POINT('',(0.0126022923409939,-0.000140465587088967,0.0045));
#15860=CARTESIAN_POINT('',(0.157857697547183,0.0284354286821995,0.0045));
#15861=CARTESIAN_POINT('',(0.156507697547183,0.0284354286821995,0.0045));
#15862=CARTESIAN_POINT('',(0.0578451975471832,-0.00966472131780052,0.0045));
#15863=CARTESIAN_POINT('',(0.0578451975471832,-0.00966472131780052,0.0035));
#15864=CARTESIAN_POINT('',(0.0598451975471832,-0.00966472131780052,0.0035));
#15865=CARTESIAN_POINT('',(0.0578451975471832,-0.00966472131780052,0.0045));
#15866=CARTESIAN_POINT('',(0.0598451975471832,-0.00966472131780052,0.0045));
#15867=CARTESIAN_POINT('',(0.0126022923409939,-0.000140465587088967,0.0045));
#15868=CARTESIAN_POINT('',(0.0578451975471832,-0.00966472131780052,0.0045));
#15869=CARTESIAN_POINT('',(0.0564951975471832,-0.00966472131780052,0.0045));
#15870=CARTESIAN_POINT('',(0.000695197547183214,-0.00966472131780052,0.0045));
#15871=CARTESIAN_POINT('',(0.000695197547183214,-0.00966472131780052,0.0035));
#15872=CARTESIAN_POINT('',(0.00269519754718321,-0.00966472131780052,0.0035));
#15873=CARTESIAN_POINT('',(0.000695197547183214,-0.00966472131780052,0.0045));
#15874=CARTESIAN_POINT('',(0.00269519754718321,-0.00966472131780052,0.0045));
#15875=CARTESIAN_POINT('',(0.0126022923409939,-0.000140465587088967,0.0045));
#15876=CARTESIAN_POINT('',(0.00069519754718321,-0.00966472131780052,0.0045));
#15877=CARTESIAN_POINT('',(-0.00065480245281679,-0.00966472131780052,0.0045));
#15878=CARTESIAN_POINT('',(0.0959451975471832,-0.0287146513178006,0.0035));
#15879=CARTESIAN_POINT('',(0.0340318975471832,-0.0287146513178006,0.0035));
#15880=CARTESIAN_POINT('',(0.000695197547183214,-0.00966472131780052,0.0035));
#15881=CARTESIAN_POINT('',(0.0578451975471832,-0.00966472131780052,0.0035));
#15882=CARTESIAN_POINT('',(0.157857697547183,0.0284354286821995,0.0035));
#15883=CARTESIAN_POINT('',(0.100707697547183,0.0284354286821995,0.0035));
#15884=CARTESIAN_POINT('',(0.0626076975471832,0.0284354286821995,0.0035));
#15885=CARTESIAN_POINT('',(0.00545769754718322,0.0284354286821995,0.0035));
#15886=CARTESIAN_POINT('',(0.176799292340994,-0.000140465587088967,0.0035));
#15887=CARTESIAN_POINT('',(0.125199292340994,0.031350034412911,0.0076));
#15888=CARTESIAN_POINT('',(0.125199292340994,0.039850034412911,0.0076));
#15889=CARTESIAN_POINT('',(0.122199292340994,0.039850034412911,0.0085));
#15890=CARTESIAN_POINT('',(0.122199292340994,0.039850034412911,0.0076));
#15891=CARTESIAN_POINT('',(0.125199292340994,0.039850034412911,0.0076));
#15892=CARTESIAN_POINT('',(0.125199292340994,0.039850034412911,0.0046));
#15893=CARTESIAN_POINT('',(0.129199292340994,0.039850034412911,0.0046));
#15894=CARTESIAN_POINT('',(0.133199292340994,0.039850034412911,0.0046));
#15895=CARTESIAN_POINT('',(0.136199292340994,0.039850034412911,0.0096));
#15896=CARTESIAN_POINT('',(0.136199292340994,0.039850034412911,0.0076));
#15897=CARTESIAN_POINT('',(0.133199292340994,0.039850034412911,0.0076));
#15898=CARTESIAN_POINT('',(0.133199292340994,0.039850034412911,0.0076));
#15899=CARTESIAN_POINT('',(0.133199292340994,0.031350034412911,0.0076));
#15900=CARTESIAN_POINT('',(0.178799292340994,-0.0401309655870889,0.0085));
#15901=CARTESIAN_POINT('',(0.178799292340994,-0.0401309655870889,0.0015));
#15902=CARTESIAN_POINT('',(0.178799292340994,-0.0401309655870889,0.0015));
#15903=CARTESIAN_POINT('',(0.178799292340994,-0.0401309655870889,0.0015));
#15904=CARTESIAN_POINT('',(0.178799292340994,-0.000140465587088967,0.0015));
#15905=CARTESIAN_POINT('',(0.178799292340994,0.039850034412911,0.0015));
#15906=CARTESIAN_POINT('',(0.178799292340994,0.039850034412911,0.0085));
#15907=CARTESIAN_POINT('',(0.178799292340994,0.039850034412911,0.0015));
#15908=CARTESIAN_POINT('',(0.178799292340994,0.039850034412911,0.0015));
#15909=CARTESIAN_POINT('',(0.00204519754718321,-0.00966472131780052,0.002));
#15910=CARTESIAN_POINT('',(0.00069519754718321,-0.00966472131780052,0.002));
#15911=CARTESIAN_POINT('',(-0.00065480245281679,-0.00966472131780052,0.002));
#15912=CARTESIAN_POINT('',(0.00069519754718321,-0.00966472131780052,0.0045));
#15913=CARTESIAN_POINT('',(0.0591951975471832,-0.00966472131780052,0.002));
#15914=CARTESIAN_POINT('',(0.0578451975471832,-0.00966472131780052,0.002));
#15915=CARTESIAN_POINT('',(0.0564951975471832,-0.00966472131780052,0.002));
#15916=CARTESIAN_POINT('',(0.0578451975471832,-0.00966472131780052,0.0045));
#15917=CARTESIAN_POINT('',(0.159207697547183,0.0284354286821995,0.002));
#15918=CARTESIAN_POINT('',(0.157857697547183,0.0284354286821995,0.002));
#15919=CARTESIAN_POINT('',(0.156507697547183,0.0284354286821995,0.002));
#15920=CARTESIAN_POINT('',(0.157857697547183,0.0284354286821995,0.0045));
#15921=CARTESIAN_POINT('',(0.102057697547183,0.0284354286821995,0.002));
#15922=CARTESIAN_POINT('',(0.100707697547183,0.0284354286821995,0.002));
#15923=CARTESIAN_POINT('',(0.0993576975471832,0.0284354286821995,0.002));
#15924=CARTESIAN_POINT('',(0.100707697547183,0.0284354286821995,0.0045));
#15925=CARTESIAN_POINT('',(0.0639576975471832,0.0284354286821995,0.002));
#15926=CARTESIAN_POINT('',(0.0626076975471832,0.0284354286821995,0.002));
#15927=CARTESIAN_POINT('',(0.0612576975471832,0.0284354286821995,0.002));
#15928=CARTESIAN_POINT('',(0.0626076975471832,0.0284354286821995,0.0045));
#15929=CARTESIAN_POINT('',(0.00680769754718322,0.0284354286821995,0.002));
#15930=CARTESIAN_POINT('',(0.00545769754718321,0.0284354286821995,0.002));
#15931=CARTESIAN_POINT('',(0.00410769754718321,0.0284354286821995,0.002));
#15932=CARTESIAN_POINT('',(0.00545769754718321,0.0284354286821995,0.0045));
#15933=CARTESIAN_POINT('',(0.0353818975471832,-0.0287146513178006,0.002));
#15934=CARTESIAN_POINT('',(0.0340318975471832,-0.0287146513178006,0.002));
#15935=CARTESIAN_POINT('',(0.0326818975471832,-0.0287146513178006,0.002));
#15936=CARTESIAN_POINT('',(0.0340318975471832,-0.0287146513178006,0.0045));
#15937=CARTESIAN_POINT('',(0.0972951975471832,-0.0287146513178006,0.002));
#15938=CARTESIAN_POINT('',(0.0959451975471832,-0.0287146513178006,0.002));
#15939=CARTESIAN_POINT('',(0.0945951975471832,-0.0287146513178006,0.002));
#15940=CARTESIAN_POINT('',(0.0959451975471832,-0.0287146513178006,0.0045));
#15941=CARTESIAN_POINT('',(-0.0322723389859405,0.0317973340469623,-0.023));
#15942=CARTESIAN_POINT('',(-0.010246630128884,0.0279136073062339,-0.023));
#15943=CARTESIAN_POINT('',(-0.0200947076590061,0.0296500890829032,-0.023));
#15944=CARTESIAN_POINT('',(-0.0200947076590061,0.0272242196769941,-0.023));
#15945=CARTESIAN_POINT('',(-0.0200947076590061,0.0196500890829031,-0.023));
#15946=CARTESIAN_POINT('',(-0.0239452131392298,0.0189711410773739,-0.023));
#15947=CARTESIAN_POINT('',(-0.010246630128884,0.0213865708595725,-0.023));
#15948=CARTESIAN_POINT('',(-0.010246630128884,0.0217585861743326,-0.023));
#15949=CARTESIAN_POINT('',(-0.010246630128884,0.0113865708595724,-0.023));
#15950=CARTESIAN_POINT('',(-0.0292494101675646,0.0147372736888601,-0.023));
#15951=CARTESIAN_POINT('',(-0.0200947076590061,0.0131230526362417,-0.023));
#15952=CARTESIAN_POINT('',(-0.0200947076590061,0.0155329552520092,-0.023));
#15953=CARTESIAN_POINT('',(-0.0200947076590061,0.00312305263624173,-0.023));
#15954=CARTESIAN_POINT('',(-0.0248681244565347,0.00228137046467044,-0.023));
#15955=CARTESIAN_POINT('',(-0.010246630128884,0.00485953441291104,-0.023));
#15956=CARTESIAN_POINT('',(-0.010246630128884,0.0102200354509885,-0.023));
#15957=CARTESIAN_POINT('',(-0.010246630128884,-0.00514046558708896,-0.023));
#15958=CARTESIAN_POINT('',(-0.0276624972611222,-0.00206957831924161,-0.023));
#15959=CARTESIAN_POINT('',(-0.0200947076590061,-0.00340398381041966,-0.023));
#15960=CARTESIAN_POINT('',(-0.0200947076590061,0.000278292817684298,-0.023));
#15961=CARTESIAN_POINT('',(-0.0200947076590061,-0.0134039838104197,-0.023));
#15962=CARTESIAN_POINT('',(-0.0270821522371536,-0.0146360588157521,-0.023));
#15963=CARTESIAN_POINT('',(-0.010246630128884,-0.0116675020337503,-0.023));
#15964=CARTESIAN_POINT('',(-0.010246630128884,-0.00910557182095685,-0.023));
#15965=CARTESIAN_POINT('',(-0.010246630128884,-0.0216675020337504,-0.023));
#15966=CARTESIAN_POINT('',(-0.0264836317721838,-0.0188044805582289,-0.023));
#15967=CARTESIAN_POINT('',(-0.0200947076590061,-0.0199310202570811,-0.023));
#15968=CARTESIAN_POINT('',(-0.0200947076590061,-0.0164319565401725,-0.023));
#15969=CARTESIAN_POINT('',(-0.0200947076590061,-0.0299310202570811,-0.023));
#15970=CARTESIAN_POINT('',(-0.0164725720791602,-0.0292923400265701,-0.023));
#15971=CARTESIAN_POINT('',(-0.010246630128884,-0.0281945384804118,-0.023));
#15972=CARTESIAN_POINT('',(-0.0202375669842564,0.0361519355760771,-0.023));
#15973=CARTESIAN_POINT('',(-0.0200947076590061,0.0361771255295645,-0.023));
#15974=CARTESIAN_POINT('',(-0.010246630128884,0.0379136073062338,-0.023));
#15975=CARTESIAN_POINT('',(-0.010246630128884,0.03276154594641,-0.023));
#15976=CARTESIAN_POINT('',(-0.010246630128884,-0.028917314785743,-0.023));
#15977=CARTESIAN_POINT('',(-0.010246630128884,-0.0381945384804117,-0.023));
#15978=CARTESIAN_POINT('',(-0.00737680686703959,-0.0387005657513397,-0.023));
#15979=CARTESIAN_POINT('',(-0.0200947076590061,-0.0364580567037424,-0.023));
#15980=CARTESIAN_POINT('',(-0.0200947076590061,0.0445362445753222,-0.023));
#15981=CARTESIAN_POINT('',(-0.0200947076590061,-0.0281090220566297,-0.023));
#15982=CARTESIAN_POINT('',(0.,0.,0.));
#15983=CARTESIAN_POINT('',(0.0371,0.,0.));
#15984=CARTESIAN_POINT('',(0.0371,-0.000140465587088974,0.0115));
#15985=CARTESIAN_POINT('',(0.0371,0.0163850786821995,0.0115));
#15986=CARTESIAN_POINT('',(0.0371,0.0214357786821995,0.0115));
#15987=CARTESIAN_POINT('',(0.0371,0.0163850786821995,0.0115));
#15988=CARTESIAN_POINT('',(0.0371,0.0163850786821995,0.0085));
#15989=CARTESIAN_POINT('',(0.0371,-0.000140465587088974,0.0085));
#15990=CARTESIAN_POINT('',(0.0371,0.0214357786821995,0.0085));
#15991=CARTESIAN_POINT('',(0.0371,0.0214357786821995,0.0115));
#15992=CARTESIAN_POINT('',(-0.153594707659006,-0.000140465587088974,0.0166));
#15993=CARTESIAN_POINT('',(-0.153594707659006,0.039850034412911,0.0166));
#15994=CARTESIAN_POINT('',(-0.153594707659006,0.039850034412911,0.0181));
#15995=CARTESIAN_POINT('',(-0.155094707659006,0.039850034412911,0.0166));
#15996=CARTESIAN_POINT('',(-0.155094707659006,0.041350034412911,0.0166));
#15997=CARTESIAN_POINT('',(-0.155094707659006,-0.0401309655870889,0.0166));
#15998=CARTESIAN_POINT('',(-0.153594707659006,-0.0401309655870889,0.0166));
#15999=CARTESIAN_POINT('',(-0.153594707659006,-0.0401309655870889,0.0181));
#16000=CARTESIAN_POINT('',(-0.153594707659006,-0.0416309655870889,0.0181));
#16001=CARTESIAN_POINT('',(-0.153594707659006,-0.0388930520669427,0.0181));
#16002=CARTESIAN_POINT('',(-0.153654996882447,-0.0382403283178006,0.0180987879134611));
#16003=CARTESIAN_POINT('',(-0.153654996882447,-0.0384592853022884,0.0180987879134611));
#16004=CARTESIAN_POINT('',(-0.153634067108776,-0.0386778864664153,0.0181));
#16005=CARTESIAN_POINT('',(-0.153594707659006,-0.0388930520669427,0.0181));
#16006=CARTESIAN_POINT('',(-0.153654996882447,-0.0382403283178006,0.0180987879134611));
#16007=CARTESIAN_POINT('',(-0.153654996882447,0.0379594786821995,0.0180987879134611));
#16008=CARTESIAN_POINT('',(-0.153654996882447,0.0379594786821995,0.0180987879134611));
#16009=CARTESIAN_POINT('',(-0.153654996882447,0.0379594786821995,0.0180987879134611));
#16010=CARTESIAN_POINT('',(-0.153654996882447,0.0381784356666873,0.0180987879134611));
#16011=CARTESIAN_POINT('',(-0.153634067108776,0.0383970368308143,0.0181));
#16012=CARTESIAN_POINT('',(-0.153594707659006,0.0386122024313416,0.0181));
#16013=CARTESIAN_POINT('',(-0.153594707659006,0.0386122024313416,0.0181));
#16014=CARTESIAN_POINT('',(-0.153594707659006,-0.0416309655870889,0.0181));
#16015=CARTESIAN_POINT('',(-0.153704217852817,-0.000140424817800543,0.0171));
#16016=CARTESIAN_POINT('',(-0.153704217852817,0.0379594786821995,0.0171));
#16017=CARTESIAN_POINT('',(-0.152704217852817,0.0379594786821995,0.0171));
#16018=CARTESIAN_POINT('',(-0.153704217852817,-0.0382403283178006,0.0171));
#16019=CARTESIAN_POINT('',(-0.152704217852817,-0.0382403283178006,0.0171));
#16020=CARTESIAN_POINT('',(-0.152704217852817,-0.000140424817800543,0.0171));
#16021=CARTESIAN_POINT('',(-0.155094707659006,-0.000140465587088967,0.0115));
#16022=CARTESIAN_POINT('',(-0.155094707659006,0.039850034412911,0.0085));
#16023=CARTESIAN_POINT('',(-0.155094707659006,0.039850034412911,0.0085));
#16024=CARTESIAN_POINT('',(-0.155094707659006,-0.000140465587088967,0.0085));
#16025=CARTESIAN_POINT('',(-0.155094707659006,-0.0401309655870889,0.0085));
#16026=CARTESIAN_POINT('',(-0.155094707659006,-0.0401309655870889,0.0115));
#16027=CARTESIAN_POINT('',(-0.152704217852817,-0.000140424817800543,0.0181));
#16028=CARTESIAN_POINT('',(-0.152704217852817,-0.0382403283178006,0.0115));
#16029=CARTESIAN_POINT('',(-0.152704217852817,-0.0382403283178006,0.0115));
#16030=CARTESIAN_POINT('',(-0.152704217852817,-0.000140465587088974,0.0115));
#16031=CARTESIAN_POINT('',(-0.152704217852817,0.0379594786821995,0.0115));
#16032=CARTESIAN_POINT('',(-0.152704217852817,0.0379594786821995,0.0181));
#16033=CARTESIAN_POINT('',(-0.0945549524528168,-0.0357143813178006,0.0115));
#16034=CARTESIAN_POINT('',(-0.0945549524528168,-0.0357143813178006,0.0085));
#16035=CARTESIAN_POINT('',(-0.0875553024528168,-0.0357143813178006,0.0085));
#16036=CARTESIAN_POINT('',(-0.101554602452817,-0.0357143813178006,0.0085));
#16037=CARTESIAN_POINT('',(-0.101554602452817,-0.0357143813178006,0.0115));
#16038=CARTESIAN_POINT('',(-0.101554602452817,-0.0357143813178006,0.0115));
#16039=CARTESIAN_POINT('',(-0.0945549524528168,-0.0357143813178006,0.0115));
#16040=CARTESIAN_POINT('',(-0.0875553024528168,-0.0357143813178006,0.0115));
#16041=CARTESIAN_POINT('',(-0.0875553024528168,-0.0357143813178006,0.0115));
#16042=CARTESIAN_POINT('',(-0.0875553024528168,-0.0287146513178006,0.0115));
#16043=CARTESIAN_POINT('',(-0.0875553024528168,-0.0287146513178006,0.0085));
#16044=CARTESIAN_POINT('',(-0.0875553024528168,-0.0217149213178005,0.0085));
#16045=CARTESIAN_POINT('',(-0.0875553024528168,-0.0287146513178006,0.0115));
#16046=CARTESIAN_POINT('',(-0.0875553024528168,-0.0217149213178005,0.0115));
#16047=CARTESIAN_POINT('',(-0.0875553024528168,-0.0217149213178005,0.0115));
#16048=CARTESIAN_POINT('',(-0.0945549524528168,-0.0217149213178005,0.0115));
#16049=CARTESIAN_POINT('',(-0.0945549524528168,-0.0217149213178005,0.0085));
#16050=CARTESIAN_POINT('',(-0.101554602452817,-0.0217149213178005,0.0085));
#16051=CARTESIAN_POINT('',(-0.0945549524528168,-0.0217149213178005,0.0115));
#16052=CARTESIAN_POINT('',(-0.101554602452817,-0.0217149213178005,0.0115));
#16053=CARTESIAN_POINT('',(-0.101554602452817,-0.0217149213178005,0.0115));
#16054=CARTESIAN_POINT('',(-0.101554602452817,-0.0287146513178006,0.0115));
#16055=CARTESIAN_POINT('',(-0.101554602452817,-0.0287146513178006,0.0085));
#16056=CARTESIAN_POINT('',(-0.101554602452817,-0.0287146513178006,0.0115));
#16057=CARTESIAN_POINT('',(-0.0850299524528168,-0.0166644213178005,0.0115));
#16058=CARTESIAN_POINT('',(-0.0850299524528168,-0.0166644213178005,0.0085));
#16059=CARTESIAN_POINT('',(-0.0780303024528168,-0.0166644213178005,0.0085));
#16060=CARTESIAN_POINT('',(-0.0920296024528168,-0.0166644213178005,0.0085));
#16061=CARTESIAN_POINT('',(-0.0920296024528168,-0.0166644213178005,0.0115));
#16062=CARTESIAN_POINT('',(-0.0920296024528168,-0.0166644213178005,0.0115));
#16063=CARTESIAN_POINT('',(-0.0850299524528168,-0.0166644213178005,0.0115));
#16064=CARTESIAN_POINT('',(-0.0780303024528168,-0.0166644213178005,0.0115));
#16065=CARTESIAN_POINT('',(-0.0780303024528168,-0.0166644213178005,0.0115));
#16066=CARTESIAN_POINT('',(-0.0780303024528168,-0.00966472131780052,0.0115));
#16067=CARTESIAN_POINT('',(-0.0780303024528168,-0.00966472131780052,0.0085));
#16068=CARTESIAN_POINT('',(-0.0780303024528168,-0.00266502131780053,0.0085));
#16069=CARTESIAN_POINT('',(-0.0780303024528168,-0.00966472131780052,0.0115));
#16070=CARTESIAN_POINT('',(-0.0780303024528168,-0.00266502131780053,0.0115));
#16071=CARTESIAN_POINT('',(-0.0780303024528168,-0.00266502131780053,0.0115));
#16072=CARTESIAN_POINT('',(-0.0850299524528168,-0.00266502131780053,0.0115));
#16073=CARTESIAN_POINT('',(-0.0850299524528168,-0.00266502131780053,0.0085));
#16074=CARTESIAN_POINT('',(-0.0920296024528168,-0.00266502131780052,0.0085));
#16075=CARTESIAN_POINT('',(-0.0850299524528168,-0.00266502131780053,0.0115));
#16076=CARTESIAN_POINT('',(-0.0920296024528168,-0.00266502131780052,0.0115));
#16077=CARTESIAN_POINT('',(-0.0920296024528168,-0.00266502131780052,0.0115));
#16078=CARTESIAN_POINT('',(-0.0920296024528168,-0.00966472131780052,0.0115));
#16079=CARTESIAN_POINT('',(-0.0920296024528168,-0.00966472131780052,0.0085));
#16080=CARTESIAN_POINT('',(-0.0920296024528168,-0.00966472131780052,0.0115));
#16081=CARTESIAN_POINT('',(-0.0278808024528168,-0.0166644213178005,0.0115));
#16082=CARTESIAN_POINT('',(-0.0278808024528168,-0.0166644213178005,0.0085));
#16083=CARTESIAN_POINT('',(-0.0208803024528168,-0.0166644213178005,0.0085));
#16084=CARTESIAN_POINT('',(-0.0348813024528168,-0.0166644213178005,0.0085));
#16085=CARTESIAN_POINT('',(-0.0348813024528168,-0.0166644213178005,0.0115));
#16086=CARTESIAN_POINT('',(-0.0348813024528168,-0.0166644213178005,0.0115));
#16087=CARTESIAN_POINT('',(-0.0278808024528168,-0.0166644213178005,0.0115));
#16088=CARTESIAN_POINT('',(-0.0208803024528168,-0.0166644213178005,0.0115));
#16089=CARTESIAN_POINT('',(-0.0208803024528168,-0.0166644213178005,0.0115));
#16090=CARTESIAN_POINT('',(-0.0208803024528168,-0.00966472131780052,0.0115));
#16091=CARTESIAN_POINT('',(-0.0208803024528168,-0.00966472131780052,0.0085));
#16092=CARTESIAN_POINT('',(-0.0208803024528168,-0.00266502131780053,0.0085));
#16093=CARTESIAN_POINT('',(-0.0208803024528168,-0.00966472131780052,0.0115));
#16094=CARTESIAN_POINT('',(-0.0208803024528168,-0.00266502131780053,0.0115));
#16095=CARTESIAN_POINT('',(-0.0208803024528168,-0.00266502131780053,0.0115));
#16096=CARTESIAN_POINT('',(-0.0278808024528168,-0.00266502131780053,0.0115));
#16097=CARTESIAN_POINT('',(-0.0278808024528168,-0.00266502131780053,0.0085));
#16098=CARTESIAN_POINT('',(-0.0348813024528168,-0.00266502131780052,0.0085));
#16099=CARTESIAN_POINT('',(-0.0278808024528168,-0.00266502131780053,0.0115));
#16100=CARTESIAN_POINT('',(-0.0348813024528168,-0.00266502131780052,0.0115));
#16101=CARTESIAN_POINT('',(-0.0348813024528168,-0.00266502131780052,0.0115));
#16102=CARTESIAN_POINT('',(-0.0348813024528168,-0.00966472131780052,0.0115));
#16103=CARTESIAN_POINT('',(-0.0348813024528168,-0.00966472131780052,0.0085));
#16104=CARTESIAN_POINT('',(-0.0348813024528168,-0.00966472131780052,0.0115));
#16105=CARTESIAN_POINT('',(0.0292701975471832,-0.0166644213178005,0.0115));
#16106=CARTESIAN_POINT('',(0.0292701975471832,-0.0166644213178005,0.0085));
#16107=CARTESIAN_POINT('',(0.0362696975471832,-0.0166644213178005,0.0085));
#16108=CARTESIAN_POINT('',(0.0222706975471832,-0.0166644213178005,0.0085));
#16109=CARTESIAN_POINT('',(0.0222706975471832,-0.0166644213178005,0.0115));
#16110=CARTESIAN_POINT('',(0.0222706975471832,-0.0166644213178005,0.0115));
#16111=CARTESIAN_POINT('',(0.0292701975471832,-0.0166644213178005,0.0115));
#16112=CARTESIAN_POINT('',(0.0362696975471832,-0.0166644213178005,0.0115));
#16113=CARTESIAN_POINT('',(0.0362696975471832,-0.0166644213178005,0.0115));
#16114=CARTESIAN_POINT('',(0.0362696975471832,-0.00966472131780052,0.0115));
#16115=CARTESIAN_POINT('',(0.0362696975471832,-0.00966472131780052,0.0085));
#16116=CARTESIAN_POINT('',(0.0362696975471832,-0.00266502131780053,0.0085));
#16117=CARTESIAN_POINT('',(0.0362696975471832,-0.00966472131780052,0.0115));
#16118=CARTESIAN_POINT('',(0.0362696975471832,-0.00266502131780053,0.0115));
#16119=CARTESIAN_POINT('',(0.0362696975471832,-0.00266502131780053,0.0115));
#16120=CARTESIAN_POINT('',(0.0292701975471832,-0.00266502131780053,0.0115));
#16121=CARTESIAN_POINT('',(0.0292701975471832,-0.00266502131780053,0.0085));
#16122=CARTESIAN_POINT('',(0.0222706975471832,-0.00266502131780052,0.0085));
#16123=CARTESIAN_POINT('',(0.0292701975471832,-0.00266502131780053,0.0115));
#16124=CARTESIAN_POINT('',(0.0222706975471832,-0.00266502131780052,0.0115));
#16125=CARTESIAN_POINT('',(0.0222706975471832,-0.00266502131780052,0.0115));
#16126=CARTESIAN_POINT('',(0.0222706975471832,-0.00966472131780052,0.0115));
#16127=CARTESIAN_POINT('',(0.0222706975471832,-0.00966472131780052,0.0085));
#16128=CARTESIAN_POINT('',(0.0222706975471832,-0.00966472131780052,0.0115));
#16129=CARTESIAN_POINT('',(-0.137417372452817,0.00238577868219948,0.0115));
#16130=CARTESIAN_POINT('',(-0.137417372452817,0.00238577868219948,0.0085));
#16131=CARTESIAN_POINT('',(-0.130417602452817,0.00238577868219948,0.0085));
#16132=CARTESIAN_POINT('',(-0.144417142452817,0.00238577868219948,0.0085));
#16133=CARTESIAN_POINT('',(-0.144417142452817,0.00238577868219948,0.0115));
#16134=CARTESIAN_POINT('',(-0.144417142452817,0.00238577868219948,0.0115));
#16135=CARTESIAN_POINT('',(-0.137417372452817,0.00238577868219948,0.0115));
#16136=CARTESIAN_POINT('',(-0.130417602452817,0.00238577868219948,0.0115));
#16137=CARTESIAN_POINT('',(-0.130417602452817,0.00238577868219948,0.0115));
#16138=CARTESIAN_POINT('',(-0.130417602452817,0.00938542868219948,0.0115));
#16139=CARTESIAN_POINT('',(-0.130417602452817,0.00938542868219948,0.0085));
#16140=CARTESIAN_POINT('',(-0.130417602452817,0.0163850786821995,0.0085));
#16141=CARTESIAN_POINT('',(-0.130417602452817,0.00938542868219948,0.0115));
#16142=CARTESIAN_POINT('',(-0.130417602452817,0.0163850786821995,0.0115));
#16143=CARTESIAN_POINT('',(-0.130417602452817,0.0163850786821995,0.0115));
#16144=CARTESIAN_POINT('',(-0.137417372452817,0.0163850786821995,0.0115));
#16145=CARTESIAN_POINT('',(-0.137417372452817,0.0163850786821995,0.0085));
#16146=CARTESIAN_POINT('',(-0.144417142452817,0.0163850786821995,0.0085));
#16147=CARTESIAN_POINT('',(-0.137417372452817,0.0163850786821995,0.0115));
#16148=CARTESIAN_POINT('',(-0.144417142452817,0.0163850786821995,0.0115));
#16149=CARTESIAN_POINT('',(-0.144417142452817,0.0163850786821995,0.0115));
#16150=CARTESIAN_POINT('',(-0.144417142452817,0.00938542868219948,0.0115));
#16151=CARTESIAN_POINT('',(-0.144417142452817,0.00938542868219948,0.0085));
#16152=CARTESIAN_POINT('',(-0.144417142452817,0.00938542868219948,0.0115));
#16153=CARTESIAN_POINT('',(-0.113604952452817,0.00238577868219948,0.0115));
#16154=CARTESIAN_POINT('',(-0.113604952452817,0.00238577868219948,0.0085));
#16155=CARTESIAN_POINT('',(-0.106605302452817,0.00238577868219948,0.0085));
#16156=CARTESIAN_POINT('',(-0.120604602452817,0.00238577868219948,0.0085));
#16157=CARTESIAN_POINT('',(-0.120604602452817,0.00238577868219948,0.0115));
#16158=CARTESIAN_POINT('',(-0.120604602452817,0.00238577868219948,0.0115));
#16159=CARTESIAN_POINT('',(-0.113604952452817,0.00238577868219948,0.0115));
#16160=CARTESIAN_POINT('',(-0.106605302452817,0.00238577868219948,0.0115));
#16161=CARTESIAN_POINT('',(-0.106605302452817,0.00238577868219948,0.0115));
#16162=CARTESIAN_POINT('',(-0.106605302452817,0.00938542868219948,0.0115));
#16163=CARTESIAN_POINT('',(-0.106605302452817,0.00938542868219948,0.0085));
#16164=CARTESIAN_POINT('',(-0.106605302452817,0.0163850786821995,0.0085));
#16165=CARTESIAN_POINT('',(-0.106605302452817,0.00938542868219948,0.0115));
#16166=CARTESIAN_POINT('',(-0.106605302452817,0.0163850786821995,0.0115));
#16167=CARTESIAN_POINT('',(-0.106605302452817,0.0163850786821995,0.0115));
#16168=CARTESIAN_POINT('',(-0.113604952452817,0.0163850786821995,0.0115));
#16169=CARTESIAN_POINT('',(-0.113604952452817,0.0163850786821995,0.0085));
#16170=CARTESIAN_POINT('',(-0.120604602452817,0.0163850786821995,0.0085));
#16171=CARTESIAN_POINT('',(-0.113604952452817,0.0163850786821995,0.0115));
#16172=CARTESIAN_POINT('',(-0.120604602452817,0.0163850786821995,0.0115));
#16173=CARTESIAN_POINT('',(-0.120604602452817,0.0163850786821995,0.0115));
#16174=CARTESIAN_POINT('',(-0.120604602452817,0.00938542868219948,0.0115));
#16175=CARTESIAN_POINT('',(-0.120604602452817,0.00938542868219948,0.0085));
#16176=CARTESIAN_POINT('',(-0.120604602452817,0.00938542868219948,0.0115));
#16177=CARTESIAN_POINT('',(-0.0945549524528168,0.00238577868219948,0.0115));
#16178=CARTESIAN_POINT('',(-0.0945549524528168,0.00238577868219948,0.0085));
#16179=CARTESIAN_POINT('',(-0.0875553024528168,0.00238577868219948,0.0085));
#16180=CARTESIAN_POINT('',(-0.101554602452817,0.00238577868219948,0.0085));
#16181=CARTESIAN_POINT('',(-0.101554602452817,0.00238577868219948,0.0115));
#16182=CARTESIAN_POINT('',(-0.101554602452817,0.00238577868219948,0.0115));
#16183=CARTESIAN_POINT('',(-0.0945549524528168,0.00238577868219948,0.0115));
#16184=CARTESIAN_POINT('',(-0.0875553024528168,0.00238577868219948,0.0115));
#16185=CARTESIAN_POINT('',(-0.0875553024528168,0.00238577868219948,0.0115));
#16186=CARTESIAN_POINT('',(-0.0875553024528168,0.00938542868219948,0.0115));
#16187=CARTESIAN_POINT('',(-0.0875553024528168,0.00938542868219948,0.0085));
#16188=CARTESIAN_POINT('',(-0.0875553024528168,0.0163850786821995,0.0085));
#16189=CARTESIAN_POINT('',(-0.0875553024528168,0.00938542868219948,0.0115));
#16190=CARTESIAN_POINT('',(-0.0875553024528168,0.0163850786821995,0.0115));
#16191=CARTESIAN_POINT('',(-0.0875553024528168,0.0163850786821995,0.0115));
#16192=CARTESIAN_POINT('',(-0.0945549524528168,0.0163850786821995,0.0115));
#16193=CARTESIAN_POINT('',(-0.0945549524528168,0.0163850786821995,0.0085));
#16194=CARTESIAN_POINT('',(-0.101554602452817,0.0163850786821995,0.0085));
#16195=CARTESIAN_POINT('',(-0.0945549524528168,0.0163850786821995,0.0115));
#16196=CARTESIAN_POINT('',(-0.101554602452817,0.0163850786821995,0.0115));
#16197=CARTESIAN_POINT('',(-0.101554602452817,0.0163850786821995,0.0115));
#16198=CARTESIAN_POINT('',(-0.101554602452817,0.00938542868219948,0.0115));
#16199=CARTESIAN_POINT('',(-0.101554602452817,0.00938542868219948,0.0085));
#16200=CARTESIAN_POINT('',(-0.101554602452817,0.00938542868219948,0.0115));
#16201=CARTESIAN_POINT('',(-0.0755049524528168,0.00238577868219948,0.0115));
#16202=CARTESIAN_POINT('',(-0.0755049524528168,0.00238577868219948,0.0085));
#16203=CARTESIAN_POINT('',(-0.0685053024528168,0.00238577868219948,0.0085));
#16204=CARTESIAN_POINT('',(-0.0825046024528168,0.00238577868219948,0.0085));
#16205=CARTESIAN_POINT('',(-0.0825046024528168,0.00238577868219948,0.0115));
#16206=CARTESIAN_POINT('',(-0.0825046024528168,0.00238577868219948,0.0115));
#16207=CARTESIAN_POINT('',(-0.0755049524528168,0.00238577868219948,0.0115));
#16208=CARTESIAN_POINT('',(-0.0685053024528168,0.00238577868219948,0.0115));
#16209=CARTESIAN_POINT('',(-0.0685053024528168,0.00238577868219948,0.0115));
#16210=CARTESIAN_POINT('',(-0.0685053024528168,0.00938542868219948,0.0115));
#16211=CARTESIAN_POINT('',(-0.0685053024528168,0.00938542868219948,0.0085));
#16212=CARTESIAN_POINT('',(-0.0685053024528168,0.0163850786821995,0.0085));
#16213=CARTESIAN_POINT('',(-0.0685053024528168,0.00938542868219948,0.0115));
#16214=CARTESIAN_POINT('',(-0.0685053024528168,0.0163850786821995,0.0115));
#16215=CARTESIAN_POINT('',(-0.0685053024528168,0.0163850786821995,0.0115));
#16216=CARTESIAN_POINT('',(-0.0755049524528168,0.0163850786821995,0.0115));
#16217=CARTESIAN_POINT('',(-0.0755049524528168,0.0163850786821995,0.0085));
#16218=CARTESIAN_POINT('',(-0.0825046024528168,0.0163850786821995,0.0085));
#16219=CARTESIAN_POINT('',(-0.0755049524528168,0.0163850786821995,0.0115));
#16220=CARTESIAN_POINT('',(-0.0825046024528168,0.0163850786821995,0.0115));
#16221=CARTESIAN_POINT('',(-0.0825046024528168,0.0163850786821995,0.0115));
#16222=CARTESIAN_POINT('',(-0.0825046024528168,0.00938542868219948,0.0115));
#16223=CARTESIAN_POINT('',(-0.0825046024528168,0.00938542868219948,0.0085));
#16224=CARTESIAN_POINT('',(-0.0825046024528168,0.00938542868219948,0.0115));
#16225=CARTESIAN_POINT('',(-0.0564549524528168,0.00238577868219948,0.0115));
#16226=CARTESIAN_POINT('',(-0.0564549524528168,0.00238577868219948,0.0085));
#16227=CARTESIAN_POINT('',(-0.0494553024528168,0.00238577868219948,0.0085));
#16228=CARTESIAN_POINT('',(-0.0634546024528168,0.00238577868219948,0.0085));
#16229=CARTESIAN_POINT('',(-0.0634546024528168,0.00238577868219948,0.0115));
#16230=CARTESIAN_POINT('',(-0.0634546024528168,0.00238577868219948,0.0115));
#16231=CARTESIAN_POINT('',(-0.0564549524528168,0.00238577868219948,0.0115));
#16232=CARTESIAN_POINT('',(-0.0494553024528168,0.00238577868219948,0.0115));
#16233=CARTESIAN_POINT('',(-0.0494553024528168,0.00238577868219948,0.0115));
#16234=CARTESIAN_POINT('',(-0.0494553024528168,0.00938542868219948,0.0115));
#16235=CARTESIAN_POINT('',(-0.0494553024528168,0.00938542868219948,0.0085));
#16236=CARTESIAN_POINT('',(-0.0494553024528168,0.0163850786821995,0.0085));
#16237=CARTESIAN_POINT('',(-0.0494553024528168,0.00938542868219948,0.0115));
#16238=CARTESIAN_POINT('',(-0.0494553024528168,0.0163850786821995,0.0115));
#16239=CARTESIAN_POINT('',(-0.0494553024528168,0.0163850786821995,0.0115));
#16240=CARTESIAN_POINT('',(-0.0564549524528168,0.0163850786821995,0.0115));
#16241=CARTESIAN_POINT('',(-0.0564549524528168,0.0163850786821995,0.0085));
#16242=CARTESIAN_POINT('',(-0.0634546024528168,0.0163850786821995,0.0085));
#16243=CARTESIAN_POINT('',(-0.0564549524528168,0.0163850786821995,0.0115));
#16244=CARTESIAN_POINT('',(-0.0634546024528168,0.0163850786821995,0.0115));
#16245=CARTESIAN_POINT('',(-0.0634546024528168,0.0163850786821995,0.0115));
#16246=CARTESIAN_POINT('',(-0.0634546024528168,0.00938542868219948,0.0115));
#16247=CARTESIAN_POINT('',(-0.0634546024528168,0.00938542868219948,0.0085));
#16248=CARTESIAN_POINT('',(-0.0634546024528168,0.00938542868219948,0.0115));
#16249=CARTESIAN_POINT('',(-0.0374048024528168,0.00238577868219948,0.0115));
#16250=CARTESIAN_POINT('',(-0.0374048024528168,0.00238577868219948,0.0085));
#16251=CARTESIAN_POINT('',(-0.0304053024528168,0.00238577868219948,0.0085));
#16252=CARTESIAN_POINT('',(-0.0444043024528168,0.00238577868219948,0.0085));
#16253=CARTESIAN_POINT('',(-0.0444043024528168,0.00238577868219948,0.0115));
#16254=CARTESIAN_POINT('',(-0.0444043024528168,0.00238577868219948,0.0115));
#16255=CARTESIAN_POINT('',(-0.0374048024528168,0.00238577868219948,0.0115));
#16256=CARTESIAN_POINT('',(-0.0304053024528168,0.00238577868219948,0.0115));
#16257=CARTESIAN_POINT('',(-0.0304053024528168,0.00238577868219948,0.0115));
#16258=CARTESIAN_POINT('',(-0.0304053024528168,0.00938542868219948,0.0115));
#16259=CARTESIAN_POINT('',(-0.0304053024528168,0.00938542868219948,0.0085));
#16260=CARTESIAN_POINT('',(-0.0304053024528168,0.0163850786821995,0.0085));
#16261=CARTESIAN_POINT('',(-0.0304053024528168,0.00938542868219948,0.0115));
#16262=CARTESIAN_POINT('',(-0.0304053024528168,0.0163850786821995,0.0115));
#16263=CARTESIAN_POINT('',(-0.0304053024528168,0.0163850786821995,0.0115));
#16264=CARTESIAN_POINT('',(-0.0374048024528168,0.0163850786821995,0.0115));
#16265=CARTESIAN_POINT('',(-0.0374048024528168,0.0163850786821995,0.0085));
#16266=CARTESIAN_POINT('',(-0.0444043024528168,0.0163850786821995,0.0085));
#16267=CARTESIAN_POINT('',(-0.0374048024528168,0.0163850786821995,0.0115));
#16268=CARTESIAN_POINT('',(-0.0444043024528168,0.0163850786821995,0.0115));
#16269=CARTESIAN_POINT('',(-0.0444043024528168,0.0163850786821995,0.0115));
#16270=CARTESIAN_POINT('',(-0.0444043024528168,0.00938542868219948,0.0115));
#16271=CARTESIAN_POINT('',(-0.0444043024528168,0.00938542868219948,0.0085));
#16272=CARTESIAN_POINT('',(-0.0444043024528168,0.00938542868219948,0.0115));
#16273=CARTESIAN_POINT('',(-0.0183548024528168,0.00238577868219948,0.0115));
#16274=CARTESIAN_POINT('',(-0.0183548024528168,0.00238577868219948,0.0085));
#16275=CARTESIAN_POINT('',(-0.0113553024528168,0.00238577868219948,0.0085));
#16276=CARTESIAN_POINT('',(-0.0253543024528168,0.00238577868219948,0.0085));
#16277=CARTESIAN_POINT('',(-0.0253543024528168,0.00238577868219948,0.0115));
#16278=CARTESIAN_POINT('',(-0.0253543024528168,0.00238577868219948,0.0115));
#16279=CARTESIAN_POINT('',(-0.0183548024528168,0.00238577868219948,0.0115));
#16280=CARTESIAN_POINT('',(-0.0113553024528168,0.00238577868219948,0.0115));
#16281=CARTESIAN_POINT('',(-0.0113553024528168,0.00238577868219948,0.0115));
#16282=CARTESIAN_POINT('',(-0.0113553024528168,0.00938542868219948,0.0115));
#16283=CARTESIAN_POINT('',(-0.0113553024528168,0.00938542868219948,0.0085));
#16284=CARTESIAN_POINT('',(-0.0113553024528168,0.0163850786821995,0.0085));
#16285=CARTESIAN_POINT('',(-0.0113553024528168,0.00938542868219948,0.0115));
#16286=CARTESIAN_POINT('',(-0.0113553024528168,0.0163850786821995,0.0115));
#16287=CARTESIAN_POINT('',(-0.0113553024528168,0.0163850786821995,0.0115));
#16288=CARTESIAN_POINT('',(-0.0183548024528168,0.0163850786821995,0.0115));
#16289=CARTESIAN_POINT('',(-0.0183548024528168,0.0163850786821995,0.0085));
#16290=CARTESIAN_POINT('',(-0.0253543024528168,0.0163850786821995,0.0085));
#16291=CARTESIAN_POINT('',(-0.0183548024528168,0.0163850786821995,0.0115));
#16292=CARTESIAN_POINT('',(-0.0253543024528168,0.0163850786821995,0.0115));
#16293=CARTESIAN_POINT('',(-0.0253543024528168,0.0163850786821995,0.0115));
#16294=CARTESIAN_POINT('',(-0.0253543024528168,0.00938542868219948,0.0115));
#16295=CARTESIAN_POINT('',(-0.0253543024528168,0.00938542868219948,0.0085));
#16296=CARTESIAN_POINT('',(-0.0253543024528168,0.00938542868219948,0.0115));
#16297=CARTESIAN_POINT('',(0.000695197547183213,0.00238577868219948,0.0115));
#16298=CARTESIAN_POINT('',(0.000695197547183213,0.00238577868219948,0.0085));
#16299=CARTESIAN_POINT('',(0.00769469754718321,0.00238577868219948,0.0085));
#16300=CARTESIAN_POINT('',(-0.00630430245281679,0.00238577868219948,0.0085));
#16301=CARTESIAN_POINT('',(-0.00630430245281679,0.00238577868219948,0.0115));
#16302=CARTESIAN_POINT('',(-0.00630430245281679,0.00238577868219948,0.0115));
#16303=CARTESIAN_POINT('',(0.000695197547183213,0.00238577868219948,0.0115));
#16304=CARTESIAN_POINT('',(0.00769469754718321,0.00238577868219948,0.0115));
#16305=CARTESIAN_POINT('',(0.00769469754718321,0.00238577868219948,0.0115));
#16306=CARTESIAN_POINT('',(0.00769469754718321,0.00938542868219948,0.0115));
#16307=CARTESIAN_POINT('',(0.00769469754718321,0.00938542868219948,0.0085));
#16308=CARTESIAN_POINT('',(0.00769469754718321,0.0163850786821995,0.0085));
#16309=CARTESIAN_POINT('',(0.00769469754718321,0.00938542868219948,0.0115));
#16310=CARTESIAN_POINT('',(0.00769469754718321,0.0163850786821995,0.0115));
#16311=CARTESIAN_POINT('',(0.00769469754718321,0.0163850786821995,0.0115));
#16312=CARTESIAN_POINT('',(0.000695197547183214,0.0163850786821995,0.0115));
#16313=CARTESIAN_POINT('',(0.000695197547183214,0.0163850786821995,0.0085));
#16314=CARTESIAN_POINT('',(-0.00630430245281679,0.0163850786821995,0.0085));
#16315=CARTESIAN_POINT('',(0.000695197547183214,0.0163850786821995,0.0115));
#16316=CARTESIAN_POINT('',(-0.00630430245281679,0.0163850786821995,0.0115));
#16317=CARTESIAN_POINT('',(-0.00630430245281679,0.0163850786821995,0.0115));
#16318=CARTESIAN_POINT('',(-0.00630430245281679,0.00938542868219948,0.0115));
#16319=CARTESIAN_POINT('',(-0.00630430245281679,0.00938542868219948,0.0085));
#16320=CARTESIAN_POINT('',(-0.00630430245281679,0.00938542868219948,0.0115));
#16321=CARTESIAN_POINT('',(0.0197451975471832,0.00238577868219948,0.0115));
#16322=CARTESIAN_POINT('',(0.0197451975471832,0.00238577868219948,0.0085));
#16323=CARTESIAN_POINT('',(0.0267446975471832,0.00238577868219948,0.0085));
#16324=CARTESIAN_POINT('',(0.0127456975471832,0.00238577868219948,0.0085));
#16325=CARTESIAN_POINT('',(0.0127456975471832,0.00238577868219948,0.0115));
#16326=CARTESIAN_POINT('',(0.0127456975471832,0.00238577868219948,0.0115));
#16327=CARTESIAN_POINT('',(0.0197451975471832,0.00238577868219948,0.0115));
#16328=CARTESIAN_POINT('',(0.0267446975471832,0.00238577868219948,0.0115));
#16329=CARTESIAN_POINT('',(0.0267446975471832,0.00238577868219948,0.0115));
#16330=CARTESIAN_POINT('',(0.0267446975471832,0.00938542868219948,0.0115));
#16331=CARTESIAN_POINT('',(0.0267446975471832,0.00938542868219948,0.0085));
#16332=CARTESIAN_POINT('',(0.0267446975471832,0.0163850786821995,0.0085));
#16333=CARTESIAN_POINT('',(0.0267446975471832,0.00938542868219948,0.0115));
#16334=CARTESIAN_POINT('',(0.0267446975471832,0.0163850786821995,0.0115));
#16335=CARTESIAN_POINT('',(0.0267446975471832,0.0163850786821995,0.0115));
#16336=CARTESIAN_POINT('',(0.0197451975471832,0.0163850786821995,0.0115));
#16337=CARTESIAN_POINT('',(0.0197451975471832,0.0163850786821995,0.0085));
#16338=CARTESIAN_POINT('',(0.0127456975471832,0.0163850786821995,0.0085));
#16339=CARTESIAN_POINT('',(0.0197451975471832,0.0163850786821995,0.0115));
#16340=CARTESIAN_POINT('',(0.0127456975471832,0.0163850786821995,0.0115));
#16341=CARTESIAN_POINT('',(0.0127456975471832,0.0163850786821995,0.0115));
#16342=CARTESIAN_POINT('',(0.0127456975471832,0.00938542868219948,0.0115));
#16343=CARTESIAN_POINT('',(0.0127456975471832,0.00938542868219948,0.0085));
#16344=CARTESIAN_POINT('',(0.0127456975471832,0.00938542868219948,0.0115));
#16345=CARTESIAN_POINT('',(-0.139798647452817,0.0214357786821995,0.0115));
#16346=CARTESIAN_POINT('',(-0.139798647452817,0.0214357786821995,0.0085));
#16347=CARTESIAN_POINT('',(-0.132798902452817,0.0214357786821995,0.0085));
#16348=CARTESIAN_POINT('',(-0.146798392452817,0.0214357786821994,0.0085));
#16349=CARTESIAN_POINT('',(-0.146798392452817,0.0214357786821994,0.0115));
#16350=CARTESIAN_POINT('',(-0.146798392452817,0.0214357786821994,0.0115));
#16351=CARTESIAN_POINT('',(-0.139798647452817,0.0214357786821995,0.0115));
#16352=CARTESIAN_POINT('',(-0.132798902452817,0.0214357786821995,0.0115));
#16353=CARTESIAN_POINT('',(-0.132798902452817,0.0214357786821995,0.0115));
#16354=CARTESIAN_POINT('',(-0.132798902452817,0.0284354286821995,0.0115));
#16355=CARTESIAN_POINT('',(-0.132798902452817,0.0284354286821995,0.0085));
#16356=CARTESIAN_POINT('',(-0.132798902452817,0.0354350786821995,0.0085));
#16357=CARTESIAN_POINT('',(-0.132798902452817,0.0284354286821995,0.0115));
#16358=CARTESIAN_POINT('',(-0.132798902452817,0.0354350786821995,0.0115));
#16359=CARTESIAN_POINT('',(-0.132798902452817,0.0354350786821995,0.0115));
#16360=CARTESIAN_POINT('',(-0.139798647452817,0.0354350786821995,0.0115));
#16361=CARTESIAN_POINT('',(-0.139798647452817,0.0354350786821995,0.0085));
#16362=CARTESIAN_POINT('',(-0.146798392452817,0.0354350786821995,0.0085));
#16363=CARTESIAN_POINT('',(-0.139798647452817,0.0354350786821995,0.0115));
#16364=CARTESIAN_POINT('',(-0.146798392452817,0.0354350786821995,0.0115));
#16365=CARTESIAN_POINT('',(-0.146798392452817,0.0354350786821995,0.0115));
#16366=CARTESIAN_POINT('',(-0.146798392452817,0.0284354286821995,0.0115));
#16367=CARTESIAN_POINT('',(-0.146798392452817,0.0284354286821995,0.0085));
#16368=CARTESIAN_POINT('',(-0.146798392452817,0.0284354286821995,0.0115));
#16369=CARTESIAN_POINT('',(-0.0993174524528168,0.0214357786821995,0.0115));
#16370=CARTESIAN_POINT('',(-0.0993174524528168,0.0214357786821995,0.0085));
#16371=CARTESIAN_POINT('',(-0.0923178024528168,0.0214357786821995,0.0085));
#16372=CARTESIAN_POINT('',(-0.106317102452817,0.0214357786821994,0.0085));
#16373=CARTESIAN_POINT('',(-0.106317102452817,0.0214357786821994,0.0115));
#16374=CARTESIAN_POINT('',(-0.106317102452817,0.0214357786821994,0.0115));
#16375=CARTESIAN_POINT('',(-0.0993174524528168,0.0214357786821995,0.0115));
#16376=CARTESIAN_POINT('',(-0.0923178024528168,0.0214357786821995,0.0115));
#16377=CARTESIAN_POINT('',(-0.0923178024528168,0.0214357786821995,0.0115));
#16378=CARTESIAN_POINT('',(-0.0923178024528168,0.0284354286821995,0.0115));
#16379=CARTESIAN_POINT('',(-0.0923178024528168,0.0284354286821995,0.0085));
#16380=CARTESIAN_POINT('',(-0.0923178024528168,0.0354350786821995,0.0085));
#16381=CARTESIAN_POINT('',(-0.0923178024528168,0.0284354286821995,0.0115));
#16382=CARTESIAN_POINT('',(-0.0923178024528168,0.0354350786821995,0.0115));
#16383=CARTESIAN_POINT('',(-0.0923178024528168,0.0354350786821995,0.0115));
#16384=CARTESIAN_POINT('',(-0.0993174524528168,0.0354350786821995,0.0115));
#16385=CARTESIAN_POINT('',(-0.0993174524528168,0.0354350786821995,0.0085));
#16386=CARTESIAN_POINT('',(-0.106317102452817,0.0354350786821995,0.0085));
#16387=CARTESIAN_POINT('',(-0.0993174524528168,0.0354350786821995,0.0115));
#16388=CARTESIAN_POINT('',(-0.106317102452817,0.0354350786821995,0.0115));
#16389=CARTESIAN_POINT('',(-0.106317102452817,0.0354350786821995,0.0115));
#16390=CARTESIAN_POINT('',(-0.106317102452817,0.0284354286821995,0.0115));
#16391=CARTESIAN_POINT('',(-0.106317102452817,0.0284354286821995,0.0085));
#16392=CARTESIAN_POINT('',(-0.106317102452817,0.0284354286821995,0.0115));
#16393=CARTESIAN_POINT('',(-0.0802674524528168,0.0214357786821995,0.0115));
#16394=CARTESIAN_POINT('',(-0.0802674524528168,0.0214357786821995,0.0085));
#16395=CARTESIAN_POINT('',(-0.0732678024528168,0.0214357786821995,0.0085));
#16396=CARTESIAN_POINT('',(-0.0872671024528168,0.0214357786821994,0.0085));
#16397=CARTESIAN_POINT('',(-0.0872671024528168,0.0214357786821994,0.0115));
#16398=CARTESIAN_POINT('',(-0.0872671024528168,0.0214357786821994,0.0115));
#16399=CARTESIAN_POINT('',(-0.0802674524528168,0.0214357786821995,0.0115));
#16400=CARTESIAN_POINT('',(-0.0732678024528168,0.0214357786821995,0.0115));
#16401=CARTESIAN_POINT('',(-0.0732678024528168,0.0214357786821995,0.0115));
#16402=CARTESIAN_POINT('',(-0.0732678024528168,0.0284354286821995,0.0115));
#16403=CARTESIAN_POINT('',(-0.0732678024528168,0.0284354286821995,0.0085));
#16404=CARTESIAN_POINT('',(-0.0732678024528168,0.0354350786821995,0.0085));
#16405=CARTESIAN_POINT('',(-0.0732678024528168,0.0284354286821995,0.0115));
#16406=CARTESIAN_POINT('',(-0.0732678024528168,0.0354350786821995,0.0115));
#16407=CARTESIAN_POINT('',(-0.0732678024528168,0.0354350786821995,0.0115));
#16408=CARTESIAN_POINT('',(-0.0802674524528168,0.0354350786821995,0.0115));
#16409=CARTESIAN_POINT('',(-0.0802674524528168,0.0354350786821995,0.0085));
#16410=CARTESIAN_POINT('',(-0.0872671024528168,0.0354350786821995,0.0085));
#16411=CARTESIAN_POINT('',(-0.0802674524528168,0.0354350786821995,0.0115));
#16412=CARTESIAN_POINT('',(-0.0872671024528168,0.0354350786821995,0.0115));
#16413=CARTESIAN_POINT('',(-0.0872671024528168,0.0354350786821995,0.0115));
#16414=CARTESIAN_POINT('',(-0.0872671024528168,0.0284354286821995,0.0115));
#16415=CARTESIAN_POINT('',(-0.0872671024528168,0.0284354286821995,0.0085));
#16416=CARTESIAN_POINT('',(-0.0872671024528168,0.0284354286821995,0.0115));
#16417=CARTESIAN_POINT('',(-0.0231173024528168,0.0214357786821995,0.0115));
#16418=CARTESIAN_POINT('',(-0.0231173024528168,0.0214357786821995,0.0085));
#16419=CARTESIAN_POINT('',(-0.0161173024528168,0.0214357786821995,0.0085));
#16420=CARTESIAN_POINT('',(-0.0301173024528168,0.0214357786821994,0.0085));
#16421=CARTESIAN_POINT('',(-0.0301173024528168,0.0214357786821994,0.0115));
#16422=CARTESIAN_POINT('',(-0.0301173024528168,0.0214357786821994,0.0115));
#16423=CARTESIAN_POINT('',(-0.0231173024528168,0.0214357786821995,0.0115));
#16424=CARTESIAN_POINT('',(-0.0161173024528168,0.0214357786821995,0.0115));
#16425=CARTESIAN_POINT('',(-0.0161173024528168,0.0214357786821995,0.0115));
#16426=CARTESIAN_POINT('',(-0.0161173024528168,0.0284354286821995,0.0115));
#16427=CARTESIAN_POINT('',(-0.0161173024528168,0.0284354286821995,0.0085));
#16428=CARTESIAN_POINT('',(-0.0161173024528168,0.0354350786821995,0.0085));
#16429=CARTESIAN_POINT('',(-0.0161173024528168,0.0284354286821995,0.0115));
#16430=CARTESIAN_POINT('',(-0.0161173024528168,0.0354350786821995,0.0115));
#16431=CARTESIAN_POINT('',(-0.0161173024528168,0.0354350786821995,0.0115));
#16432=CARTESIAN_POINT('',(-0.0231173024528168,0.0354350786821995,0.0115));
#16433=CARTESIAN_POINT('',(-0.0231173024528168,0.0354350786821995,0.0085));
#16434=CARTESIAN_POINT('',(-0.0301173024528168,0.0354350786821995,0.0085));
#16435=CARTESIAN_POINT('',(-0.0231173024528168,0.0354350786821995,0.0115));
#16436=CARTESIAN_POINT('',(-0.0301173024528168,0.0354350786821995,0.0115));
#16437=CARTESIAN_POINT('',(-0.0301173024528168,0.0354350786821995,0.0115));
#16438=CARTESIAN_POINT('',(-0.0301173024528168,0.0284354286821995,0.0115));
#16439=CARTESIAN_POINT('',(-0.0301173024528168,0.0284354286821995,0.0085));
#16440=CARTESIAN_POINT('',(-0.0301173024528168,0.0284354286821995,0.0115));
#16441=CARTESIAN_POINT('',(-0.0612174524528168,0.0354350786821995,0.0115));
#16442=CARTESIAN_POINT('',(-0.0612174524528168,0.0354350786821995,0.0085));
#16443=CARTESIAN_POINT('',(-0.0682171024528168,0.0354350786821995,0.0085));
#16444=CARTESIAN_POINT('',(-0.0542178024528168,0.0354350786821995,0.0085));
#16445=CARTESIAN_POINT('',(-0.0542178024528168,0.0354350786821995,0.0115));
#16446=CARTESIAN_POINT('',(-0.0542178024528168,0.0354350786821995,0.0115));
#16447=CARTESIAN_POINT('',(-0.0612174524528168,0.0354350786821995,0.0115));
#16448=CARTESIAN_POINT('',(-0.0682171024528168,0.0354350786821995,0.0115));
#16449=CARTESIAN_POINT('',(-0.0682171024528168,0.0354350786821995,0.0115));
#16450=CARTESIAN_POINT('',(-0.0682171024528168,0.0284354286821995,0.0115));
#16451=CARTESIAN_POINT('',(-0.0682171024528168,0.0284354286821995,0.0085));
#16452=CARTESIAN_POINT('',(-0.0682171024528168,0.0214357786821995,0.0085));
#16453=CARTESIAN_POINT('',(-0.0682171024528168,0.0284354286821995,0.0115));
#16454=CARTESIAN_POINT('',(-0.0682171024528168,0.0214357786821995,0.0115));
#16455=CARTESIAN_POINT('',(-0.0682171024528168,0.0214357786821995,0.0115));
#16456=CARTESIAN_POINT('',(-0.0612174524528168,0.0214357786821995,0.0115));
#16457=CARTESIAN_POINT('',(-0.0612174524528168,0.0214357786821995,0.0085));
#16458=CARTESIAN_POINT('',(-0.0542178024528168,0.0214357786821994,0.0085));
#16459=CARTESIAN_POINT('',(-0.0612174524528168,0.0214357786821995,0.0115));
#16460=CARTESIAN_POINT('',(-0.0542178024528168,0.0214357786821994,0.0115));
#16461=CARTESIAN_POINT('',(-0.0542178024528168,0.0214357786821994,0.0115));
#16462=CARTESIAN_POINT('',(-0.0542178024528168,0.0284354286821995,0.0115));
#16463=CARTESIAN_POINT('',(-0.0542178024528168,0.0284354286821995,0.0085));
#16464=CARTESIAN_POINT('',(-0.0542178024528168,0.0284354286821995,0.0115));
#16465=CARTESIAN_POINT('',(-0.00406730245281679,0.0354350786821995,0.0115));
#16466=CARTESIAN_POINT('',(-0.00406730245281679,0.0354350786821995,0.0085));
#16467=CARTESIAN_POINT('',(-0.0110673024528168,0.0354350786821995,0.0085));
#16468=CARTESIAN_POINT('',(0.00293269754718321,0.0354350786821995,0.0085));
#16469=CARTESIAN_POINT('',(0.00293269754718321,0.0354350786821995,0.0115));
#16470=CARTESIAN_POINT('',(0.00293269754718321,0.0354350786821995,0.0115));
#16471=CARTESIAN_POINT('',(-0.00406730245281679,0.0354350786821995,0.0115));
#16472=CARTESIAN_POINT('',(-0.0110673024528168,0.0354350786821995,0.0115));
#16473=CARTESIAN_POINT('',(-0.0110673024528168,0.0354350786821995,0.0115));
#16474=CARTESIAN_POINT('',(-0.0110673024528168,0.0284354286821995,0.0115));
#16475=CARTESIAN_POINT('',(-0.0110673024528168,0.0284354286821995,0.0085));
#16476=CARTESIAN_POINT('',(-0.0110673024528168,0.0214357786821995,0.0085));
#16477=CARTESIAN_POINT('',(-0.0110673024528168,0.0284354286821995,0.0115));
#16478=CARTESIAN_POINT('',(-0.0110673024528168,0.0214357786821995,0.0115));
#16479=CARTESIAN_POINT('',(-0.0110673024528168,0.0214357786821995,0.0115));
#16480=CARTESIAN_POINT('',(-0.00406730245281679,0.0214357786821995,0.0115));
#16481=CARTESIAN_POINT('',(-0.00406730245281679,0.0214357786821995,0.0085));
#16482=CARTESIAN_POINT('',(0.00293269754718321,0.0214357786821994,0.0085));
#16483=CARTESIAN_POINT('',(-0.00406730245281679,0.0214357786821995,0.0115));
#16484=CARTESIAN_POINT('',(0.00293269754718321,0.0214357786821994,0.0115));
#16485=CARTESIAN_POINT('',(0.00293269754718321,0.0214357786821994,0.0115));
#16486=CARTESIAN_POINT('',(0.00293269754718321,0.0284354286821995,0.0115));
#16487=CARTESIAN_POINT('',(0.00293269754718321,0.0284354286821995,0.0085));
#16488=CARTESIAN_POINT('',(0.00293269754718321,0.0284354286821995,0.0115));
#16489=CARTESIAN_POINT('',(-0.113604602452817,-0.00966472131780055,0.0115));
#16490=CARTESIAN_POINT('',(-0.113604602452817,-0.00966472131780055,0.0115));
#16491=CARTESIAN_POINT('',(-0.112554602452817,-0.00966472131780055,0.0115));
#16492=CARTESIAN_POINT('',(-0.113604602452817,-0.00966472131780055,0.0085));
#16493=CARTESIAN_POINT('',(-0.112554602452817,-0.00966472131780055,0.0085));
#16494=CARTESIAN_POINT('',(-0.0659799524528168,-0.00266502131780053,0.0115));
#16495=CARTESIAN_POINT('',(-0.0659799524528168,-0.00266502131780053,0.0085));
#16496=CARTESIAN_POINT('',(-0.0729796024528168,-0.00266502131780052,0.0085));
#16497=CARTESIAN_POINT('',(-0.0589803024528168,-0.00266502131780053,0.0085));
#16498=CARTESIAN_POINT('',(-0.0589803024528168,-0.00266502131780053,0.0115));
#16499=CARTESIAN_POINT('',(-0.0589803024528168,-0.00266502131780053,0.0115));
#16500=CARTESIAN_POINT('',(-0.0659799524528168,-0.00266502131780053,0.0115));
#16501=CARTESIAN_POINT('',(-0.0729796024528168,-0.00266502131780052,0.0115));
#16502=CARTESIAN_POINT('',(-0.0729796024528168,-0.00266502131780052,0.0115));
#16503=CARTESIAN_POINT('',(-0.0729796024528168,-0.00966472131780052,0.0115));
#16504=CARTESIAN_POINT('',(-0.0729796024528168,-0.00966472131780052,0.0085));
#16505=CARTESIAN_POINT('',(-0.0729796024528168,-0.0166644213178005,0.0085));
#16506=CARTESIAN_POINT('',(-0.0729796024528168,-0.00966472131780052,0.0115));
#16507=CARTESIAN_POINT('',(-0.0729796024528168,-0.0166644213178005,0.0115));
#16508=CARTESIAN_POINT('',(-0.0729796024528168,-0.0166644213178005,0.0115));
#16509=CARTESIAN_POINT('',(-0.0659799524528168,-0.0166644213178005,0.0115));
#16510=CARTESIAN_POINT('',(-0.0659799524528168,-0.0166644213178005,0.0085));
#16511=CARTESIAN_POINT('',(-0.0589803024528168,-0.0166644213178005,0.0085));
#16512=CARTESIAN_POINT('',(-0.0659799524528168,-0.0166644213178005,0.0115));
#16513=CARTESIAN_POINT('',(-0.0589803024528168,-0.0166644213178005,0.0115));
#16514=CARTESIAN_POINT('',(-0.0589803024528168,-0.0166644213178005,0.0115));
#16515=CARTESIAN_POINT('',(-0.0589803024528168,-0.00966472131780052,0.0115));
#16516=CARTESIAN_POINT('',(-0.0589803024528168,-0.00966472131780052,0.0085));
#16517=CARTESIAN_POINT('',(-0.0589803024528168,-0.00966472131780052,0.0115));
#16518=CARTESIAN_POINT('',(-0.00882980245281679,-0.00266502131780053,0.0115));
#16519=CARTESIAN_POINT('',(-0.00882980245281679,-0.00266502131780053,0.0085));
#16520=CARTESIAN_POINT('',(-0.0158293024528168,-0.00266502131780052,0.0085));
#16521=CARTESIAN_POINT('',(-0.00183030245281679,-0.00266502131780053,0.0085));
#16522=CARTESIAN_POINT('',(-0.00183030245281679,-0.00266502131780053,0.0115));
#16523=CARTESIAN_POINT('',(-0.00183030245281679,-0.00266502131780053,0.0115));
#16524=CARTESIAN_POINT('',(-0.00882980245281679,-0.00266502131780053,0.0115));
#16525=CARTESIAN_POINT('',(-0.0158293024528168,-0.00266502131780052,0.0115));
#16526=CARTESIAN_POINT('',(-0.0158293024528168,-0.00266502131780052,0.0115));
#16527=CARTESIAN_POINT('',(-0.0158293024528168,-0.00966472131780052,0.0115));
#16528=CARTESIAN_POINT('',(-0.0158293024528168,-0.00966472131780052,0.0085));
#16529=CARTESIAN_POINT('',(-0.0158293024528168,-0.0166644213178005,0.0085));
#16530=CARTESIAN_POINT('',(-0.0158293024528168,-0.00966472131780052,0.0115));
#16531=CARTESIAN_POINT('',(-0.0158293024528168,-0.0166644213178005,0.0115));
#16532=CARTESIAN_POINT('',(-0.0158293024528168,-0.0166644213178005,0.0115));
#16533=CARTESIAN_POINT('',(-0.00882980245281679,-0.0166644213178005,0.0115));
#16534=CARTESIAN_POINT('',(-0.00882980245281679,-0.0166644213178005,0.0085));
#16535=CARTESIAN_POINT('',(-0.00183030245281679,-0.0166644213178005,0.0085));
#16536=CARTESIAN_POINT('',(-0.00882980245281679,-0.0166644213178005,0.0115));
#16537=CARTESIAN_POINT('',(-0.00183030245281679,-0.0166644213178005,0.0115));
#16538=CARTESIAN_POINT('',(-0.00183030245281679,-0.0166644213178005,0.0115));
#16539=CARTESIAN_POINT('',(-0.00183030245281679,-0.00966472131780052,0.0115));
#16540=CARTESIAN_POINT('',(-0.00183030245281679,-0.00966472131780052,0.0085));
#16541=CARTESIAN_POINT('',(-0.00183030245281679,-0.00966472131780052,0.0115));
#16542=CARTESIAN_POINT('',(-0.139798647452817,-0.0217149213178005,0.0115));
#16543=CARTESIAN_POINT('',(-0.139798647452817,-0.0217149213178005,0.0085));
#16544=CARTESIAN_POINT('',(-0.146798392452817,-0.0217149213178005,0.0085));
#16545=CARTESIAN_POINT('',(-0.132798902452817,-0.0217149213178005,0.0085));
#16546=CARTESIAN_POINT('',(-0.132798902452817,-0.0217149213178005,0.0115));
#16547=CARTESIAN_POINT('',(-0.132798902452817,-0.0217149213178005,0.0115));
#16548=CARTESIAN_POINT('',(-0.139798647452817,-0.0217149213178005,0.0115));
#16549=CARTESIAN_POINT('',(-0.146798392452817,-0.0217149213178005,0.0115));
#16550=CARTESIAN_POINT('',(-0.146798392452817,-0.0217149213178005,0.0115));
#16551=CARTESIAN_POINT('',(-0.146798392452817,-0.0287146513178006,0.0115));
#16552=CARTESIAN_POINT('',(-0.146798392452817,-0.0287146513178006,0.0085));
#16553=CARTESIAN_POINT('',(-0.146798392452817,-0.0357143813178006,0.0085));
#16554=CARTESIAN_POINT('',(-0.146798392452817,-0.0287146513178006,0.0115));
#16555=CARTESIAN_POINT('',(-0.146798392452817,-0.0357143813178006,0.0115));
#16556=CARTESIAN_POINT('',(-0.146798392452817,-0.0357143813178006,0.0115));
#16557=CARTESIAN_POINT('',(-0.139798647452817,-0.0357143813178006,0.0115));
#16558=CARTESIAN_POINT('',(-0.139798647452817,-0.0357143813178006,0.0085));
#16559=CARTESIAN_POINT('',(-0.132798902452817,-0.0357143813178006,0.0085));
#16560=CARTESIAN_POINT('',(-0.139798647452817,-0.0357143813178006,0.0115));
#16561=CARTESIAN_POINT('',(-0.132798902452817,-0.0357143813178006,0.0115));
#16562=CARTESIAN_POINT('',(-0.132798902452817,-0.0357143813178006,0.0115));
#16563=CARTESIAN_POINT('',(-0.132798902452817,-0.0287146513178006,0.0115));
#16564=CARTESIAN_POINT('',(-0.132798902452817,-0.0287146513178006,0.0085));
#16565=CARTESIAN_POINT('',(-0.132798902452817,-0.0287146513178006,0.0115));
#16566=CARTESIAN_POINT('',(0.0340318975471832,-0.0287146513178006,0.0115));
#16567=CARTESIAN_POINT('',(0.0340318975471832,-0.0287146513178006,0.0115));
#16568=CARTESIAN_POINT('',(0.0350818975471832,-0.0287146513178006,0.0115));
#16569=CARTESIAN_POINT('',(0.0340318975471832,-0.0287146513178006,0.0085));
#16570=CARTESIAN_POINT('',(0.0350818975471832,-0.0287146513178006,0.0085));
#16571=CARTESIAN_POINT('',(-0.148755212452817,-0.00876482131780052,0.0115));
#16572=CARTESIAN_POINT('',(-0.148755212452817,-0.00876482131780052,0.0085));
#16573=CARTESIAN_POINT('',(-0.148755212452817,-0.00736542131780052,0.0085));
#16574=CARTESIAN_POINT('',(-0.148755212452817,-0.0101642213178005,0.0085));
#16575=CARTESIAN_POINT('',(-0.148755212452817,-0.00736542131780052,0.0115));
#16576=CARTESIAN_POINT('',(-0.148755212452817,-0.00736542131780052,0.0115));
#16577=CARTESIAN_POINT('',(-0.148755212452817,-0.00876482131780052,0.0115));
#16578=CARTESIAN_POINT('',(-0.148755212452817,-0.0101642213178005,0.0115));
#16579=CARTESIAN_POINT('',(-0.148755212452817,-0.0101642213178005,0.0115));
#16580=CARTESIAN_POINT('',(-0.148563755215609,-0.0101642213178005,0.0115));
#16581=CARTESIAN_POINT('',(-0.148563755215609,-0.0101642213178005,0.0085));
#16582=CARTESIAN_POINT('',(-0.148372297978401,-0.0101642213178005,0.0085));
#16583=CARTESIAN_POINT('',(-0.148563755215609,-0.0101642213178005,0.0115));
#16584=CARTESIAN_POINT('',(-0.148372297978401,-0.0101642213178005,0.0115));
#16585=CARTESIAN_POINT('',(-0.148372297978401,-0.0101642213178005,0.0115));
#16586=CARTESIAN_POINT('',(-0.148372297978401,-0.0150821106589002,0.0115));
#16587=CARTESIAN_POINT('',(-0.148372297978401,-0.0150821106589002,0.0085));
#16588=CARTESIAN_POINT('',(-0.148372297978401,-0.02,0.0085));
#16589=CARTESIAN_POINT('',(-0.148372297978401,-0.0150821106589002,0.0115));
#16590=CARTESIAN_POINT('',(-0.148372297978401,-0.02,0.0115));
#16591=CARTESIAN_POINT('',(-0.148372297978401,-0.02,0.0115));
#16592=CARTESIAN_POINT('',(-0.144572297978401,-0.02,0.0115));
#16593=CARTESIAN_POINT('',(-0.144572297978401,-0.02,0.0085));
#16594=CARTESIAN_POINT('',(-0.140772297978401,-0.02,0.0085));
#16595=CARTESIAN_POINT('',(-0.144572297978401,-0.02,0.0115));
#16596=CARTESIAN_POINT('',(-0.140772297978401,-0.02,0.0115));
#16597=CARTESIAN_POINT('',(-0.140772297978401,-0.02,0.0115));
#16598=CARTESIAN_POINT('',(-0.140772297978401,-0.0159826606589002,0.0115));
#16599=CARTESIAN_POINT('',(-0.140772297978401,-0.0159826606589002,0.0085));
#16600=CARTESIAN_POINT('',(-0.140772297978401,-0.0119653213178005,0.0085));
#16601=CARTESIAN_POINT('',(-0.140772297978401,-0.0159826606589002,0.0115));
#16602=CARTESIAN_POINT('',(-0.140772297978401,-0.0119653213178005,0.0115));
#16603=CARTESIAN_POINT('',(-0.140772297978401,-0.0119653213178005,0.0115));
#16604=CARTESIAN_POINT('',(-0.140213450215609,-0.0119653213178005,0.0115));
#16605=CARTESIAN_POINT('',(-0.140213450215609,-0.0119653213178005,0.0085));
#16606=CARTESIAN_POINT('',(-0.139654602452817,-0.0119653213178005,0.0085));
#16607=CARTESIAN_POINT('',(-0.140213450215609,-0.0119653213178005,0.0115));
#16608=CARTESIAN_POINT('',(-0.139654602452817,-0.0119653213178005,0.0115));
#16609=CARTESIAN_POINT('',(-0.139654602452817,-0.0119653213178005,0.0115));
#16610=CARTESIAN_POINT('',(-0.139654602452817,-0.0143148713178005,0.0115));
#16611=CARTESIAN_POINT('',(-0.139654602452817,-0.0143148713178005,0.0085));
#16612=CARTESIAN_POINT('',(-0.139654602452817,-0.0166644213178005,0.0085));
#16613=CARTESIAN_POINT('',(-0.139654602452817,-0.0143148713178005,0.0115));
#16614=CARTESIAN_POINT('',(-0.139654602452817,-0.0166644213178005,0.0115));
#16615=CARTESIAN_POINT('',(-0.139654602452817,-0.0166644213178005,0.0115));
#16616=CARTESIAN_POINT('',(-0.132654902452817,-0.0166644213178005,0.0115));
#16617=CARTESIAN_POINT('',(-0.132654902452817,-0.0166644213178005,0.0085));
#16618=CARTESIAN_POINT('',(-0.125655202452817,-0.0166644213178005,0.0085));
#16619=CARTESIAN_POINT('',(-0.132654902452817,-0.0166644213178005,0.0115));
#16620=CARTESIAN_POINT('',(-0.125655202452817,-0.0166644213178005,0.0115));
#16621=CARTESIAN_POINT('',(-0.125655202452817,-0.0166644213178005,0.0115));
#16622=CARTESIAN_POINT('',(-0.125655202452817,-0.0143148713178005,0.0115));
#16623=CARTESIAN_POINT('',(-0.125655202452817,-0.0143148713178005,0.0085));
#16624=CARTESIAN_POINT('',(-0.125655202452817,-0.0119653213178005,0.0085));
#16625=CARTESIAN_POINT('',(-0.125655202452817,-0.0143148713178005,0.0115));
#16626=CARTESIAN_POINT('',(-0.125655202452817,-0.0119653213178005,0.0115));
#16627=CARTESIAN_POINT('',(-0.125655202452817,-0.0119653213178005,0.0115));
#16628=CARTESIAN_POINT('',(-0.125106560131152,-0.0119653213178005,0.0115));
#16629=CARTESIAN_POINT('',(-0.125106560131152,-0.0119653213178005,0.0085));
#16630=CARTESIAN_POINT('',(-0.124557917809486,-0.0119653213178005,0.0085));
#16631=CARTESIAN_POINT('',(-0.125106560131152,-0.0119653213178005,0.0115));
#16632=CARTESIAN_POINT('',(-0.124557917809486,-0.0119653213178005,0.0115));
#16633=CARTESIAN_POINT('',(-0.124557917809486,-0.0119653213178005,0.0115));
#16634=CARTESIAN_POINT('',(-0.124557917809486,-0.0159826606589002,0.0115));
#16635=CARTESIAN_POINT('',(-0.124557917809486,-0.0159826606589002,0.0085));
#16636=CARTESIAN_POINT('',(-0.124557917809486,-0.02,0.0085));
#16637=CARTESIAN_POINT('',(-0.124557917809486,-0.0159826606589002,0.0115));
#16638=CARTESIAN_POINT('',(-0.124557917809486,-0.02,0.0115));
#16639=CARTESIAN_POINT('',(-0.124557917809486,-0.02,0.0115));
#16640=CARTESIAN_POINT('',(-0.120757917809486,-0.02,0.0115));
#16641=CARTESIAN_POINT('',(-0.120757917809486,-0.02,0.0085));
#16642=CARTESIAN_POINT('',(-0.116957917809486,-0.02,0.0085));
#16643=CARTESIAN_POINT('',(-0.120757917809486,-0.02,0.0115));
#16644=CARTESIAN_POINT('',(-0.116957917809486,-0.02,0.0115));
#16645=CARTESIAN_POINT('',(-0.116957917809486,-0.02,0.0115));
#16646=CARTESIAN_POINT('',(-0.116957917809486,-0.0150821106589002,0.0115));
#16647=CARTESIAN_POINT('',(-0.116957917809486,-0.0150821106589002,0.0085));
#16648=CARTESIAN_POINT('',(-0.116957917809486,-0.0101642213178005,0.0085));
#16649=CARTESIAN_POINT('',(-0.116957917809486,-0.0150821106589002,0.0115));
#16650=CARTESIAN_POINT('',(-0.116957917809486,-0.0101642213178005,0.0115));
#16651=CARTESIAN_POINT('',(-0.116957917809486,-0.0101642213178005,0.0115));
#16652=CARTESIAN_POINT('',(-0.116756260131152,-0.0101642213178005,0.0115));
#16653=CARTESIAN_POINT('',(-0.116756260131152,-0.0101642213178005,0.0085));
#16654=CARTESIAN_POINT('',(-0.116554602452817,-0.0101642213178005,0.0085));
#16655=CARTESIAN_POINT('',(-0.116756260131152,-0.0101642213178005,0.0115));
#16656=CARTESIAN_POINT('',(-0.116554602452817,-0.0101642213178005,0.0115));
#16657=CARTESIAN_POINT('',(-0.116554602452817,-0.0101642213178005,0.0115));
#16658=CARTESIAN_POINT('',(-0.116554602452817,-0.00876482131780052,0.0115));
#16659=CARTESIAN_POINT('',(-0.116554602452817,-0.00876482131780052,0.0085));
#16660=CARTESIAN_POINT('',(-0.116554602452817,-0.00736542131780052,0.0085));
#16661=CARTESIAN_POINT('',(-0.116554602452817,-0.00876482131780052,0.0115));
#16662=CARTESIAN_POINT('',(-0.116554602452817,-0.00736542131780052,0.0115));
#16663=CARTESIAN_POINT('',(-0.116554602452817,-0.00736542131780052,0.0115));
#16664=CARTESIAN_POINT('',(-0.116756260131152,-0.00736542131780052,0.0115));
#16665=CARTESIAN_POINT('',(-0.116756260131152,-0.00736542131780052,0.0085));
#16666=CARTESIAN_POINT('',(-0.116957917809486,-0.00736542131780052,0.0085));
#16667=CARTESIAN_POINT('',(-0.116756260131152,-0.00736542131780052,0.0115));
#16668=CARTESIAN_POINT('',(-0.116957917809486,-0.00736542131780052,0.0115));
#16669=CARTESIAN_POINT('',(-0.116957917809486,-0.00736542131780052,0.0115));
#16670=CARTESIAN_POINT('',(-0.116957917809486,-0.00368271065890026,0.0115));
#16671=CARTESIAN_POINT('',(-0.116957917809486,-0.00368271065890026,0.0085));
#16672=CARTESIAN_POINT('',(-0.116957917809486,0.,0.0085));
#16673=CARTESIAN_POINT('',(-0.116957917809486,-0.00368271065890026,0.0115));
#16674=CARTESIAN_POINT('',(-0.116957917809486,0.,0.0115));
#16675=CARTESIAN_POINT('',(-0.116957917809486,0.,0.0115));
#16676=CARTESIAN_POINT('',(-0.120757917809486,0.,0.0115));
#16677=CARTESIAN_POINT('',(-0.120757917809486,0.,0.0085));
#16678=CARTESIAN_POINT('',(-0.124557917809486,0.,0.0085));
#16679=CARTESIAN_POINT('',(-0.120757917809486,0.,0.0115));
#16680=CARTESIAN_POINT('',(-0.124557917809486,0.,0.0115));
#16681=CARTESIAN_POINT('',(-0.124557917809486,0.,0.0115));
#16682=CARTESIAN_POINT('',(-0.124557917809486,-0.00368271065890026,0.0115));
#16683=CARTESIAN_POINT('',(-0.124557917809486,-0.00368271065890026,0.0085));
#16684=CARTESIAN_POINT('',(-0.124557917809486,-0.00736542131780052,0.0085));
#16685=CARTESIAN_POINT('',(-0.124557917809486,-0.00368271065890026,0.0115));
#16686=CARTESIAN_POINT('',(-0.124557917809486,-0.00736542131780052,0.0115));
#16687=CARTESIAN_POINT('',(-0.124557917809486,-0.00736542131780052,0.0115));
#16688=CARTESIAN_POINT('',(-0.125106560131152,-0.00736542131780052,0.0115));
#16689=CARTESIAN_POINT('',(-0.125106560131152,-0.00736542131780052,0.0085));
#16690=CARTESIAN_POINT('',(-0.125655202452817,-0.00736542131780052,0.0085));
#16691=CARTESIAN_POINT('',(-0.125106560131152,-0.00736542131780052,0.0115));
#16692=CARTESIAN_POINT('',(-0.125655202452817,-0.00736542131780052,0.0115));
#16693=CARTESIAN_POINT('',(-0.125655202452817,-0.00736542131780052,0.0115));
#16694=CARTESIAN_POINT('',(-0.125655202452817,-0.00501522131780052,0.0115));
#16695=CARTESIAN_POINT('',(-0.125655202452817,-0.00501522131780052,0.0085));
#16696=CARTESIAN_POINT('',(-0.125655202452817,-0.00266502131780053,0.0085));
#16697=CARTESIAN_POINT('',(-0.125655202452817,-0.00501522131780052,0.0115));
#16698=CARTESIAN_POINT('',(-0.125655202452817,-0.00266502131780053,0.0115));
#16699=CARTESIAN_POINT('',(-0.125655202452817,-0.00266502131780053,0.0115));
#16700=CARTESIAN_POINT('',(-0.132654902452817,-0.00266502131780053,0.0115));
#16701=CARTESIAN_POINT('',(-0.132654902452817,-0.00266502131780053,0.0085));
#16702=CARTESIAN_POINT('',(-0.139654602452817,-0.00266502131780053,0.0085));
#16703=CARTESIAN_POINT('',(-0.132654902452817,-0.00266502131780053,0.0115));
#16704=CARTESIAN_POINT('',(-0.139654602452817,-0.00266502131780053,0.0115));
#16705=CARTESIAN_POINT('',(-0.139654602452817,-0.00266502131780053,0.0115));
#16706=CARTESIAN_POINT('',(-0.139654602452817,-0.00501522131780052,0.0115));
#16707=CARTESIAN_POINT('',(-0.139654602452817,-0.00501522131780052,0.0085));
#16708=CARTESIAN_POINT('',(-0.139654602452817,-0.00736542131780052,0.0085));
#16709=CARTESIAN_POINT('',(-0.139654602452817,-0.00501522131780052,0.0115));
#16710=CARTESIAN_POINT('',(-0.139654602452817,-0.00736542131780052,0.0115));
#16711=CARTESIAN_POINT('',(-0.139654602452817,-0.00736542131780052,0.0115));
#16712=CARTESIAN_POINT('',(-0.140213450215609,-0.00736542131780052,0.0115));
#16713=CARTESIAN_POINT('',(-0.140213450215609,-0.00736542131780052,0.0085));
#16714=CARTESIAN_POINT('',(-0.140772297978401,-0.00736542131780052,0.0085));
#16715=CARTESIAN_POINT('',(-0.140213450215609,-0.00736542131780052,0.0115));
#16716=CARTESIAN_POINT('',(-0.140772297978401,-0.00736542131780052,0.0115));
#16717=CARTESIAN_POINT('',(-0.140772297978401,-0.00736542131780052,0.0115));
#16718=CARTESIAN_POINT('',(-0.140772297978401,-0.00368271065890026,0.0115));
#16719=CARTESIAN_POINT('',(-0.140772297978401,-0.00368271065890026,0.0085));
#16720=CARTESIAN_POINT('',(-0.140772297978401,0.,0.0085));
#16721=CARTESIAN_POINT('',(-0.140772297978401,-0.00368271065890026,0.0115));
#16722=CARTESIAN_POINT('',(-0.140772297978401,0.,0.0115));
#16723=CARTESIAN_POINT('',(-0.140772297978401,0.,0.0115));
#16724=CARTESIAN_POINT('',(-0.144572297978401,0.,0.0115));
#16725=CARTESIAN_POINT('',(-0.144572297978401,0.,0.0085));
#16726=CARTESIAN_POINT('',(-0.148372297978401,0.,0.0085));
#16727=CARTESIAN_POINT('',(-0.144572297978401,0.,0.0115));
#16728=CARTESIAN_POINT('',(-0.148372297978401,0.,0.0115));
#16729=CARTESIAN_POINT('',(-0.148372297978401,0.,0.0115));
#16730=CARTESIAN_POINT('',(-0.148372297978401,-0.00368271065890026,0.0115));
#16731=CARTESIAN_POINT('',(-0.148372297978401,-0.00368271065890026,0.0085));
#16732=CARTESIAN_POINT('',(-0.148372297978401,-0.00736542131780052,0.0085));
#16733=CARTESIAN_POINT('',(-0.148372297978401,-0.00368271065890026,0.0115));
#16734=CARTESIAN_POINT('',(-0.148372297978401,-0.00736542131780052,0.0115));
#16735=CARTESIAN_POINT('',(-0.148372297978401,-0.00736542131780052,0.0115));
#16736=CARTESIAN_POINT('',(-0.148563755215609,-0.00736542131780052,0.0115));
#16737=CARTESIAN_POINT('',(-0.148563755215609,-0.00736542131780052,0.0085));
#16738=CARTESIAN_POINT('',(-0.148563755215609,-0.00736542131780052,0.0115));
#16739=CARTESIAN_POINT('',(-0.0796989024528168,-0.0278148013178005,0.0115));
#16740=CARTESIAN_POINT('',(-0.0796989024528168,-0.0278148013178005,0.0085));
#16741=CARTESIAN_POINT('',(-0.0796989024528168,-0.0264154213178005,0.0085));
#16742=CARTESIAN_POINT('',(-0.0796989024528168,-0.0292141813178005,0.0085));
#16743=CARTESIAN_POINT('',(-0.0796989024528168,-0.0264154213178005,0.0115));
#16744=CARTESIAN_POINT('',(-0.0796989024528168,-0.0264154213178005,0.0115));
#16745=CARTESIAN_POINT('',(-0.0796989024528168,-0.0278148013178005,0.0115));
#16746=CARTESIAN_POINT('',(-0.0796989024528168,-0.0292141813178005,0.0115));
#16747=CARTESIAN_POINT('',(-0.0796989024528168,-0.0292141813178005,0.0115));
#16748=CARTESIAN_POINT('',(-0.0795240862075638,-0.0292141813178005,0.0115));
#16749=CARTESIAN_POINT('',(-0.0795240862075638,-0.0292141813178005,0.0085));
#16750=CARTESIAN_POINT('',(-0.0793492699623108,-0.0292141813178005,0.0085));
#16751=CARTESIAN_POINT('',(-0.0795240862075638,-0.0292141813178005,0.0115));
#16752=CARTESIAN_POINT('',(-0.0793492699623108,-0.0292141813178005,0.0115));
#16753=CARTESIAN_POINT('',(-0.0793492699623108,-0.0292141813178005,0.0115));
#16754=CARTESIAN_POINT('',(-0.0793492699623108,-0.0335396420279713,0.0115));
#16755=CARTESIAN_POINT('',(-0.0793492699623108,-0.0335396420279713,0.0085));
#16756=CARTESIAN_POINT('',(-0.0793492699623108,-0.037865102738142,0.0085));
#16757=CARTESIAN_POINT('',(-0.0793492699623108,-0.0335396420279713,0.0115));
#16758=CARTESIAN_POINT('',(-0.0793492699623108,-0.037865102738142,0.0115));
#16759=CARTESIAN_POINT('',(-0.0793492699623108,-0.037865102738142,0.0115));
#16760=CARTESIAN_POINT('',(-0.0755492699623108,-0.037865102738142,0.0115));
#16761=CARTESIAN_POINT('',(-0.0755492699623108,-0.037865102738142,0.0085));
#16762=CARTESIAN_POINT('',(-0.0717492699623108,-0.037865102738142,0.0085));
#16763=CARTESIAN_POINT('',(-0.0755492699623108,-0.037865102738142,0.0115));
#16764=CARTESIAN_POINT('',(-0.0717492699623108,-0.037865102738142,0.0115));
#16765=CARTESIAN_POINT('',(-0.0717492699623108,-0.037865102738142,0.0115));
#16766=CARTESIAN_POINT('',(-0.0717492699623108,-0.0344401970279712,0.0115));
#16767=CARTESIAN_POINT('',(-0.0717492699623108,-0.0344401970279712,0.0085));
#16768=CARTESIAN_POINT('',(-0.0717492699623108,-0.0310152913178005,0.0085));
#16769=CARTESIAN_POINT('',(-0.0717492699623108,-0.0344401970279712,0.0115));
#16770=CARTESIAN_POINT('',(-0.0717492699623108,-0.0310152913178005,0.0115));
#16771=CARTESIAN_POINT('',(-0.0717492699623108,-0.0310152913178005,0.0115));
#16772=CARTESIAN_POINT('',(-0.0521237862075638,-0.0310152913178005,0.0115));
#16773=CARTESIAN_POINT('',(-0.0521237862075638,-0.0310152913178005,0.0085));
#16774=CARTESIAN_POINT('',(-0.0324983024528168,-0.0310152913178005,0.0085));
#16775=CARTESIAN_POINT('',(-0.0521237862075638,-0.0310152913178005,0.0115));
#16776=CARTESIAN_POINT('',(-0.0324983024528168,-0.0310152913178005,0.0115));
#16777=CARTESIAN_POINT('',(-0.0324983024528168,-0.0310152913178005,0.0115));
#16778=CARTESIAN_POINT('',(-0.0324983024528168,-0.0333648363178006,0.0115));
#16779=CARTESIAN_POINT('',(-0.0324983024528168,-0.0333648363178006,0.0085));
#16780=CARTESIAN_POINT('',(-0.0324983024528168,-0.0357143813178006,0.0085));
#16781=CARTESIAN_POINT('',(-0.0324983024528168,-0.0333648363178006,0.0115));
#16782=CARTESIAN_POINT('',(-0.0324983024528168,-0.0357143813178006,0.0115));
#16783=CARTESIAN_POINT('',(-0.0324983024528168,-0.0357143813178006,0.0115));
#16784=CARTESIAN_POINT('',(-0.0254988024528168,-0.0357143813178006,0.0115));
#16785=CARTESIAN_POINT('',(-0.0254988024528168,-0.0357143813178006,0.0085));
#16786=CARTESIAN_POINT('',(-0.0184993024528168,-0.0357143813178006,0.0085));
#16787=CARTESIAN_POINT('',(-0.0254988024528168,-0.0357143813178006,0.0115));
#16788=CARTESIAN_POINT('',(-0.0184993024528168,-0.0357143813178006,0.0115));
#16789=CARTESIAN_POINT('',(-0.0184993024528168,-0.0357143813178006,0.0115));
#16790=CARTESIAN_POINT('',(-0.0184993024528168,-0.0333648363178006,0.0115));
#16791=CARTESIAN_POINT('',(-0.0184993024528168,-0.0333648363178006,0.0085));
#16792=CARTESIAN_POINT('',(-0.0184993024528168,-0.0310152913178005,0.0085));
#16793=CARTESIAN_POINT('',(-0.0184993024528168,-0.0333648363178006,0.0115));
#16794=CARTESIAN_POINT('',(-0.0184993024528168,-0.0310152913178005,0.0115));
#16795=CARTESIAN_POINT('',(-0.0184993024528168,-0.0310152913178005,0.0115));
#16796=CARTESIAN_POINT('',(0.00110257388054619,-0.0310152913178005,0.0115));
#16797=CARTESIAN_POINT('',(0.00110257388054619,-0.0310152913178005,0.0085));
#16798=CARTESIAN_POINT('',(0.0207044502139092,-0.0310152913178005,0.0085));
#16799=CARTESIAN_POINT('',(0.00110257388054619,-0.0310152913178005,0.0115));
#16800=CARTESIAN_POINT('',(0.0207044502139092,-0.0310152913178005,0.0115));
#16801=CARTESIAN_POINT('',(0.0207044502139092,-0.0310152913178005,0.0115));
#16802=CARTESIAN_POINT('',(0.0207044502139092,-0.0344126643386979,0.0115));
#16803=CARTESIAN_POINT('',(0.0207044502139092,-0.0344126643386979,0.0085));
#16804=CARTESIAN_POINT('',(0.0207044502139092,-0.0378100373595953,0.0085));
#16805=CARTESIAN_POINT('',(0.0207044502139092,-0.0344126643386979,0.0115));
#16806=CARTESIAN_POINT('',(0.0207044502139092,-0.0378100373595953,0.0115));
#16807=CARTESIAN_POINT('',(0.0207044502139092,-0.0378100373595953,0.0115));
#16808=CARTESIAN_POINT('',(0.0245044502139092,-0.0378100373595953,0.0115));
#16809=CARTESIAN_POINT('',(0.0245044502139092,-0.0378100373595953,0.0085));
#16810=CARTESIAN_POINT('',(0.0283044502139092,-0.0378100373595953,0.0085));
#16811=CARTESIAN_POINT('',(0.0245044502139092,-0.0378100373595953,0.0115));
#16812=CARTESIAN_POINT('',(0.0283044502139092,-0.0378100373595953,0.0115));
#16813=CARTESIAN_POINT('',(0.0283044502139092,-0.0378100373595953,0.0115));
#16814=CARTESIAN_POINT('',(0.0283044502139092,-0.0335121093386979,0.0115));
#16815=CARTESIAN_POINT('',(0.0283044502139092,-0.0335121093386979,0.0085));
#16816=CARTESIAN_POINT('',(0.0283044502139092,-0.0292141813178005,0.0085));
#16817=CARTESIAN_POINT('',(0.0283044502139092,-0.0335121093386979,0.0115));
#16818=CARTESIAN_POINT('',(0.0283044502139092,-0.0292141813178005,0.0115));
#16819=CARTESIAN_POINT('',(0.0283044502139092,-0.0292141813178005,0.0115));
#16820=CARTESIAN_POINT('',(0.0285030738805462,-0.0292141813178005,0.0115));
#16821=CARTESIAN_POINT('',(0.0285030738805462,-0.0292141813178005,0.0085));
#16822=CARTESIAN_POINT('',(0.0287016975471832,-0.0292141813178005,0.0085));
#16823=CARTESIAN_POINT('',(0.0285030738805462,-0.0292141813178005,0.0115));
#16824=CARTESIAN_POINT('',(0.0287016975471832,-0.0292141813178005,0.0115));
#16825=CARTESIAN_POINT('',(0.0287016975471832,-0.0292141813178005,0.0115));
#16826=CARTESIAN_POINT('',(0.0287016975471832,-0.0278148013178005,0.0115));
#16827=CARTESIAN_POINT('',(0.0287016975471832,-0.0278148013178005,0.0085));
#16828=CARTESIAN_POINT('',(0.0287016975471832,-0.0264154213178005,0.0085));
#16829=CARTESIAN_POINT('',(0.0287016975471832,-0.0278148013178005,0.0115));
#16830=CARTESIAN_POINT('',(0.0287016975471832,-0.0264154213178005,0.0115));
#16831=CARTESIAN_POINT('',(0.0287016975471832,-0.0264154213178005,0.0115));
#16832=CARTESIAN_POINT('',(0.0285030738805462,-0.0264154213178005,0.0115));
#16833=CARTESIAN_POINT('',(0.0285030738805462,-0.0264154213178005,0.0085));
#16834=CARTESIAN_POINT('',(0.0283044502139092,-0.0264154213178005,0.0085));
#16835=CARTESIAN_POINT('',(0.0285030738805462,-0.0264154213178005,0.0115));
#16836=CARTESIAN_POINT('',(0.0283044502139092,-0.0264154213178005,0.0115));
#16837=CARTESIAN_POINT('',(0.0283044502139092,-0.0264154213178005,0.0115));
#16838=CARTESIAN_POINT('',(0.0283044502139092,-0.0221127293386979,0.0115));
#16839=CARTESIAN_POINT('',(0.0283044502139092,-0.0221127293386979,0.0085));
#16840=CARTESIAN_POINT('',(0.0283044502139092,-0.0178100373595953,0.0085));
#16841=CARTESIAN_POINT('',(0.0283044502139092,-0.0221127293386979,0.0115));
#16842=CARTESIAN_POINT('',(0.0283044502139092,-0.0178100373595953,0.0115));
#16843=CARTESIAN_POINT('',(0.0283044502139092,-0.0178100373595953,0.0115));
#16844=CARTESIAN_POINT('',(0.0245044502139092,-0.0178100373595953,0.0115));
#16845=CARTESIAN_POINT('',(0.0245044502139092,-0.0178100373595953,0.0085));
#16846=CARTESIAN_POINT('',(0.0207044502139092,-0.0178100373595953,0.0085));
#16847=CARTESIAN_POINT('',(0.0245044502139092,-0.0178100373595953,0.0115));
#16848=CARTESIAN_POINT('',(0.0207044502139092,-0.0178100373595953,0.0115));
#16849=CARTESIAN_POINT('',(0.0207044502139092,-0.0178100373595953,0.0115));
#16850=CARTESIAN_POINT('',(0.0207044502139092,-0.0221127293386979,0.0115));
#16851=CARTESIAN_POINT('',(0.0207044502139092,-0.0221127293386979,0.0085));
#16852=CARTESIAN_POINT('',(0.0207044502139092,-0.0264154213178005,0.0085));
#16853=CARTESIAN_POINT('',(0.0207044502139092,-0.0221127293386979,0.0115));
#16854=CARTESIAN_POINT('',(0.0207044502139092,-0.0264154213178005,0.0115));
#16855=CARTESIAN_POINT('',(0.0207044502139092,-0.0264154213178005,0.0115));
#16856=CARTESIAN_POINT('',(0.00110257388054618,-0.0264154213178005,0.0115));
#16857=CARTESIAN_POINT('',(0.00110257388054618,-0.0264154213178005,0.0085));
#16858=CARTESIAN_POINT('',(-0.0184993024528168,-0.0264154213178005,0.0085));
#16859=CARTESIAN_POINT('',(0.00110257388054618,-0.0264154213178005,0.0115));
#16860=CARTESIAN_POINT('',(-0.0184993024528168,-0.0264154213178005,0.0115));
#16861=CARTESIAN_POINT('',(-0.0184993024528168,-0.0264154213178005,0.0115));
#16862=CARTESIAN_POINT('',(-0.0184993024528168,-0.0240651713178005,0.0115));
#16863=CARTESIAN_POINT('',(-0.0184993024528168,-0.0240651713178005,0.0085));
#16864=CARTESIAN_POINT('',(-0.0184993024528168,-0.0217149213178005,0.0085));
#16865=CARTESIAN_POINT('',(-0.0184993024528168,-0.0240651713178005,0.0115));
#16866=CARTESIAN_POINT('',(-0.0184993024528168,-0.0217149213178005,0.0115));
#16867=CARTESIAN_POINT('',(-0.0184993024528168,-0.0217149213178005,0.0115));
#16868=CARTESIAN_POINT('',(-0.0254988024528168,-0.0217149213178005,0.0115));
#16869=CARTESIAN_POINT('',(-0.0254988024528168,-0.0217149213178005,0.0085));
#16870=CARTESIAN_POINT('',(-0.0324983024528168,-0.0217149213178005,0.0085));
#16871=CARTESIAN_POINT('',(-0.0254988024528168,-0.0217149213178005,0.0115));
#16872=CARTESIAN_POINT('',(-0.0324983024528168,-0.0217149213178005,0.0115));
#16873=CARTESIAN_POINT('',(-0.0324983024528168,-0.0217149213178005,0.0115));
#16874=CARTESIAN_POINT('',(-0.0324983024528168,-0.0240651713178005,0.0115));
#16875=CARTESIAN_POINT('',(-0.0324983024528168,-0.0240651713178005,0.0085));
#16876=CARTESIAN_POINT('',(-0.0324983024528168,-0.0264154213178005,0.0085));
#16877=CARTESIAN_POINT('',(-0.0324983024528168,-0.0240651713178005,0.0115));
#16878=CARTESIAN_POINT('',(-0.0324983024528168,-0.0264154213178005,0.0115));
#16879=CARTESIAN_POINT('',(-0.0324983024528168,-0.0264154213178005,0.0115));
#16880=CARTESIAN_POINT('',(-0.0521237862075638,-0.0264154213178005,0.0115));
#16881=CARTESIAN_POINT('',(-0.0521237862075638,-0.0264154213178005,0.0085));
#16882=CARTESIAN_POINT('',(-0.0717492699623108,-0.0264154213178005,0.0085));
#16883=CARTESIAN_POINT('',(-0.0521237862075638,-0.0264154213178005,0.0115));
#16884=CARTESIAN_POINT('',(-0.0717492699623108,-0.0264154213178005,0.0115));
#16885=CARTESIAN_POINT('',(-0.0717492699623108,-0.0264154213178005,0.0115));
#16886=CARTESIAN_POINT('',(-0.0717492699623108,-0.0221402620279713,0.0115));
#16887=CARTESIAN_POINT('',(-0.0717492699623108,-0.0221402620279713,0.0085));
#16888=CARTESIAN_POINT('',(-0.0717492699623108,-0.017865102738142,0.0085));
#16889=CARTESIAN_POINT('',(-0.0717492699623108,-0.0221402620279713,0.0115));
#16890=CARTESIAN_POINT('',(-0.0717492699623108,-0.017865102738142,0.0115));
#16891=CARTESIAN_POINT('',(-0.0717492699623108,-0.017865102738142,0.0115));
#16892=CARTESIAN_POINT('',(-0.0755492699623108,-0.017865102738142,0.0115));
#16893=CARTESIAN_POINT('',(-0.0755492699623108,-0.017865102738142,0.0085));
#16894=CARTESIAN_POINT('',(-0.0793492699623108,-0.017865102738142,0.0085));
#16895=CARTESIAN_POINT('',(-0.0755492699623108,-0.017865102738142,0.0115));
#16896=CARTESIAN_POINT('',(-0.0793492699623108,-0.017865102738142,0.0115));
#16897=CARTESIAN_POINT('',(-0.0793492699623108,-0.017865102738142,0.0115));
#16898=CARTESIAN_POINT('',(-0.0793492699623108,-0.0221402620279713,0.0115));
#16899=CARTESIAN_POINT('',(-0.0793492699623108,-0.0221402620279713,0.0085));
#16900=CARTESIAN_POINT('',(-0.0793492699623108,-0.0264154213178005,0.0085));
#16901=CARTESIAN_POINT('',(-0.0793492699623108,-0.0221402620279713,0.0115));
#16902=CARTESIAN_POINT('',(-0.0793492699623108,-0.0264154213178005,0.0115));
#16903=CARTESIAN_POINT('',(-0.0793492699623108,-0.0264154213178005,0.0115));
#16904=CARTESIAN_POINT('',(-0.0795240862075638,-0.0264154213178005,0.0115));
#16905=CARTESIAN_POINT('',(-0.0795240862075638,-0.0264154213178005,0.0085));
#16906=CARTESIAN_POINT('',(-0.0795240862075638,-0.0264154213178005,0.0115));
#16907=CARTESIAN_POINT('',(-0.0850303024528168,-0.0287146513178006,0.0115));
#16908=CARTESIAN_POINT('',(-0.0850303024528168,-0.0287146513178006,0.0115));
#16909=CARTESIAN_POINT('',(-0.0839803024528168,-0.0287146513178006,0.0115));
#16910=CARTESIAN_POINT('',(-0.0850303024528168,-0.0287146513178006,0.0085));
#16911=CARTESIAN_POINT('',(-0.0839803024528168,-0.0287146513178006,0.0085));
#16912=CARTESIAN_POINT('',(-0.125367102452817,0.0284354286821995,0.0115));
#16913=CARTESIAN_POINT('',(-0.125367102452817,0.0284354286821995,0.0085));
#16914=CARTESIAN_POINT('',(-0.125367102452817,0.0214357786821994,0.0085));
#16915=CARTESIAN_POINT('',(-0.125367102452817,0.0354350786821995,0.0085));
#16916=CARTESIAN_POINT('',(-0.125367102452817,0.0354350786821995,0.0115));
#16917=CARTESIAN_POINT('',(-0.125367102452817,0.0354350786821995,0.0115));
#16918=CARTESIAN_POINT('',(-0.125367102452817,0.0284354286821995,0.0115));
#16919=CARTESIAN_POINT('',(-0.125367102452817,0.0214357786821994,0.0115));
#16920=CARTESIAN_POINT('',(-0.125367102452817,0.0214357786821994,0.0115));
#16921=CARTESIAN_POINT('',(-0.118367452452817,0.0214357786821995,0.0115));
#16922=CARTESIAN_POINT('',(-0.118367452452817,0.0214357786821995,0.0085));
#16923=CARTESIAN_POINT('',(-0.111367802452817,0.0214357786821994,0.0085));
#16924=CARTESIAN_POINT('',(-0.118367452452817,0.0214357786821995,0.0115));
#16925=CARTESIAN_POINT('',(-0.111367802452817,0.0214357786821994,0.0115));
#16926=CARTESIAN_POINT('',(-0.111367802452817,0.0214357786821994,0.0115));
#16927=CARTESIAN_POINT('',(-0.111367802452817,0.0284354286821995,0.0115));
#16928=CARTESIAN_POINT('',(-0.111367802452817,0.0284354286821995,0.0085));
#16929=CARTESIAN_POINT('',(-0.111367802452817,0.0354350786821995,0.0085));
#16930=CARTESIAN_POINT('',(-0.111367802452817,0.0284354286821995,0.0115));
#16931=CARTESIAN_POINT('',(-0.111367802452817,0.0354350786821995,0.0115));
#16932=CARTESIAN_POINT('',(-0.111367802452817,0.0354350786821995,0.0115));
#16933=CARTESIAN_POINT('',(-0.118367452452817,0.0354350786821995,0.0115));
#16934=CARTESIAN_POINT('',(-0.118367452452817,0.0354350786821995,0.0085));
#16935=CARTESIAN_POINT('',(-0.118367452452817,0.0354350786821995,0.0115));
#16936=CARTESIAN_POINT('',(-0.108842452452817,0.0284354286821995,0.0115));
#16937=CARTESIAN_POINT('',(-0.108842452452817,0.0284354286821995,0.0115));
#16938=CARTESIAN_POINT('',(-0.107792452452817,0.0284354286821995,0.0115));
#16939=CARTESIAN_POINT('',(-0.108842452452817,0.0284354286821995,0.0085));
#16940=CARTESIAN_POINT('',(-0.107792452452817,0.0284354286821995,0.0085));
#16941=CARTESIAN_POINT('',(-0.0516925524528168,0.0284354286821994,0.0115));
#16942=CARTESIAN_POINT('',(-0.0516925524528168,0.0284354286821994,0.0115));
#16943=CARTESIAN_POINT('',(-0.0506425524528168,0.0284354286821994,0.0115));
#16944=CARTESIAN_POINT('',(-0.0516925524528168,0.0284354286821994,0.0085));
#16945=CARTESIAN_POINT('',(-0.0506425524528168,0.0284354286821994,0.0085));
#16946=CARTESIAN_POINT('',(-0.0351673024528168,0.0284354286821995,0.0115));
#16947=CARTESIAN_POINT('',(-0.0351673024528168,0.0284354286821995,0.0085));
#16948=CARTESIAN_POINT('',(-0.0351673024528168,0.0354350786821995,0.0085));
#16949=CARTESIAN_POINT('',(-0.0351673024528168,0.0214357786821995,0.0085));
#16950=CARTESIAN_POINT('',(-0.0351673024528168,0.0214357786821995,0.0115));
#16951=CARTESIAN_POINT('',(-0.0351673024528168,0.0214357786821995,0.0115));
#16952=CARTESIAN_POINT('',(-0.0351673024528168,0.0284354286821995,0.0115));
#16953=CARTESIAN_POINT('',(-0.0351673024528168,0.0354350786821995,0.0115));
#16954=CARTESIAN_POINT('',(-0.0351673024528168,0.0354350786821995,0.0115));
#16955=CARTESIAN_POINT('',(-0.0421673024528168,0.0354350786821995,0.0115));
#16956=CARTESIAN_POINT('',(-0.0421673024528168,0.0354350786821995,0.0085));
#16957=CARTESIAN_POINT('',(-0.0491673024528168,0.0354350786821995,0.0085));
#16958=CARTESIAN_POINT('',(-0.0421673024528168,0.0354350786821995,0.0115));
#16959=CARTESIAN_POINT('',(-0.0491673024528168,0.0354350786821995,0.0115));
#16960=CARTESIAN_POINT('',(-0.0491673024528168,0.0354350786821995,0.0115));
#16961=CARTESIAN_POINT('',(-0.0491673024528168,0.0284354286821995,0.0115));
#16962=CARTESIAN_POINT('',(-0.0491673024528168,0.0284354286821995,0.0085));
#16963=CARTESIAN_POINT('',(-0.0491673024528168,0.0214357786821994,0.0085));
#16964=CARTESIAN_POINT('',(-0.0491673024528168,0.0284354286821995,0.0115));
#16965=CARTESIAN_POINT('',(-0.0491673024528168,0.0214357786821994,0.0115));
#16966=CARTESIAN_POINT('',(-0.0491673024528168,0.0214357786821994,0.0115));
#16967=CARTESIAN_POINT('',(-0.0421673024528168,0.0214357786821995,0.0115));
#16968=CARTESIAN_POINT('',(-0.0421673024528168,0.0214357786821995,0.0085));
#16969=CARTESIAN_POINT('',(-0.0421673024528168,0.0214357786821995,0.0115));
#16970=CARTESIAN_POINT('',(0.00545769754718322,0.0284354286821994,0.0115));
#16971=CARTESIAN_POINT('',(0.00545769754718322,0.0284354286821994,0.0115));
#16972=CARTESIAN_POINT('',(0.00650769754718319,0.0284354286821994,0.0115));
#16973=CARTESIAN_POINT('',(0.00545769754718322,0.0284354286821994,0.0085));
#16974=CARTESIAN_POINT('',(0.00650769754718319,0.0284354286821994,0.0085));
#16975=CARTESIAN_POINT('',(0.0219826975471832,0.0284354286821995,0.0115));
#16976=CARTESIAN_POINT('',(0.0219826975471832,0.0284354286821995,0.0085));
#16977=CARTESIAN_POINT('',(0.0219826975471832,0.0354350786821995,0.0085));
#16978=CARTESIAN_POINT('',(0.0219826975471832,0.0214357786821995,0.0085));
#16979=CARTESIAN_POINT('',(0.0219826975471832,0.0214357786821995,0.0115));
#16980=CARTESIAN_POINT('',(0.0219826975471832,0.0214357786821995,0.0115));
#16981=CARTESIAN_POINT('',(0.0219826975471832,0.0284354286821995,0.0115));
#16982=CARTESIAN_POINT('',(0.0219826975471832,0.0354350786821995,0.0115));
#16983=CARTESIAN_POINT('',(0.0219826975471832,0.0354350786821995,0.0115));
#16984=CARTESIAN_POINT('',(0.0149826975471832,0.0354350786821995,0.0115));
#16985=CARTESIAN_POINT('',(0.0149826975471832,0.0354350786821995,0.0085));
#16986=CARTESIAN_POINT('',(0.00798269754718322,0.0354350786821995,0.0085));
#16987=CARTESIAN_POINT('',(0.0149826975471832,0.0354350786821995,0.0115));
#16988=CARTESIAN_POINT('',(0.00798269754718322,0.0354350786821995,0.0115));
#16989=CARTESIAN_POINT('',(0.00798269754718322,0.0354350786821995,0.0115));
#16990=CARTESIAN_POINT('',(0.00798269754718322,0.0284354286821995,0.0115));
#16991=CARTESIAN_POINT('',(0.00798269754718322,0.0284354286821995,0.0085));
#16992=CARTESIAN_POINT('',(0.00798269754718322,0.0214357786821994,0.0085));
#16993=CARTESIAN_POINT('',(0.00798269754718322,0.0284354286821995,0.0115));
#16994=CARTESIAN_POINT('',(0.00798269754718322,0.0214357786821994,0.0115));
#16995=CARTESIAN_POINT('',(0.00798269754718322,0.0214357786821994,0.0115));
#16996=CARTESIAN_POINT('',(0.0149826975471832,0.0214357786821995,0.0115));
#16997=CARTESIAN_POINT('',(0.0149826975471832,0.0214357786821995,0.0085));
#16998=CARTESIAN_POINT('',(0.0149826975471832,0.0214357786821995,0.0115));
#16999=CARTESIAN_POINT('',(-0.0970803024528168,-0.00966472131780052,0.0115));
#17000=CARTESIAN_POINT('',(-0.0970803024528168,-0.00966472131780052,0.0085));
#17001=CARTESIAN_POINT('',(-0.0970803024528168,-0.00266502131780053,0.0085));
#17002=CARTESIAN_POINT('',(-0.0970803024528168,-0.0166644213178005,0.0085));
#17003=CARTESIAN_POINT('',(-0.0970803024528168,-0.0166644213178005,0.0115));
#17004=CARTESIAN_POINT('',(-0.0970803024528168,-0.0166644213178005,0.0115));
#17005=CARTESIAN_POINT('',(-0.0970803024528168,-0.00966472131780052,0.0115));
#17006=CARTESIAN_POINT('',(-0.0970803024528168,-0.00266502131780053,0.0115));
#17007=CARTESIAN_POINT('',(-0.0970803024528168,-0.00266502131780053,0.0115));
#17008=CARTESIAN_POINT('',(-0.104079952452817,-0.00266502131780053,0.0115));
#17009=CARTESIAN_POINT('',(-0.104079952452817,-0.00266502131780053,0.0085));
#17010=CARTESIAN_POINT('',(-0.111079602452817,-0.00266502131780053,0.0085));
#17011=CARTESIAN_POINT('',(-0.104079952452817,-0.00266502131780053,0.0115));
#17012=CARTESIAN_POINT('',(-0.111079602452817,-0.00266502131780053,0.0115));
#17013=CARTESIAN_POINT('',(-0.111079602452817,-0.00266502131780053,0.0115));
#17014=CARTESIAN_POINT('',(-0.111079602452817,-0.00966472131780052,0.0115));
#17015=CARTESIAN_POINT('',(-0.111079602452817,-0.00966472131780052,0.0085));
#17016=CARTESIAN_POINT('',(-0.111079602452817,-0.0166644213178005,0.0085));
#17017=CARTESIAN_POINT('',(-0.111079602452817,-0.00966472131780052,0.0115));
#17018=CARTESIAN_POINT('',(-0.111079602452817,-0.0166644213178005,0.0115));
#17019=CARTESIAN_POINT('',(-0.111079602452817,-0.0166644213178005,0.0115));
#17020=CARTESIAN_POINT('',(-0.104079952452817,-0.0166644213178005,0.0115));
#17021=CARTESIAN_POINT('',(-0.104079952452817,-0.0166644213178005,0.0085));
#17022=CARTESIAN_POINT('',(-0.104079952452817,-0.0166644213178005,0.0115));
#17023=CARTESIAN_POINT('',(-0.0564556524528168,-0.00966472131780049,0.0115));
#17024=CARTESIAN_POINT('',(-0.0564556524528168,-0.00966472131780049,0.0115));
#17025=CARTESIAN_POINT('',(-0.0554056524528168,-0.00966472131780049,0.0115));
#17026=CARTESIAN_POINT('',(-0.0564556524528168,-0.00966472131780049,0.0085));
#17027=CARTESIAN_POINT('',(-0.0554056524528168,-0.00966472131780049,0.0085));
#17028=CARTESIAN_POINT('',(-0.0399303024528168,-0.00966472131780052,0.0115));
#17029=CARTESIAN_POINT('',(-0.0399303024528168,-0.00966472131780052,0.0085));
#17030=CARTESIAN_POINT('',(-0.0399303024528168,-0.00266502131780053,0.0085));
#17031=CARTESIAN_POINT('',(-0.0399303024528168,-0.0166644213178005,0.0085));
#17032=CARTESIAN_POINT('',(-0.0399303024528168,-0.0166644213178005,0.0115));
#17033=CARTESIAN_POINT('',(-0.0399303024528168,-0.0166644213178005,0.0115));
#17034=CARTESIAN_POINT('',(-0.0399303024528168,-0.00966472131780052,0.0115));
#17035=CARTESIAN_POINT('',(-0.0399303024528168,-0.00266502131780053,0.0115));
#17036=CARTESIAN_POINT('',(-0.0399303024528168,-0.00266502131780053,0.0115));
#17037=CARTESIAN_POINT('',(-0.0469306524528168,-0.00266502131780053,0.0115));
#17038=CARTESIAN_POINT('',(-0.0469306524528168,-0.00266502131780053,0.0085));
#17039=CARTESIAN_POINT('',(-0.0539310024528168,-0.00266502131780052,0.0085));
#17040=CARTESIAN_POINT('',(-0.0469306524528168,-0.00266502131780053,0.0115));
#17041=CARTESIAN_POINT('',(-0.0539310024528168,-0.00266502131780052,0.0115));
#17042=CARTESIAN_POINT('',(-0.0539310024528168,-0.00266502131780052,0.0115));
#17043=CARTESIAN_POINT('',(-0.0539310024528168,-0.00966472131780052,0.0115));
#17044=CARTESIAN_POINT('',(-0.0539310024528168,-0.00966472131780052,0.0085));
#17045=CARTESIAN_POINT('',(-0.0539310024528168,-0.0166644213178005,0.0085));
#17046=CARTESIAN_POINT('',(-0.0539310024528168,-0.00966472131780052,0.0115));
#17047=CARTESIAN_POINT('',(-0.0539310024528168,-0.0166644213178005,0.0115));
#17048=CARTESIAN_POINT('',(-0.0539310024528168,-0.0166644213178005,0.0115));
#17049=CARTESIAN_POINT('',(-0.0469306524528168,-0.0166644213178005,0.0115));
#17050=CARTESIAN_POINT('',(-0.0469306524528168,-0.0166644213178005,0.0085));
#17051=CARTESIAN_POINT('',(-0.0469306524528168,-0.0166644213178005,0.0115));
#17052=CARTESIAN_POINT('',(0.000695197547183213,-0.00966472131780052,0.0115));
#17053=CARTESIAN_POINT('',(0.000695197547183213,-0.00966472131780052,0.0115));
#17054=CARTESIAN_POINT('',(0.00174519754718321,-0.00966472131780052,0.0115));
#17055=CARTESIAN_POINT('',(0.000695197547183213,-0.00966472131780052,0.0085));
#17056=CARTESIAN_POINT('',(0.00174519754718321,-0.00966472131780052,0.0085));
#17057=CARTESIAN_POINT('',(0.0172196975471832,-0.00966472131780052,0.0115));
#17058=CARTESIAN_POINT('',(0.0172196975471832,-0.00966472131780052,0.0085));
#17059=CARTESIAN_POINT('',(0.0172196975471832,-0.00266502131780053,0.0085));
#17060=CARTESIAN_POINT('',(0.0172196975471832,-0.0166644213178005,0.0085));
#17061=CARTESIAN_POINT('',(0.0172196975471832,-0.0166644213178005,0.0115));
#17062=CARTESIAN_POINT('',(0.0172196975471832,-0.0166644213178005,0.0115));
#17063=CARTESIAN_POINT('',(0.0172196975471832,-0.00966472131780052,0.0115));
#17064=CARTESIAN_POINT('',(0.0172196975471832,-0.00266502131780053,0.0115));
#17065=CARTESIAN_POINT('',(0.0172196975471832,-0.00266502131780053,0.0115));
#17066=CARTESIAN_POINT('',(0.0102201975471832,-0.00266502131780053,0.0115));
#17067=CARTESIAN_POINT('',(0.0102201975471832,-0.00266502131780053,0.0085));
#17068=CARTESIAN_POINT('',(0.00322069754718322,-0.00266502131780053,0.0085));
#17069=CARTESIAN_POINT('',(0.0102201975471832,-0.00266502131780053,0.0115));
#17070=CARTESIAN_POINT('',(0.00322069754718322,-0.00266502131780053,0.0115));
#17071=CARTESIAN_POINT('',(0.00322069754718322,-0.00266502131780053,0.0115));
#17072=CARTESIAN_POINT('',(0.00322069754718322,-0.00966472131780052,0.0115));
#17073=CARTESIAN_POINT('',(0.00322069754718322,-0.00966472131780052,0.0085));
#17074=CARTESIAN_POINT('',(0.00322069754718322,-0.0166644213178005,0.0085));
#17075=CARTESIAN_POINT('',(0.00322069754718322,-0.00966472131780052,0.0115));
#17076=CARTESIAN_POINT('',(0.00322069754718322,-0.0166644213178005,0.0115));
#17077=CARTESIAN_POINT('',(0.00322069754718322,-0.0166644213178005,0.0115));
#17078=CARTESIAN_POINT('',(0.0102201975471832,-0.0166644213178005,0.0115));
#17079=CARTESIAN_POINT('',(0.0102201975471832,-0.0166644213178005,0.0085));
#17080=CARTESIAN_POINT('',(0.0102201975471832,-0.0166644213178005,0.0115));
#17081=CARTESIAN_POINT('',(-0.127893102452817,-0.0287146513178005,0.0115));
#17082=CARTESIAN_POINT('',(-0.127893102452817,-0.0287146513178005,0.0115));
#17083=CARTESIAN_POINT('',(-0.126843102452817,-0.0287146513178005,0.0115));
#17084=CARTESIAN_POINT('',(-0.127893102452817,-0.0287146513178005,0.0085));
#17085=CARTESIAN_POINT('',(-0.126843102452817,-0.0287146513178005,0.0085));
#17086=CARTESIAN_POINT('',(-0.108986502452817,-0.0287146513178006,0.0115));
#17087=CARTESIAN_POINT('',(-0.108986502452817,-0.0287146513178006,0.0085));
#17088=CARTESIAN_POINT('',(-0.108986502452817,-0.0217149213178005,0.0085));
#17089=CARTESIAN_POINT('',(-0.108986502452817,-0.0357143813178006,0.0085));
#17090=CARTESIAN_POINT('',(-0.108986502452817,-0.0357143813178006,0.0115));
#17091=CARTESIAN_POINT('',(-0.108986502452817,-0.0357143813178006,0.0115));
#17092=CARTESIAN_POINT('',(-0.108986502452817,-0.0287146513178006,0.0115));
#17093=CARTESIAN_POINT('',(-0.108986502452817,-0.0217149213178005,0.0115));
#17094=CARTESIAN_POINT('',(-0.108986502452817,-0.0217149213178005,0.0115));
#17095=CARTESIAN_POINT('',(-0.115986902452817,-0.0217149213178005,0.0115));
#17096=CARTESIAN_POINT('',(-0.115986902452817,-0.0217149213178005,0.0085));
#17097=CARTESIAN_POINT('',(-0.122987302452817,-0.0217149213178005,0.0085));
#17098=CARTESIAN_POINT('',(-0.115986902452817,-0.0217149213178005,0.0115));
#17099=CARTESIAN_POINT('',(-0.122987302452817,-0.0217149213178005,0.0115));
#17100=CARTESIAN_POINT('',(-0.122987302452817,-0.0217149213178005,0.0115));
#17101=CARTESIAN_POINT('',(-0.122987302452817,-0.0287146513178006,0.0115));
#17102=CARTESIAN_POINT('',(-0.122987302452817,-0.0287146513178006,0.0085));
#17103=CARTESIAN_POINT('',(-0.122987302452817,-0.0357143813178006,0.0085));
#17104=CARTESIAN_POINT('',(-0.122987302452817,-0.0287146513178006,0.0115));
#17105=CARTESIAN_POINT('',(-0.122987302452817,-0.0357143813178006,0.0115));
#17106=CARTESIAN_POINT('',(-0.122987302452817,-0.0357143813178006,0.0115));
#17107=CARTESIAN_POINT('',(-0.115986902452817,-0.0357143813178006,0.0115));
#17108=CARTESIAN_POINT('',(-0.115986902452817,-0.0357143813178006,0.0085));
#17109=CARTESIAN_POINT('',(-0.115986902452817,-0.0357143813178006,0.0115));
#17110=CARTESIAN_POINT('',(-0.153594707659006,-0.0401309655870889,0.0115));
#17111=CARTESIAN_POINT('',(-0.153594707659006,-0.0401309655870889,0.0085));
#17112=CARTESIAN_POINT('',(-0.153594707659006,-0.0416309655870889,0.0085));
#17113=CARTESIAN_POINT('',(-0.153594707659006,-0.0416309655870889,0.0115));
#17114=CARTESIAN_POINT('',(-0.153594707659006,-0.0416309655870889,0.0166));
#17115=CARTESIAN_POINT('',(-0.153594707659006,-0.0401309655870889,0.0166));
#17116=CARTESIAN_POINT('',(-0.153594707659006,0.039850034412911,0.0115));
#17117=CARTESIAN_POINT('',(-0.153594707659006,0.039850034412911,0.0085));
#17118=CARTESIAN_POINT('',(-0.153594707659006,0.041350034412911,0.0085));
#17119=CARTESIAN_POINT('',(-0.153594707659006,0.039850034412911,0.0166));
#17120=CARTESIAN_POINT('',(-0.153594707659006,0.041350034412911,0.0166));
#17121=CARTESIAN_POINT('',(-0.153594707659006,0.041350034412911,0.0181));
#17122=CARTESIAN_POINT('',(0.0317956975471832,0.00938542868219948,0.0115));
#17123=CARTESIAN_POINT('',(0.0317956975471832,0.00938542868219948,0.0085));
#17124=CARTESIAN_POINT('',(0.0317956975471832,0.00238577868219948,0.0085));
#17125=CARTESIAN_POINT('',(0.0317956975471832,0.0163850786821995,0.0085));
#17126=CARTESIAN_POINT('',(0.0317956975471832,0.0163850786821995,0.0115));
#17127=CARTESIAN_POINT('',(0.0317956975471832,0.0163850786821995,0.0115));
#17128=CARTESIAN_POINT('',(0.0317956975471832,0.00938542868219948,0.0115));
#17129=CARTESIAN_POINT('',(0.0317956975471832,0.00238577868219948,0.0115));
#17130=CARTESIAN_POINT('',(0.0317956975471832,0.00238577868219948,0.0115));
#17131=CARTESIAN_POINT('',(0.0270326975471832,0.0284354286821995,0.0115));
#17132=CARTESIAN_POINT('',(0.0270326975471832,0.0284354286821995,0.0085));
#17133=CARTESIAN_POINT('',(0.0270326975471832,0.0214357786821994,0.0085));
#17134=CARTESIAN_POINT('',(0.0270326975471832,0.0354350786821995,0.0085));
#17135=CARTESIAN_POINT('',(0.0270326975471832,0.0354350786821995,0.0115));
#17136=CARTESIAN_POINT('',(0.0270326975471832,0.0354350786821995,0.0115));
#17137=CARTESIAN_POINT('',(0.0270326975471832,0.0284354286821995,0.0115));
#17138=CARTESIAN_POINT('',(0.0270326975471832,0.0214357786821994,0.0115));
#17139=CARTESIAN_POINT('',(0.0270326975471832,0.0214357786821994,0.0115));
#17140=CARTESIAN_POINT('',(-0.151704217852817,0.0379594786821995,0.0181));
#17141=CARTESIAN_POINT('',(-0.151704217852817,0.0379594786821995,0.0115));
#17142=CARTESIAN_POINT('',(-0.151704217852817,0.0389594786821995,0.0115));
#17143=CARTESIAN_POINT('',(-0.151704217852817,0.0389594786821995,0.0181));
#17144=CARTESIAN_POINT('',(-0.151704217852817,0.0389594786821995,0.0171));
#17145=CARTESIAN_POINT('',(-0.151704217852817,0.0379594786821995,0.0171));
#17146=CARTESIAN_POINT('',(-0.151704217852817,-0.0382403283178006,0.0181));
#17147=CARTESIAN_POINT('',(-0.151704217852817,-0.0382403283178006,0.0171));
#17148=CARTESIAN_POINT('',(-0.151704217852817,-0.0392403283178006,0.0171));
#17149=CARTESIAN_POINT('',(-0.151704217852817,-0.0392403283178006,0.0181));
#17150=CARTESIAN_POINT('',(-0.151704217852817,-0.0392403283178006,0.0115));
#17151=CARTESIAN_POINT('',(-0.151704217852817,-0.0382403283178006,0.0115));
#17152=CARTESIAN_POINT('',(-0.151704217852817,0.0379594786821995,0.0171));
#17153=CARTESIAN_POINT('',(-0.151704217852817,0.0399594786821995,0.0171));
#17154=CARTESIAN_POINT('',(-0.151704217852817,0.0399102873392803,0.0180987893730821));
#17155=CARTESIAN_POINT('',(-0.151704217852817,0.0399102873392803,0.0180987893730821));
#17156=CARTESIAN_POINT('',(-0.151923109920049,0.0399102873392803,0.0180987893730821));
#17157=CARTESIAN_POINT('',(-0.152141646471958,0.0398893701158156,0.0181));
#17158=CARTESIAN_POINT('',(-0.152356750632893,0.039850034412911,0.0181));
#17159=CARTESIAN_POINT('',(-0.152356750632893,0.039850034412911,0.0181));
#17160=CARTESIAN_POINT('',(-0.151704217852817,0.0379594786821995,0.0181));
#17161=CARTESIAN_POINT('',(0.0126022923409939,-0.000140465587088974,0.0181));
#17162=CARTESIAN_POINT('',(0.0126022923409939,0.039850034412911,0.0181));
#17163=CARTESIAN_POINT('',(-0.153594707659006,0.039850034412911,0.0166));
#17164=CARTESIAN_POINT('',(-0.153594707659006,0.039850034412911,0.0166));
#17165=CARTESIAN_POINT('',(-0.153594707659006,-0.0401309655870889,0.0166));
#17166=CARTESIAN_POINT('',(-0.153594707659006,-0.0401309655870889,0.0166));
#17167=CARTESIAN_POINT('',(0.0126022923409939,-0.000140465587088974,0.0181));
#17168=CARTESIAN_POINT('',(0.180299292340994,-0.0401309655870889,0.0181));
#17169=CARTESIAN_POINT('',(-0.152356514346735,-0.0401309655870889,0.0181));
#17170=CARTESIAN_POINT('',(-0.151704217852817,-0.0382403283178006,0.0181));
#17171=CARTESIAN_POINT('',(-0.151704217852817,-0.0382403283178006,0.0171));
#17172=CARTESIAN_POINT('',(-0.151704217852817,-0.0401911736195262,0.0180987911771925));
#17173=CARTESIAN_POINT('',(-0.151923029599002,-0.0401911736195262,0.0180987911771925));
#17174=CARTESIAN_POINT('',(-0.152141486206985,-0.0401702719184073,0.0181));
#17175=CARTESIAN_POINT('',(-0.152356514346735,-0.040130965587089,0.0181));
#17176=CARTESIAN_POINT('',(-0.151704217852817,-0.0401911736195261,0.0180987911771925));
#17177=CARTESIAN_POINT('',(-0.151704217852817,-0.0402403283178006,0.0171));
#17178=CARTESIAN_POINT('',(0.0126022923409939,0.039850034412911,0.0166));
#17179=CARTESIAN_POINT('',(0.119757097547183,0.0399102873392803,0.0180987893730821));
#17180=CARTESIAN_POINT('',(0.0371,0.0399102873392803,0.0180987893730821));
#17181=CARTESIAN_POINT('',(0.0371,0.039850034412911,0.0166));
#17182=CARTESIAN_POINT('',(0.0371,0.041350034412911,0.0166));
#17183=CARTESIAN_POINT('',(0.0126022923409939,0.041350034412911,0.0166));
#17184=CARTESIAN_POINT('',(0.0126022923409939,0.0399594786821995,0.0171));
#17185=CARTESIAN_POINT('',(-0.152704217852817,0.0389594786821995,0.0171));
#17186=CARTESIAN_POINT('',(0.0371,0.0389594786821995,0.0171));
#17187=CARTESIAN_POINT('',(0.0371,0.0399594786821995,0.0171));
#17188=CARTESIAN_POINT('',(0.129282697547183,0.0389594786821995,0.0181));
#17189=CARTESIAN_POINT('',(0.0371,0.0389594786821995,0.0181));
#17190=CARTESIAN_POINT('',(0.0371,0.0389594786821995,0.0115));
#17191=CARTESIAN_POINT('',(0.0126022923409939,0.0389594786821995,0.0115));
#17192=CARTESIAN_POINT('',(0.0126022923409939,0.041350034412911,0.0115));
#17193=CARTESIAN_POINT('',(0.0371,0.041350034412911,0.0115));
#17194=CARTESIAN_POINT('',(0.0371,0.041350034412911,0.0085));
#17195=CARTESIAN_POINT('',(0.0126022923409939,0.041350034412911,0.0085));
#17196=CARTESIAN_POINT('',(0.0340326975471832,0.0354350786821995,0.0115));
#17197=CARTESIAN_POINT('',(0.0371,0.0354350786821995,0.0115));
#17198=CARTESIAN_POINT('',(0.0371,0.0354350786821995,0.0115));
#17199=CARTESIAN_POINT('',(0.0371,0.0354350786821995,0.0085));
#17200=CARTESIAN_POINT('',(0.0340326975471832,0.0354350786821995,0.0115));
#17201=CARTESIAN_POINT('',(0.0340326975471832,0.0354350786821995,0.0085));
#17202=CARTESIAN_POINT('',(0.0340326975471832,0.0214357786821995,0.0115));
#17203=CARTESIAN_POINT('',(0.0340326975471832,0.0214357786821995,0.0085));
#17204=CARTESIAN_POINT('',(0.0340326975471832,0.0214357786821995,0.0115));
#17205=CARTESIAN_POINT('',(0.0387951975471832,0.0163850786821995,0.0115));
#17206=CARTESIAN_POINT('',(0.0387951975471832,0.0163850786821995,0.0115));
#17207=CARTESIAN_POINT('',(0.0387951975471832,0.0163850786821995,0.0085));
#17208=CARTESIAN_POINT('',(0.0387951975471832,0.00238577868219948,0.0115));
#17209=CARTESIAN_POINT('',(0.0371,0.00238577868219948,0.0115));
#17210=CARTESIAN_POINT('',(0.0371,0.00238577868219948,0.0085));
#17211=CARTESIAN_POINT('',(0.0371,0.00238577868219948,0.0115));
#17212=CARTESIAN_POINT('',(0.0387951975471832,0.00238577868219948,0.0085));
#17213=CARTESIAN_POINT('',(0.0387951975471832,0.00238577868219948,0.0115));
#17214=CARTESIAN_POINT('',(0.0126022923409939,-0.0401309655870889,0.0166));
#17215=CARTESIAN_POINT('',(-0.155094707659006,-0.0416309655870889,0.0166));
#17216=CARTESIAN_POINT('',(0.0371,-0.0416309655870889,0.0166));
#17217=CARTESIAN_POINT('',(0.0371,-0.0401309655870889,0.0166));
#17218=CARTESIAN_POINT('',(0.0371,-0.0401911736195261,0.0180987911771925));
#17219=CARTESIAN_POINT('',(-0.151704217852817,-0.0401911736195261,0.0180987911771925));
#17220=CARTESIAN_POINT('',(0.156476397547183,-0.0402403283178005,0.0171));
#17221=CARTESIAN_POINT('',(0.0371,-0.0402403283178005,0.0171));
#17222=CARTESIAN_POINT('',(0.0371,-0.0392403283178005,0.0171));
#17223=CARTESIAN_POINT('',(0.156476397547183,-0.0392403283178005,0.0171));
#17224=CARTESIAN_POINT('',(0.156476397547183,-0.0392403283178005,0.0181));
#17225=CARTESIAN_POINT('',(0.0371,-0.0392403283178005,0.0181));
#17226=CARTESIAN_POINT('',(0.0371,-0.0392403283178005,0.0115));
#17227=CARTESIAN_POINT('',(0.0126022923409939,-0.0392403283178005,0.0115));
#17228=CARTESIAN_POINT('',(0.0126022923409939,-0.0416309655870889,0.0115));
#17229=CARTESIAN_POINT('',(0.0371,-0.0416309655870889,0.0115));
#17230=CARTESIAN_POINT('',(0.0371,-0.0416309655870889,0.0085));
#17231=CARTESIAN_POINT('',(0.0126022923409939,-0.0416309655870889,0.0085));
#17232=CARTESIAN_POINT('',(0.0126022923409939,-0.000140465587088974,0.0115));
#17233=CARTESIAN_POINT('',(0.0371,-0.000140465587088974,0.0115));
#17234=CARTESIAN_POINT('',(0.0371,-0.000140465587088974,0.0115));
#17235=CARTESIAN_POINT('',(0.0126022923409939,-0.000140465587088974,0.0085));
#17236=CARTESIAN_POINT('',(0.0371,-0.000140465587088974,0.0085));
#17237=CARTESIAN_POINT('',(0.0371,-0.000140465587088974,0.0085));
#17238=CARTESIAN_POINT('',(0.0371,0.,0.));
#17239=CARTESIAN_POINT('',(0.0371,0.,0.));
#17240=MECHANICAL_DESIGN_GEOMETRIC_PRESENTATION_REPRESENTATION('',(#10550),
#17244);
#17241=MECHANICAL_DESIGN_GEOMETRIC_PRESENTATION_REPRESENTATION('',(#10551),
#17245);
#17242=MECHANICAL_DESIGN_GEOMETRIC_PRESENTATION_REPRESENTATION('',(#10552),
#17246);
#17243=MECHANICAL_DESIGN_GEOMETRIC_PRESENTATION_REPRESENTATION('',(#10553),
#17247);
#17244=(
GEOMETRIC_REPRESENTATION_CONTEXT(3)
GLOBAL_UNCERTAINTY_ASSIGNED_CONTEXT((#17248))
GLOBAL_UNIT_ASSIGNED_CONTEXT((#17260,#17256,#17252))
REPRESENTATION_CONTEXT('Plate - Right','TOP_LEVEL_ASSEMBLY_PART')
);
#17245=(
GEOMETRIC_REPRESENTATION_CONTEXT(3)
GLOBAL_UNCERTAINTY_ASSIGNED_CONTEXT((#17249))
GLOBAL_UNIT_ASSIGNED_CONTEXT((#17261,#17257,#17253))
REPRESENTATION_CONTEXT('Base - Left','TOP_LEVEL_ASSEMBLY_PART')
);
#17246=(
GEOMETRIC_REPRESENTATION_CONTEXT(3)
GLOBAL_UNCERTAINTY_ASSIGNED_CONTEXT((#17250))
GLOBAL_UNIT_ASSIGNED_CONTEXT((#17262,#17258,#17254))
REPRESENTATION_CONTEXT('Base - Right','TOP_LEVEL_ASSEMBLY_PART')
);
#17247=(
GEOMETRIC_REPRESENTATION_CONTEXT(3)
GLOBAL_UNCERTAINTY_ASSIGNED_CONTEXT((#17251))
GLOBAL_UNIT_ASSIGNED_CONTEXT((#17263,#17259,#17255))
REPRESENTATION_CONTEXT('Plate - Left','TOP_LEVEL_ASSEMBLY_PART')
);
#17248=UNCERTAINTY_MEASURE_WITH_UNIT(LENGTH_MEASURE(2.E-5),#17260,
'DISTANCE_ACCURACY_VALUE','Maximum Tolerance applied to model');
#17249=UNCERTAINTY_MEASURE_WITH_UNIT(LENGTH_MEASURE(1.E-8),#17261,
'DISTANCE_ACCURACY_VALUE','Maximum Tolerance applied to model');
#17250=UNCERTAINTY_MEASURE_WITH_UNIT(LENGTH_MEASURE(1.E-8),#17262,
'DISTANCE_ACCURACY_VALUE','Maximum Tolerance applied to model');
#17251=UNCERTAINTY_MEASURE_WITH_UNIT(LENGTH_MEASURE(2.E-5),#17263,
'DISTANCE_ACCURACY_VALUE','Maximum Tolerance applied to model');
#17252=(
NAMED_UNIT(*)
SI_UNIT($,.STERADIAN.)
SOLID_ANGLE_UNIT()
);
#17253=(
NAMED_UNIT(*)
SI_UNIT($,.STERADIAN.)
SOLID_ANGLE_UNIT()
);
#17254=(
NAMED_UNIT(*)
SI_UNIT($,.STERADIAN.)
SOLID_ANGLE_UNIT()
);
#17255=(
NAMED_UNIT(*)
SI_UNIT($,.STERADIAN.)
SOLID_ANGLE_UNIT()
);
#17256=(
NAMED_UNIT(*)
PLANE_ANGLE_UNIT()
SI_UNIT($,.RADIAN.)
);
#17257=(
NAMED_UNIT(*)
PLANE_ANGLE_UNIT()
SI_UNIT($,.RADIAN.)
);
#17258=(
NAMED_UNIT(*)
PLANE_ANGLE_UNIT()
SI_UNIT($,.RADIAN.)
);
#17259=(
NAMED_UNIT(*)
PLANE_ANGLE_UNIT()
SI_UNIT($,.RADIAN.)
);
#17260=(
LENGTH_UNIT()
NAMED_UNIT(*)
SI_UNIT($,.METRE.)
);
#17261=(
LENGTH_UNIT()
NAMED_UNIT(*)
SI_UNIT($,.METRE.)
);
#17262=(
LENGTH_UNIT()
NAMED_UNIT(*)
SI_UNIT($,.METRE.)
);
#17263=(
LENGTH_UNIT()
NAMED_UNIT(*)
SI_UNIT($,.METRE.)
);
#17264=PRODUCT_DEFINITION_SHAPE('','',#17268);
#17265=PRODUCT_DEFINITION_SHAPE('','',#17269);
#17266=PRODUCT_DEFINITION_SHAPE('','',#17270);
#17267=PRODUCT_DEFINITION_SHAPE('','',#17271);
#17268=PRODUCT_DEFINITION('','',#17276,#17272);
#17269=PRODUCT_DEFINITION('','',#17277,#17273);
#17270=PRODUCT_DEFINITION('','',#17278,#17274);
#17271=PRODUCT_DEFINITION('','',#17279,#17275);
#17272=PRODUCT_DEFINITION_CONTEXT('',#17300,'design');
#17273=PRODUCT_DEFINITION_CONTEXT('',#17301,'design');
#17274=PRODUCT_DEFINITION_CONTEXT('',#17302,'design');
#17275=PRODUCT_DEFINITION_CONTEXT('',#17303,'design');
#17276=PRODUCT_DEFINITION_FORMATION_WITH_SPECIFIED_SOURCE('','',#17284,
 .NOT_KNOWN.);
#17277=PRODUCT_DEFINITION_FORMATION_WITH_SPECIFIED_SOURCE('','',#17285,
 .NOT_KNOWN.);
#17278=PRODUCT_DEFINITION_FORMATION_WITH_SPECIFIED_SOURCE('','',#17286,
 .NOT_KNOWN.);
#17279=PRODUCT_DEFINITION_FORMATION_WITH_SPECIFIED_SOURCE('','',#17287,
 .NOT_KNOWN.);
#17280=PRODUCT_RELATED_PRODUCT_CATEGORY('','',(#17284));
#17281=PRODUCT_RELATED_PRODUCT_CATEGORY('','',(#17285));
#17282=PRODUCT_RELATED_PRODUCT_CATEGORY('','',(#17286));
#17283=PRODUCT_RELATED_PRODUCT_CATEGORY('','',(#17287));
#17284=PRODUCT('Plate - Right','Plate - Right','Plate - Right',(#17292));
#17285=PRODUCT('Base - Left','Base - Left','Base - Left',(#17293));
#17286=PRODUCT('Base - Right','Base - Right','Base - Right',(#17294));
#17287=PRODUCT('Plate - Left','Plate - Left','Plate - Left',(#17295));
#17288=PRODUCT_CATEGORY('','');
#17289=PRODUCT_CATEGORY('','');
#17290=PRODUCT_CATEGORY('','');
#17291=PRODUCT_CATEGORY('','');
#17292=PRODUCT_CONTEXT('',#17300,'mechanical');
#17293=PRODUCT_CONTEXT('',#17301,'mechanical');
#17294=PRODUCT_CONTEXT('',#17302,'mechanical');
#17295=PRODUCT_CONTEXT('',#17303,'mechanical');
#17296=APPLICATION_PROTOCOL_DEFINITION('international standard',
'ap242_managed_model_based_3d_engineering',2011,#17300);
#17297=APPLICATION_PROTOCOL_DEFINITION('international standard',
'ap242_managed_model_based_3d_engineering',2011,#17301);
#17298=APPLICATION_PROTOCOL_DEFINITION('international standard',
'ap242_managed_model_based_3d_engineering',2011,#17302);
#17299=APPLICATION_PROTOCOL_DEFINITION('international standard',
'ap242_managed_model_based_3d_engineering',2011,#17303);
#17300=APPLICATION_CONTEXT('managed model based 3d engineering');
#17301=APPLICATION_CONTEXT('managed model based 3d engineering');
#17302=APPLICATION_CONTEXT('managed model based 3d engineering');
#17303=APPLICATION_CONTEXT('managed model based 3d engineering');
ENDSEC;
END-ISO-10303-21;
